id,full_id,osm_id,osm_type,leisure,image,boules,ruins,heating,playground,location,material,capacity,fitness_st,golf_cours,was_religi,was_denomi,disused_am,artwork_ty,artist_nam,private,smoking,payment_no,payment_de,payment_cr,payment_co,service,highway,contact_yo,contact_in,abandoned_,hoops,operator_g,source_old,old_name_1,ref,payment_vi,payment__1,payment_ma,payment_ch,payment_ca,disused,shade,roof_shape,roof_orien,roof_mater,roof_colou,golf,dance_teac,operator_w,operator_1,opening_ho,toilets_wh,source_nam,alt_name_g,swimming_p,length,logainm_ur,logainm_re,addr_posta,covered,source_own,source_acc,owner,descriptio,memorial,historic,old_name,internet_a,internet_1,internet_2,addr_unit,addr_full,addr_count,fence_type,brand_wiki,brand_wi_1,brand,branch,contact_tw,contact_fa,gaelic_gam,notes,indoor,old_use,name_etymo,name_ety_1,motor_vehi,foot,bicycle,gaelic_g_1,wheelchair,club,building_l,loc_name,etymology_,natural,landcover,layer,short_name,name_it,operator_t,garden_typ,year_built,contact_tr,contact_fo,architect,wikimedia_,uav,official_n,dog,contact_we,landuse,name_ko,name_fa,barrier,ref_natura,protect_cl,boundary,lit,access,alt_name,lanes,opening__1,name_en,wikipedia,wikidata,tourism,operator,name_zh,fee,surface,sport,embankment,cycling,email,addr_house,start_date,name_ga,website,phone,fax,building,amenity,addr_stree,addr_postc,addr_hou_1,addr_city,type,name,golf_cou_1,golf_cou_2,wetland,tidal,salt,path,distance,angle,xcoord,ycoord
1,r7544494,7544494,relation,nature_reserve,,,,,,,,,,,,,,,,,,,,,,,,,,,,,,,,,,,,,,,,,,,,,,,,,,,,,,,,,,,,,,,,,,,,,,,,,,,,,,,,,,,,,,,,,,,,,,,,,,,,,,,,,,,,,,,,IE0004006,97,protected_area,,,,,,,,,,,,,,,,,,,,,,,,,,,,,,multipolygon,North Bull Island Special Protection Area,,,,,,/Users/kevincredit/Library/CloudStorage/OneDrive-MaynoothUniversity/D8Dash paper/BSpace.shp|layername=BSpace,0,222.506316017041001,-6.144782276,53.29815181
2,r7544494,7544494,relation,nature_reserve,,,,,,,,,,,,,,,,,,,,,,,,,,,,,,,,,,,,,,,,,,,,,,,,,,,,,,,,,,,,,,,,,,,,,,,,,,,,,,,,,,,,,,,,,,,,,,,,,,,,,,,,,,,,,,,,IE0004006,97,protected_area,,,,,,,,,,,,,,,,,,,,,,,,,,,,,,multipolygon,North Bull Island Special Protection Area,,,,,,/Users/kevincredit/Library/CloudStorage/OneDrive-MaynoothUniversity/D8Dash paper/BSpace.shp|layername=BSpace,100.000000000000000,223.594328774950412,-6.145916166,53.29747374
3,r7544494,7544494,relation,nature_reserve,,,,,,,,,,,,,,,,,,,,,,,,,,,,,,,,,,,,,,,,,,,,,,,,,,,,,,,,,,,,,,,,,,,,,,,,,,,,,,,,,,,,,,,,,,,,,,,,,,,,,,,,,,,,,,,,IE0004006,97,protected_area,,,,,,,,,,,,,,,,,,,,,,,,,,,,,,multipolygon,North Bull Island Special Protection Area,,,,,,/Users/kevincredit/Library/CloudStorage/OneDrive-MaynoothUniversity/D8Dash paper/BSpace.shp|layername=BSpace,200.000000000000000,304.774195558418455,-6.146813191,53.2969971
4,r7544494,7544494,relation,nature_reserve,,,,,,,,,,,,,,,,,,,,,,,,,,,,,,,,,,,,,,,,,,,,,,,,,,,,,,,,,,,,,,,,,,,,,,,,,,,,,,,,,,,,,,,,,,,,,,,,,,,,,,,,,,,,,,,,IE0004006,97,protected_area,,,,,,,,,,,,,,,,,,,,,,,,,,,,,,multipolygon,North Bull Island Special Protection Area,,,,,,/Users/kevincredit/Library/CloudStorage/OneDrive-MaynoothUniversity/D8Dash paper/BSpace.shp|layername=BSpace,300.000000000000000,278.530587653270288,-6.148361791,53.2970895
5,r7544494,7544494,relation,nature_reserve,,,,,,,,,,,,,,,,,,,,,,,,,,,,,,,,,,,,,,,,,,,,,,,,,,,,,,,,,,,,,,,,,,,,,,,,,,,,,,,,,,,,,,,,,,,,,,,,,,,,,,,,,,,,,,,,IE0004006,97,protected_area,,,,,,,,,,,,,,,,,,,,,,,,,,,,,,multipolygon,North Bull Island Special Protection Area,,,,,,/Users/kevincredit/Library/CloudStorage/OneDrive-MaynoothUniversity/D8Dash paper/BSpace.shp|layername=BSpace,400.000000000000000,282.010201420420117,-6.148628291,53.2970018
6,r7544494,7544494,relation,nature_reserve,,,,,,,,,,,,,,,,,,,,,,,,,,,,,,,,,,,,,,,,,,,,,,,,,,,,,,,,,,,,,,,,,,,,,,,,,,,,,,,,,,,,,,,,,,,,,,,,,,,,,,,,,,,,,,,,IE0004006,97,protected_area,,,,,,,,,,,,,,,,,,,,,,,,,,,,,,multipolygon,North Bull Island Special Protection Area,,,,,,/Users/kevincredit/Library/CloudStorage/OneDrive-MaynoothUniversity/D8Dash paper/BSpace.shp|layername=BSpace,500.000000000000000,213.583230801475167,-6.149855875,53.29597417
7,r7544494,7544494,relation,nature_reserve,,,,,,,,,,,,,,,,,,,,,,,,,,,,,,,,,,,,,,,,,,,,,,,,,,,,,,,,,,,,,,,,,,,,,,,,,,,,,,,,,,,,,,,,,,,,,,,,,,,,,,,,,,,,,,,,IE0004006,97,protected_area,,,,,,,,,,,,,,,,,,,,,,,,,,,,,,multipolygon,North Bull Island Special Protection Area,,,,,,/Users/kevincredit/Library/CloudStorage/OneDrive-MaynoothUniversity/D8Dash paper/BSpace.shp|layername=BSpace,600.000000000000000,169.939572338094791,-6.150472771,53.29589771
8,r7544494,7544494,relation,nature_reserve,,,,,,,,,,,,,,,,,,,,,,,,,,,,,,,,,,,,,,,,,,,,,,,,,,,,,,,,,,,,,,,,,,,,,,,,,,,,,,,,,,,,,,,,,,,,,,,,,,,,,,,,,,,,,,,,IE0004006,97,protected_area,,,,,,,,,,,,,,,,,,,,,,,,,,,,,,multipolygon,North Bull Island Special Protection Area,,,,,,/Users/kevincredit/Library/CloudStorage/OneDrive-MaynoothUniversity/D8Dash paper/BSpace.shp|layername=BSpace,700.000000000000000,184.180497685242386,-6.150473691,53.2958976
9,r7544494,7544494,relation,nature_reserve,,,,,,,,,,,,,,,,,,,,,,,,,,,,,,,,,,,,,,,,,,,,,,,,,,,,,,,,,,,,,,,,,,,,,,,,,,,,,,,,,,,,,,,,,,,,,,,,,,,,,,,,,,,,,,,,IE0004006,97,protected_area,,,,,,,,,,,,,,,,,,,,,,,,,,,,,,multipolygon,North Bull Island Special Protection Area,,,,,,/Users/kevincredit/Library/CloudStorage/OneDrive-MaynoothUniversity/D8Dash paper/BSpace.shp|layername=BSpace,800.000000000000000,271.262419769068060,-6.151803991,53.295201
10,r7544494,7544494,relation,nature_reserve,,,,,,,,,,,,,,,,,,,,,,,,,,,,,,,,,,,,,,,,,,,,,,,,,,,,,,,,,,,,,,,,,,,,,,,,,,,,,,,,,,,,,,,,,,,,,,,,,,,,,,,,,,,,,,,,IE0004006,97,protected_area,,,,,,,,,,,,,,,,,,,,,,,,,,,,,,multipolygon,North Bull Island Special Protection Area,,,,,,/Users/kevincredit/Library/CloudStorage/OneDrive-MaynoothUniversity/D8Dash paper/BSpace.shp|layername=BSpace,900.000000000000000,274.653968168587824,-6.152827496,53.29528303
11,r7544494,7544494,relation,nature_reserve,,,,,,,,,,,,,,,,,,,,,,,,,,,,,,,,,,,,,,,,,,,,,,,,,,,,,,,,,,,,,,,,,,,,,,,,,,,,,,,,,,,,,,,,,,,,,,,,,,,,,,,,,,,,,,,,IE0004006,97,protected_area,,,,,,,,,,,,,,,,,,,,,,,,,,,,,,multipolygon,North Bull Island Special Protection Area,,,,,,/Users/kevincredit/Library/CloudStorage/OneDrive-MaynoothUniversity/D8Dash paper/BSpace.shp|layername=BSpace,1000.000000000000000,283.953479674308028,-6.154738548,53.29513929
12,r7544494,7544494,relation,nature_reserve,,,,,,,,,,,,,,,,,,,,,,,,,,,,,,,,,,,,,,,,,,,,,,,,,,,,,,,,,,,,,,,,,,,,,,,,,,,,,,,,,,,,,,,,,,,,,,,,,,,,,,,,,,,,,,,,IE0004006,97,protected_area,,,,,,,,,,,,,,,,,,,,,,,,,,,,,,multipolygon,North Bull Island Special Protection Area,,,,,,/Users/kevincredit/Library/CloudStorage/OneDrive-MaynoothUniversity/D8Dash paper/BSpace.shp|layername=BSpace,1100.000000000000000,290.667027365603701,-6.156148662,53.29553889
13,r7544494,7544494,relation,nature_reserve,,,,,,,,,,,,,,,,,,,,,,,,,,,,,,,,,,,,,,,,,,,,,,,,,,,,,,,,,,,,,,,,,,,,,,,,,,,,,,,,,,,,,,,,,,,,,,,,,,,,,,,,,,,,,,,,IE0004006,97,protected_area,,,,,,,,,,,,,,,,,,,,,,,,,,,,,,multipolygon,North Bull Island Special Protection Area,,,,,,/Users/kevincredit/Library/CloudStorage/OneDrive-MaynoothUniversity/D8Dash paper/BSpace.shp|layername=BSpace,1200.000000000000000,300.081749694204973,-6.157387825,53.2959234
14,r7544494,7544494,relation,nature_reserve,,,,,,,,,,,,,,,,,,,,,,,,,,,,,,,,,,,,,,,,,,,,,,,,,,,,,,,,,,,,,,,,,,,,,,,,,,,,,,,,,,,,,,,,,,,,,,,,,,,,,,,,,,,,,,,,IE0004006,97,protected_area,,,,,,,,,,,,,,,,,,,,,,,,,,,,,,multipolygon,North Bull Island Special Protection Area,,,,,,/Users/kevincredit/Library/CloudStorage/OneDrive-MaynoothUniversity/D8Dash paper/BSpace.shp|layername=BSpace,1300.000000000000000,298.934792840947409,-6.158748883,53.29642722
15,r7544494,7544494,relation,nature_reserve,,,,,,,,,,,,,,,,,,,,,,,,,,,,,,,,,,,,,,,,,,,,,,,,,,,,,,,,,,,,,,,,,,,,,,,,,,,,,,,,,,,,,,,,,,,,,,,,,,,,,,,,,,,,,,,,IE0004006,97,protected_area,,,,,,,,,,,,,,,,,,,,,,,,,,,,,,multipolygon,North Bull Island Special Protection Area,,,,,,/Users/kevincredit/Library/CloudStorage/OneDrive-MaynoothUniversity/D8Dash paper/BSpace.shp|layername=BSpace,1400.000000000000000,302.230169506032780,-6.159566087,53.29690721
16,r7544494,7544494,relation,nature_reserve,,,,,,,,,,,,,,,,,,,,,,,,,,,,,,,,,,,,,,,,,,,,,,,,,,,,,,,,,,,,,,,,,,,,,,,,,,,,,,,,,,,,,,,,,,,,,,,,,,,,,,,,,,,,,,,,IE0004006,97,protected_area,,,,,,,,,,,,,,,,,,,,,,,,,,,,,,multipolygon,North Bull Island Special Protection Area,,,,,,/Users/kevincredit/Library/CloudStorage/OneDrive-MaynoothUniversity/D8Dash paper/BSpace.shp|layername=BSpace,1500.000000000000000,7.784888144032604,-6.160072792,53.29768586
17,r7544494,7544494,relation,nature_reserve,,,,,,,,,,,,,,,,,,,,,,,,,,,,,,,,,,,,,,,,,,,,,,,,,,,,,,,,,,,,,,,,,,,,,,,,,,,,,,,,,,,,,,,,,,,,,,,,,,,,,,,,,,,,,,,,IE0004006,97,protected_area,,,,,,,,,,,,,,,,,,,,,,,,,,,,,,multipolygon,North Bull Island Special Protection Area,,,,,,/Users/kevincredit/Library/CloudStorage/OneDrive-MaynoothUniversity/D8Dash paper/BSpace.shp|layername=BSpace,1600.000000000000000,327.536784147784090,-6.16013693,53.29819953
18,r7544494,7544494,relation,nature_reserve,,,,,,,,,,,,,,,,,,,,,,,,,,,,,,,,,,,,,,,,,,,,,,,,,,,,,,,,,,,,,,,,,,,,,,,,,,,,,,,,,,,,,,,,,,,,,,,,,,,,,,,,,,,,,,,,IE0004006,97,protected_area,,,,,,,,,,,,,,,,,,,,,,,,,,,,,,multipolygon,North Bull Island Special Protection Area,,,,,,/Users/kevincredit/Library/CloudStorage/OneDrive-MaynoothUniversity/D8Dash paper/BSpace.shp|layername=BSpace,1700.000000000000000,288.223154619200841,-6.160181095,53.2983523
19,r7544494,7544494,relation,nature_reserve,,,,,,,,,,,,,,,,,,,,,,,,,,,,,,,,,,,,,,,,,,,,,,,,,,,,,,,,,,,,,,,,,,,,,,,,,,,,,,,,,,,,,,,,,,,,,,,,,,,,,,,,,,,,,,,,IE0004006,97,protected_area,,,,,,,,,,,,,,,,,,,,,,,,,,,,,,multipolygon,North Bull Island Special Protection Area,,,,,,/Users/kevincredit/Library/CloudStorage/OneDrive-MaynoothUniversity/D8Dash paper/BSpace.shp|layername=BSpace,1800.000000000000000,296.682938205218477,-6.162777027,53.29817305
20,r7544494,7544494,relation,nature_reserve,,,,,,,,,,,,,,,,,,,,,,,,,,,,,,,,,,,,,,,,,,,,,,,,,,,,,,,,,,,,,,,,,,,,,,,,,,,,,,,,,,,,,,,,,,,,,,,,,,,,,,,,,,,,,,,,IE0004006,97,protected_area,,,,,,,,,,,,,,,,,,,,,,,,,,,,,,multipolygon,North Bull Island Special Protection Area,,,,,,/Users/kevincredit/Library/CloudStorage/OneDrive-MaynoothUniversity/D8Dash paper/BSpace.shp|layername=BSpace,1900.000000000000000,273.221943968634605,-6.163876451,53.29833695
21,r7544494,7544494,relation,nature_reserve,,,,,,,,,,,,,,,,,,,,,,,,,,,,,,,,,,,,,,,,,,,,,,,,,,,,,,,,,,,,,,,,,,,,,,,,,,,,,,,,,,,,,,,,,,,,,,,,,,,,,,,,,,,,,,,,IE0004006,97,protected_area,,,,,,,,,,,,,,,,,,,,,,,,,,,,,,multipolygon,North Bull Island Special Protection Area,,,,,,/Users/kevincredit/Library/CloudStorage/OneDrive-MaynoothUniversity/D8Dash paper/BSpace.shp|layername=BSpace,2000.000000000000000,295.667828164947366,-6.165622091,53.2989473
22,r7544494,7544494,relation,nature_reserve,,,,,,,,,,,,,,,,,,,,,,,,,,,,,,,,,,,,,,,,,,,,,,,,,,,,,,,,,,,,,,,,,,,,,,,,,,,,,,,,,,,,,,,,,,,,,,,,,,,,,,,,,,,,,,,,IE0004006,97,protected_area,,,,,,,,,,,,,,,,,,,,,,,,,,,,,,multipolygon,North Bull Island Special Protection Area,,,,,,/Users/kevincredit/Library/CloudStorage/OneDrive-MaynoothUniversity/D8Dash paper/BSpace.shp|layername=BSpace,2100.000000000000000,293.942086474095277,-6.166632591,53.2990262
23,r7544494,7544494,relation,nature_reserve,,,,,,,,,,,,,,,,,,,,,,,,,,,,,,,,,,,,,,,,,,,,,,,,,,,,,,,,,,,,,,,,,,,,,,,,,,,,,,,,,,,,,,,,,,,,,,,,,,,,,,,,,,,,,,,,IE0004006,97,protected_area,,,,,,,,,,,,,,,,,,,,,,,,,,,,,,multipolygon,North Bull Island Special Protection Area,,,,,,/Users/kevincredit/Library/CloudStorage/OneDrive-MaynoothUniversity/D8Dash paper/BSpace.shp|layername=BSpace,2200.000000000000000,292.178998547063657,-6.167379891,53.2992001
24,r7544494,7544494,relation,nature_reserve,,,,,,,,,,,,,,,,,,,,,,,,,,,,,,,,,,,,,,,,,,,,,,,,,,,,,,,,,,,,,,,,,,,,,,,,,,,,,,,,,,,,,,,,,,,,,,,,,,,,,,,,,,,,,,,,IE0004006,97,protected_area,,,,,,,,,,,,,,,,,,,,,,,,,,,,,,multipolygon,North Bull Island Special Protection Area,,,,,,/Users/kevincredit/Library/CloudStorage/OneDrive-MaynoothUniversity/D8Dash paper/BSpace.shp|layername=BSpace,2300.000000000000000,311.936809121875342,-6.169819191,53.2999315
25,r7544494,7544494,relation,nature_reserve,,,,,,,,,,,,,,,,,,,,,,,,,,,,,,,,,,,,,,,,,,,,,,,,,,,,,,,,,,,,,,,,,,,,,,,,,,,,,,,,,,,,,,,,,,,,,,,,,,,,,,,,,,,,,,,,IE0004006,97,protected_area,,,,,,,,,,,,,,,,,,,,,,,,,,,,,,multipolygon,North Bull Island Special Protection Area,,,,,,/Users/kevincredit/Library/CloudStorage/OneDrive-MaynoothUniversity/D8Dash paper/BSpace.shp|layername=BSpace,2400.000000000000000,355.297707372256241,-6.170568815,53.30010086
26,r7544494,7544494,relation,nature_reserve,,,,,,,,,,,,,,,,,,,,,,,,,,,,,,,,,,,,,,,,,,,,,,,,,,,,,,,,,,,,,,,,,,,,,,,,,,,,,,,,,,,,,,,,,,,,,,,,,,,,,,,,,,,,,,,,IE0004006,97,protected_area,,,,,,,,,,,,,,,,,,,,,,,,,,,,,,multipolygon,North Bull Island Special Protection Area,,,,,,/Users/kevincredit/Library/CloudStorage/OneDrive-MaynoothUniversity/D8Dash paper/BSpace.shp|layername=BSpace,2500.000000000000000,19.499838871792967,-6.171200757,53.30024364
27,r7544494,7544494,relation,nature_reserve,,,,,,,,,,,,,,,,,,,,,,,,,,,,,,,,,,,,,,,,,,,,,,,,,,,,,,,,,,,,,,,,,,,,,,,,,,,,,,,,,,,,,,,,,,,,,,,,,,,,,,,,,,,,,,,,IE0004006,97,protected_area,,,,,,,,,,,,,,,,,,,,,,,,,,,,,,multipolygon,North Bull Island Special Protection Area,,,,,,/Users/kevincredit/Library/CloudStorage/OneDrive-MaynoothUniversity/D8Dash paper/BSpace.shp|layername=BSpace,2600.000000000000000,304.184601635538854,-6.17146802,53.30027625
28,r7544494,7544494,relation,nature_reserve,,,,,,,,,,,,,,,,,,,,,,,,,,,,,,,,,,,,,,,,,,,,,,,,,,,,,,,,,,,,,,,,,,,,,,,,,,,,,,,,,,,,,,,,,,,,,,,,,,,,,,,,,,,,,,,,IE0004006,97,protected_area,,,,,,,,,,,,,,,,,,,,,,,,,,,,,,multipolygon,North Bull Island Special Protection Area,,,,,,/Users/kevincredit/Library/CloudStorage/OneDrive-MaynoothUniversity/D8Dash paper/BSpace.shp|layername=BSpace,2700.000000000000000,289.548457785950291,-6.171645417,53.30024704
29,r7544494,7544494,relation,nature_reserve,,,,,,,,,,,,,,,,,,,,,,,,,,,,,,,,,,,,,,,,,,,,,,,,,,,,,,,,,,,,,,,,,,,,,,,,,,,,,,,,,,,,,,,,,,,,,,,,,,,,,,,,,,,,,,,,IE0004006,97,protected_area,,,,,,,,,,,,,,,,,,,,,,,,,,,,,,multipolygon,North Bull Island Special Protection Area,,,,,,/Users/kevincredit/Library/CloudStorage/OneDrive-MaynoothUniversity/D8Dash paper/BSpace.shp|layername=BSpace,2800.000000000000000,287.530478527724597,-6.174423191,53.3013173
30,r7544494,7544494,relation,nature_reserve,,,,,,,,,,,,,,,,,,,,,,,,,,,,,,,,,,,,,,,,,,,,,,,,,,,,,,,,,,,,,,,,,,,,,,,,,,,,,,,,,,,,,,,,,,,,,,,,,,,,,,,,,,,,,,,,IE0004006,97,protected_area,,,,,,,,,,,,,,,,,,,,,,,,,,,,,,multipolygon,North Bull Island Special Protection Area,,,,,,/Users/kevincredit/Library/CloudStorage/OneDrive-MaynoothUniversity/D8Dash paper/BSpace.shp|layername=BSpace,2900.000000000000000,303.600102942745025,-6.174916009,53.30148689
31,r7544494,7544494,relation,nature_reserve,,,,,,,,,,,,,,,,,,,,,,,,,,,,,,,,,,,,,,,,,,,,,,,,,,,,,,,,,,,,,,,,,,,,,,,,,,,,,,,,,,,,,,,,,,,,,,,,,,,,,,,,,,,,,,,,IE0004006,97,protected_area,,,,,,,,,,,,,,,,,,,,,,,,,,,,,,multipolygon,North Bull Island Special Protection Area,,,,,,/Users/kevincredit/Library/CloudStorage/OneDrive-MaynoothUniversity/D8Dash paper/BSpace.shp|layername=BSpace,3000.000000000000000,293.404301568681319,-6.176265784,53.30190145
32,r7544494,7544494,relation,nature_reserve,,,,,,,,,,,,,,,,,,,,,,,,,,,,,,,,,,,,,,,,,,,,,,,,,,,,,,,,,,,,,,,,,,,,,,,,,,,,,,,,,,,,,,,,,,,,,,,,,,,,,,,,,,,,,,,,IE0004006,97,protected_area,,,,,,,,,,,,,,,,,,,,,,,,,,,,,,multipolygon,North Bull Island Special Protection Area,,,,,,/Users/kevincredit/Library/CloudStorage/OneDrive-MaynoothUniversity/D8Dash paper/BSpace.shp|layername=BSpace,3100.000000000000000,303.240657488275417,-6.177160791,53.3021839
33,r7544494,7544494,relation,nature_reserve,,,,,,,,,,,,,,,,,,,,,,,,,,,,,,,,,,,,,,,,,,,,,,,,,,,,,,,,,,,,,,,,,,,,,,,,,,,,,,,,,,,,,,,,,,,,,,,,,,,,,,,,,,,,,,,,IE0004006,97,protected_area,,,,,,,,,,,,,,,,,,,,,,,,,,,,,,multipolygon,North Bull Island Special Protection Area,,,,,,/Users/kevincredit/Library/CloudStorage/OneDrive-MaynoothUniversity/D8Dash paper/BSpace.shp|layername=BSpace,3200.000000000000000,299.953304243229752,-6.178438991,53.3025953
34,r7544494,7544494,relation,nature_reserve,,,,,,,,,,,,,,,,,,,,,,,,,,,,,,,,,,,,,,,,,,,,,,,,,,,,,,,,,,,,,,,,,,,,,,,,,,,,,,,,,,,,,,,,,,,,,,,,,,,,,,,,,,,,,,,,IE0004006,97,protected_area,,,,,,,,,,,,,,,,,,,,,,,,,,,,,,multipolygon,North Bull Island Special Protection Area,,,,,,/Users/kevincredit/Library/CloudStorage/OneDrive-MaynoothUniversity/D8Dash paper/BSpace.shp|layername=BSpace,3300.000000000000000,301.997034371743780,-6.179033291,53.3027075
35,r7544494,7544494,relation,nature_reserve,,,,,,,,,,,,,,,,,,,,,,,,,,,,,,,,,,,,,,,,,,,,,,,,,,,,,,,,,,,,,,,,,,,,,,,,,,,,,,,,,,,,,,,,,,,,,,,,,,,,,,,,,,,,,,,,IE0004006,97,protected_area,,,,,,,,,,,,,,,,,,,,,,,,,,,,,,multipolygon,North Bull Island Special Protection Area,,,,,,/Users/kevincredit/Library/CloudStorage/OneDrive-MaynoothUniversity/D8Dash paper/BSpace.shp|layername=BSpace,3400.000000000000000,301.740410344048144,-6.179033291,53.3027075
36,r7544494,7544494,relation,nature_reserve,,,,,,,,,,,,,,,,,,,,,,,,,,,,,,,,,,,,,,,,,,,,,,,,,,,,,,,,,,,,,,,,,,,,,,,,,,,,,,,,,,,,,,,,,,,,,,,,,,,,,,,,,,,,,,,,IE0004006,97,protected_area,,,,,,,,,,,,,,,,,,,,,,,,,,,,,,multipolygon,North Bull Island Special Protection Area,,,,,,/Users/kevincredit/Library/CloudStorage/OneDrive-MaynoothUniversity/D8Dash paper/BSpace.shp|layername=BSpace,3500.000000000000000,301.740410344048144,-6.184081479,53.30312852
37,r7544494,7544494,relation,nature_reserve,,,,,,,,,,,,,,,,,,,,,,,,,,,,,,,,,,,,,,,,,,,,,,,,,,,,,,,,,,,,,,,,,,,,,,,,,,,,,,,,,,,,,,,,,,,,,,,,,,,,,,,,,,,,,,,,IE0004006,97,protected_area,,,,,,,,,,,,,,,,,,,,,,,,,,,,,,multipolygon,North Bull Island Special Protection Area,,,,,,/Users/kevincredit/Library/CloudStorage/OneDrive-MaynoothUniversity/D8Dash paper/BSpace.shp|layername=BSpace,3600.000000000000000,301.701968890411990,-6.184911854,53.30363442
38,r7544494,7544494,relation,nature_reserve,,,,,,,,,,,,,,,,,,,,,,,,,,,,,,,,,,,,,,,,,,,,,,,,,,,,,,,,,,,,,,,,,,,,,,,,,,,,,,,,,,,,,,,,,,,,,,,,,,,,,,,,,,,,,,,,IE0004006,97,protected_area,,,,,,,,,,,,,,,,,,,,,,,,,,,,,,multipolygon,North Bull Island Special Protection Area,,,,,,/Users/kevincredit/Library/CloudStorage/OneDrive-MaynoothUniversity/D8Dash paper/BSpace.shp|layername=BSpace,3700.000000000000000,301.701968890411990,-6.186253791,53.3047804
39,r7544494,7544494,relation,nature_reserve,,,,,,,,,,,,,,,,,,,,,,,,,,,,,,,,,,,,,,,,,,,,,,,,,,,,,,,,,,,,,,,,,,,,,,,,,,,,,,,,,,,,,,,,,,,,,,,,,,,,,,,,,,,,,,,,IE0004006,97,protected_area,,,,,,,,,,,,,,,,,,,,,,,,,,,,,,multipolygon,North Bull Island Special Protection Area,,,,,,/Users/kevincredit/Library/CloudStorage/OneDrive-MaynoothUniversity/D8Dash paper/BSpace.shp|layername=BSpace,3800.000000000000000,301.657143327352969,-6.186585991,53.3049814
40,r7544494,7544494,relation,nature_reserve,,,,,,,,,,,,,,,,,,,,,,,,,,,,,,,,,,,,,,,,,,,,,,,,,,,,,,,,,,,,,,,,,,,,,,,,,,,,,,,,,,,,,,,,,,,,,,,,,,,,,,,,,,,,,,,,IE0004006,97,protected_area,,,,,,,,,,,,,,,,,,,,,,,,,,,,,,multipolygon,North Bull Island Special Protection Area,,,,,,/Users/kevincredit/Library/CloudStorage/OneDrive-MaynoothUniversity/D8Dash paper/BSpace.shp|layername=BSpace,3900.000000000000000,301.657143327352969,-6.18795965,53.30566337
41,r7544494,7544494,relation,nature_reserve,,,,,,,,,,,,,,,,,,,,,,,,,,,,,,,,,,,,,,,,,,,,,,,,,,,,,,,,,,,,,,,,,,,,,,,,,,,,,,,,,,,,,,,,,,,,,,,,,,,,,,,,,,,,,,,,IE0004006,97,protected_area,,,,,,,,,,,,,,,,,,,,,,,,,,,,,,multipolygon,North Bull Island Special Protection Area,,,,,,/Users/kevincredit/Library/CloudStorage/OneDrive-MaynoothUniversity/D8Dash paper/BSpace.shp|layername=BSpace,4000.000000000000000,303.199359534319910,-6.188571227,53.30635542
42,r7544494,7544494,relation,nature_reserve,,,,,,,,,,,,,,,,,,,,,,,,,,,,,,,,,,,,,,,,,,,,,,,,,,,,,,,,,,,,,,,,,,,,,,,,,,,,,,,,,,,,,,,,,,,,,,,,,,,,,,,,,,,,,,,,IE0004006,97,protected_area,,,,,,,,,,,,,,,,,,,,,,,,,,,,,,multipolygon,North Bull Island Special Protection Area,,,,,,/Users/kevincredit/Library/CloudStorage/OneDrive-MaynoothUniversity/D8Dash paper/BSpace.shp|layername=BSpace,4100.000000000000000,303.199359534319910,-6.189672691,53.3066662
43,r7544494,7544494,relation,nature_reserve,,,,,,,,,,,,,,,,,,,,,,,,,,,,,,,,,,,,,,,,,,,,,,,,,,,,,,,,,,,,,,,,,,,,,,,,,,,,,,,,,,,,,,,,,,,,,,,,,,,,,,,,,,,,,,,,IE0004006,97,protected_area,,,,,,,,,,,,,,,,,,,,,,,,,,,,,,multipolygon,North Bull Island Special Protection Area,,,,,,/Users/kevincredit/Library/CloudStorage/OneDrive-MaynoothUniversity/D8Dash paper/BSpace.shp|layername=BSpace,4200.000000000000000,304.460916244695397,-6.190968327,53.30732648
44,r7544494,7544494,relation,nature_reserve,,,,,,,,,,,,,,,,,,,,,,,,,,,,,,,,,,,,,,,,,,,,,,,,,,,,,,,,,,,,,,,,,,,,,,,,,,,,,,,,,,,,,,,,,,,,,,,,,,,,,,,,,,,,,,,,IE0004006,97,protected_area,,,,,,,,,,,,,,,,,,,,,,,,,,,,,,multipolygon,North Bull Island Special Protection Area,,,,,,/Users/kevincredit/Library/CloudStorage/OneDrive-MaynoothUniversity/D8Dash paper/BSpace.shp|layername=BSpace,4300.000000000000000,306.838635896579831,-6.192171865,53.3079103
45,r7544494,7544494,relation,nature_reserve,,,,,,,,,,,,,,,,,,,,,,,,,,,,,,,,,,,,,,,,,,,,,,,,,,,,,,,,,,,,,,,,,,,,,,,,,,,,,,,,,,,,,,,,,,,,,,,,,,,,,,,,,,,,,,,,IE0004006,97,protected_area,,,,,,,,,,,,,,,,,,,,,,,,,,,,,,multipolygon,North Bull Island Special Protection Area,,,,,,/Users/kevincredit/Library/CloudStorage/OneDrive-MaynoothUniversity/D8Dash paper/BSpace.shp|layername=BSpace,4400.000000000000000,306.838635896579831,-6.192634395,53.30805119
46,r7544494,7544494,relation,nature_reserve,,,,,,,,,,,,,,,,,,,,,,,,,,,,,,,,,,,,,,,,,,,,,,,,,,,,,,,,,,,,,,,,,,,,,,,,,,,,,,,,,,,,,,,,,,,,,,,,,,,,,,,,,,,,,,,,IE0004006,97,protected_area,,,,,,,,,,,,,,,,,,,,,,,,,,,,,,multipolygon,North Bull Island Special Protection Area,,,,,,/Users/kevincredit/Library/CloudStorage/OneDrive-MaynoothUniversity/D8Dash paper/BSpace.shp|layername=BSpace,4500.000000000000000,310.955104440733464,-6.195448491,53.3096309
47,r7544494,7544494,relation,nature_reserve,,,,,,,,,,,,,,,,,,,,,,,,,,,,,,,,,,,,,,,,,,,,,,,,,,,,,,,,,,,,,,,,,,,,,,,,,,,,,,,,,,,,,,,,,,,,,,,,,,,,,,,,,,,,,,,,IE0004006,97,protected_area,,,,,,,,,,,,,,,,,,,,,,,,,,,,,,multipolygon,North Bull Island Special Protection Area,,,,,,/Users/kevincredit/Library/CloudStorage/OneDrive-MaynoothUniversity/D8Dash paper/BSpace.shp|layername=BSpace,4600.000000000000000,313.476941627643157,-6.195555991,53.3097201
48,r7544494,7544494,relation,nature_reserve,,,,,,,,,,,,,,,,,,,,,,,,,,,,,,,,,,,,,,,,,,,,,,,,,,,,,,,,,,,,,,,,,,,,,,,,,,,,,,,,,,,,,,,,,,,,,,,,,,,,,,,,,,,,,,,,IE0004006,97,protected_area,,,,,,,,,,,,,,,,,,,,,,,,,,,,,,multipolygon,North Bull Island Special Protection Area,,,,,,/Users/kevincredit/Library/CloudStorage/OneDrive-MaynoothUniversity/D8Dash paper/BSpace.shp|layername=BSpace,4700.000000000000000,312.379034449584196,-6.195678191,53.3097082
49,r7544494,7544494,relation,nature_reserve,,,,,,,,,,,,,,,,,,,,,,,,,,,,,,,,,,,,,,,,,,,,,,,,,,,,,,,,,,,,,,,,,,,,,,,,,,,,,,,,,,,,,,,,,,,,,,,,,,,,,,,,,,,,,,,,IE0004006,97,protected_area,,,,,,,,,,,,,,,,,,,,,,,,,,,,,,multipolygon,North Bull Island Special Protection Area,,,,,,/Users/kevincredit/Library/CloudStorage/OneDrive-MaynoothUniversity/D8Dash paper/BSpace.shp|layername=BSpace,4800.000000000000000,316.506179929422387,-6.198984654,53.31031676
50,r7544494,7544494,relation,nature_reserve,,,,,,,,,,,,,,,,,,,,,,,,,,,,,,,,,,,,,,,,,,,,,,,,,,,,,,,,,,,,,,,,,,,,,,,,,,,,,,,,,,,,,,,,,,,,,,,,,,,,,,,,,,,,,,,,IE0004006,97,protected_area,,,,,,,,,,,,,,,,,,,,,,,,,,,,,,multipolygon,North Bull Island Special Protection Area,,,,,,/Users/kevincredit/Library/CloudStorage/OneDrive-MaynoothUniversity/D8Dash paper/BSpace.shp|layername=BSpace,4900.000000000000000,320.245004766397699,-6.200043533,53.31094596
51,r7544494,7544494,relation,nature_reserve,,,,,,,,,,,,,,,,,,,,,,,,,,,,,,,,,,,,,,,,,,,,,,,,,,,,,,,,,,,,,,,,,,,,,,,,,,,,,,,,,,,,,,,,,,,,,,,,,,,,,,,,,,,,,,,,IE0004006,97,protected_area,,,,,,,,,,,,,,,,,,,,,,,,,,,,,,multipolygon,North Bull Island Special Protection Area,,,,,,/Users/kevincredit/Library/CloudStorage/OneDrive-MaynoothUniversity/D8Dash paper/BSpace.shp|layername=BSpace,5000.000000000000000,315.479220362506965,-6.200651691,53.3132347
52,r7544494,7544494,relation,nature_reserve,,,,,,,,,,,,,,,,,,,,,,,,,,,,,,,,,,,,,,,,,,,,,,,,,,,,,,,,,,,,,,,,,,,,,,,,,,,,,,,,,,,,,,,,,,,,,,,,,,,,,,,,,,,,,,,,IE0004006,97,protected_area,,,,,,,,,,,,,,,,,,,,,,,,,,,,,,multipolygon,North Bull Island Special Protection Area,,,,,,/Users/kevincredit/Library/CloudStorage/OneDrive-MaynoothUniversity/D8Dash paper/BSpace.shp|layername=BSpace,5100.000000000000000,315.479220362506965,-6.200651691,53.3132347
53,r7544494,7544494,relation,nature_reserve,,,,,,,,,,,,,,,,,,,,,,,,,,,,,,,,,,,,,,,,,,,,,,,,,,,,,,,,,,,,,,,,,,,,,,,,,,,,,,,,,,,,,,,,,,,,,,,,,,,,,,,,,,,,,,,,IE0004006,97,protected_area,,,,,,,,,,,,,,,,,,,,,,,,,,,,,,multipolygon,North Bull Island Special Protection Area,,,,,,/Users/kevincredit/Library/CloudStorage/OneDrive-MaynoothUniversity/D8Dash paper/BSpace.shp|layername=BSpace,5200.000000000000000,315.479220362506965,-6.201454391,53.3137982
54,r7544494,7544494,relation,nature_reserve,,,,,,,,,,,,,,,,,,,,,,,,,,,,,,,,,,,,,,,,,,,,,,,,,,,,,,,,,,,,,,,,,,,,,,,,,,,,,,,,,,,,,,,,,,,,,,,,,,,,,,,,,,,,,,,,IE0004006,97,protected_area,,,,,,,,,,,,,,,,,,,,,,,,,,,,,,multipolygon,North Bull Island Special Protection Area,,,,,,/Users/kevincredit/Library/CloudStorage/OneDrive-MaynoothUniversity/D8Dash paper/BSpace.shp|layername=BSpace,5300.000000000000000,317.792843332447148,-6.202490091,53.3146404
55,r7544494,7544494,relation,nature_reserve,,,,,,,,,,,,,,,,,,,,,,,,,,,,,,,,,,,,,,,,,,,,,,,,,,,,,,,,,,,,,,,,,,,,,,,,,,,,,,,,,,,,,,,,,,,,,,,,,,,,,,,,,,,,,,,,IE0004006,97,protected_area,,,,,,,,,,,,,,,,,,,,,,,,,,,,,,multipolygon,North Bull Island Special Protection Area,,,,,,/Users/kevincredit/Library/CloudStorage/OneDrive-MaynoothUniversity/D8Dash paper/BSpace.shp|layername=BSpace,5400.000000000000000,317.513651212235800,-6.203489935,53.31509436
56,r7544494,7544494,relation,nature_reserve,,,,,,,,,,,,,,,,,,,,,,,,,,,,,,,,,,,,,,,,,,,,,,,,,,,,,,,,,,,,,,,,,,,,,,,,,,,,,,,,,,,,,,,,,,,,,,,,,,,,,,,,,,,,,,,,IE0004006,97,protected_area,,,,,,,,,,,,,,,,,,,,,,,,,,,,,,multipolygon,North Bull Island Special Protection Area,,,,,,/Users/kevincredit/Library/CloudStorage/OneDrive-MaynoothUniversity/D8Dash paper/BSpace.shp|layername=BSpace,5500.000000000000000,333.340125979006245,-6.204521296,53.31587573
57,r7544494,7544494,relation,nature_reserve,,,,,,,,,,,,,,,,,,,,,,,,,,,,,,,,,,,,,,,,,,,,,,,,,,,,,,,,,,,,,,,,,,,,,,,,,,,,,,,,,,,,,,,,,,,,,,,,,,,,,,,,,,,,,,,,IE0004006,97,protected_area,,,,,,,,,,,,,,,,,,,,,,,,,,,,,,multipolygon,North Bull Island Special Protection Area,,,,,,/Users/kevincredit/Library/CloudStorage/OneDrive-MaynoothUniversity/D8Dash paper/BSpace.shp|layername=BSpace,5600.000000000000000,341.822245247802584,-6.205000715,53.31689261
58,r7544494,7544494,relation,nature_reserve,,,,,,,,,,,,,,,,,,,,,,,,,,,,,,,,,,,,,,,,,,,,,,,,,,,,,,,,,,,,,,,,,,,,,,,,,,,,,,,,,,,,,,,,,,,,,,,,,,,,,,,,,,,,,,,,IE0004006,97,protected_area,,,,,,,,,,,,,,,,,,,,,,,,,,,,,,multipolygon,North Bull Island Special Protection Area,,,,,,/Users/kevincredit/Library/CloudStorage/OneDrive-MaynoothUniversity/D8Dash paper/BSpace.shp|layername=BSpace,5700.000000000000000,347.498446207873599,-6.205329291,53.317987
59,r7544494,7544494,relation,nature_reserve,,,,,,,,,,,,,,,,,,,,,,,,,,,,,,,,,,,,,,,,,,,,,,,,,,,,,,,,,,,,,,,,,,,,,,,,,,,,,,,,,,,,,,,,,,,,,,,,,,,,,,,,,,,,,,,,IE0004006,97,protected_area,,,,,,,,,,,,,,,,,,,,,,,,,,,,,,multipolygon,North Bull Island Special Protection Area,,,,,,/Users/kevincredit/Library/CloudStorage/OneDrive-MaynoothUniversity/D8Dash paper/BSpace.shp|layername=BSpace,5800.000000000000000,346.538366976175041,-6.205600776,53.31862163
60,r7544494,7544494,relation,nature_reserve,,,,,,,,,,,,,,,,,,,,,,,,,,,,,,,,,,,,,,,,,,,,,,,,,,,,,,,,,,,,,,,,,,,,,,,,,,,,,,,,,,,,,,,,,,,,,,,,,,,,,,,,,,,,,,,,IE0004006,97,protected_area,,,,,,,,,,,,,,,,,,,,,,,,,,,,,,multipolygon,North Bull Island Special Protection Area,,,,,,/Users/kevincredit/Library/CloudStorage/OneDrive-MaynoothUniversity/D8Dash paper/BSpace.shp|layername=BSpace,5900.000000000000000,352.950219205328324,-6.205930993,53.31923738
61,r7544494,7544494,relation,nature_reserve,,,,,,,,,,,,,,,,,,,,,,,,,,,,,,,,,,,,,,,,,,,,,,,,,,,,,,,,,,,,,,,,,,,,,,,,,,,,,,,,,,,,,,,,,,,,,,,,,,,,,,,,,,,,,,,,IE0004006,97,protected_area,,,,,,,,,,,,,,,,,,,,,,,,,,,,,,multipolygon,North Bull Island Special Protection Area,,,,,,/Users/kevincredit/Library/CloudStorage/OneDrive-MaynoothUniversity/D8Dash paper/BSpace.shp|layername=BSpace,6000.000000000000000,353.156195932885225,-6.206045492,53.31995036
62,r7544494,7544494,relation,nature_reserve,,,,,,,,,,,,,,,,,,,,,,,,,,,,,,,,,,,,,,,,,,,,,,,,,,,,,,,,,,,,,,,,,,,,,,,,,,,,,,,,,,,,,,,,,,,,,,,,,,,,,,,,,,,,,,,,IE0004006,97,protected_area,,,,,,,,,,,,,,,,,,,,,,,,,,,,,,multipolygon,North Bull Island Special Protection Area,,,,,,/Users/kevincredit/Library/CloudStorage/OneDrive-MaynoothUniversity/D8Dash paper/BSpace.shp|layername=BSpace,6100.000000000000000,352.848572680343068,-6.20619406,53.32084647
63,r7544494,7544494,relation,nature_reserve,,,,,,,,,,,,,,,,,,,,,,,,,,,,,,,,,,,,,,,,,,,,,,,,,,,,,,,,,,,,,,,,,,,,,,,,,,,,,,,,,,,,,,,,,,,,,,,,,,,,,,,,,,,,,,,,IE0004006,97,protected_area,,,,,,,,,,,,,,,,,,,,,,,,,,,,,,multipolygon,North Bull Island Special Protection Area,,,,,,/Users/kevincredit/Library/CloudStorage/OneDrive-MaynoothUniversity/D8Dash paper/BSpace.shp|layername=BSpace,6200.000000000000000,351.575233869540455,-6.20613006,53.32174938
64,r7544494,7544494,relation,nature_reserve,,,,,,,,,,,,,,,,,,,,,,,,,,,,,,,,,,,,,,,,,,,,,,,,,,,,,,,,,,,,,,,,,,,,,,,,,,,,,,,,,,,,,,,,,,,,,,,,,,,,,,,,,,,,,,,,IE0004006,97,protected_area,,,,,,,,,,,,,,,,,,,,,,,,,,,,,,multipolygon,North Bull Island Special Protection Area,,,,,,/Users/kevincredit/Library/CloudStorage/OneDrive-MaynoothUniversity/D8Dash paper/BSpace.shp|layername=BSpace,6300.000000000000000,352.812702649371090,-6.206272891,53.3224568
65,r7544494,7544494,relation,nature_reserve,,,,,,,,,,,,,,,,,,,,,,,,,,,,,,,,,,,,,,,,,,,,,,,,,,,,,,,,,,,,,,,,,,,,,,,,,,,,,,,,,,,,,,,,,,,,,,,,,,,,,,,,,,,,,,,,IE0004006,97,protected_area,,,,,,,,,,,,,,,,,,,,,,,,,,,,,,multipolygon,North Bull Island Special Protection Area,,,,,,/Users/kevincredit/Library/CloudStorage/OneDrive-MaynoothUniversity/D8Dash paper/BSpace.shp|layername=BSpace,6400.000000000000000,350.297581508655867,-6.206701908,53.32350933
66,r7544494,7544494,relation,nature_reserve,,,,,,,,,,,,,,,,,,,,,,,,,,,,,,,,,,,,,,,,,,,,,,,,,,,,,,,,,,,,,,,,,,,,,,,,,,,,,,,,,,,,,,,,,,,,,,,,,,,,,,,,,,,,,,,,IE0004006,97,protected_area,,,,,,,,,,,,,,,,,,,,,,,,,,,,,,multipolygon,North Bull Island Special Protection Area,,,,,,/Users/kevincredit/Library/CloudStorage/OneDrive-MaynoothUniversity/D8Dash paper/BSpace.shp|layername=BSpace,6500.000000000000000,352.082363566204265,-6.206615833,53.32442598
67,r7544494,7544494,relation,nature_reserve,,,,,,,,,,,,,,,,,,,,,,,,,,,,,,,,,,,,,,,,,,,,,,,,,,,,,,,,,,,,,,,,,,,,,,,,,,,,,,,,,,,,,,,,,,,,,,,,,,,,,,,,,,,,,,,,IE0004006,97,protected_area,,,,,,,,,,,,,,,,,,,,,,,,,,,,,,multipolygon,North Bull Island Special Protection Area,,,,,,/Users/kevincredit/Library/CloudStorage/OneDrive-MaynoothUniversity/D8Dash paper/BSpace.shp|layername=BSpace,6600.000000000000000,335.624843368727056,-6.207130044,53.32524076
68,r7544494,7544494,relation,nature_reserve,,,,,,,,,,,,,,,,,,,,,,,,,,,,,,,,,,,,,,,,,,,,,,,,,,,,,,,,,,,,,,,,,,,,,,,,,,,,,,,,,,,,,,,,,,,,,,,,,,,,,,,,,,,,,,,,IE0004006,97,protected_area,,,,,,,,,,,,,,,,,,,,,,,,,,,,,,multipolygon,North Bull Island Special Protection Area,,,,,,/Users/kevincredit/Library/CloudStorage/OneDrive-MaynoothUniversity/D8Dash paper/BSpace.shp|layername=BSpace,6700.000000000000000,335.618497252139548,-6.207649461,53.32599861
69,r7544494,7544494,relation,nature_reserve,,,,,,,,,,,,,,,,,,,,,,,,,,,,,,,,,,,,,,,,,,,,,,,,,,,,,,,,,,,,,,,,,,,,,,,,,,,,,,,,,,,,,,,,,,,,,,,,,,,,,,,,,,,,,,,,IE0004006,97,protected_area,,,,,,,,,,,,,,,,,,,,,,,,,,,,,,multipolygon,North Bull Island Special Protection Area,,,,,,/Users/kevincredit/Library/CloudStorage/OneDrive-MaynoothUniversity/D8Dash paper/BSpace.shp|layername=BSpace,6800.000000000000000,336.568508346555916,-6.208212352,53.32687236
70,r7544494,7544494,relation,nature_reserve,,,,,,,,,,,,,,,,,,,,,,,,,,,,,,,,,,,,,,,,,,,,,,,,,,,,,,,,,,,,,,,,,,,,,,,,,,,,,,,,,,,,,,,,,,,,,,,,,,,,,,,,,,,,,,,,IE0004006,97,protected_area,,,,,,,,,,,,,,,,,,,,,,,,,,,,,,multipolygon,North Bull Island Special Protection Area,,,,,,/Users/kevincredit/Library/CloudStorage/OneDrive-MaynoothUniversity/D8Dash paper/BSpace.shp|layername=BSpace,6900.000000000000000,348.849103220243251,-6.208433133,53.32780953
71,r7544494,7544494,relation,nature_reserve,,,,,,,,,,,,,,,,,,,,,,,,,,,,,,,,,,,,,,,,,,,,,,,,,,,,,,,,,,,,,,,,,,,,,,,,,,,,,,,,,,,,,,,,,,,,,,,,,,,,,,,,,,,,,,,,IE0004006,97,protected_area,,,,,,,,,,,,,,,,,,,,,,,,,,,,,,multipolygon,North Bull Island Special Protection Area,,,,,,/Users/kevincredit/Library/CloudStorage/OneDrive-MaynoothUniversity/D8Dash paper/BSpace.shp|layername=BSpace,7000.000000000000000,348.709938154074791,-6.208625991,53.3284698
72,r7544494,7544494,relation,nature_reserve,,,,,,,,,,,,,,,,,,,,,,,,,,,,,,,,,,,,,,,,,,,,,,,,,,,,,,,,,,,,,,,,,,,,,,,,,,,,,,,,,,,,,,,,,,,,,,,,,,,,,,,,,,,,,,,,IE0004006,97,protected_area,,,,,,,,,,,,,,,,,,,,,,,,,,,,,,multipolygon,North Bull Island Special Protection Area,,,,,,/Users/kevincredit/Library/CloudStorage/OneDrive-MaynoothUniversity/D8Dash paper/BSpace.shp|layername=BSpace,7100.000000000000000,345.823759434701799,-6.208955458,53.32955883
73,r7544494,7544494,relation,nature_reserve,,,,,,,,,,,,,,,,,,,,,,,,,,,,,,,,,,,,,,,,,,,,,,,,,,,,,,,,,,,,,,,,,,,,,,,,,,,,,,,,,,,,,,,,,,,,,,,,,,,,,,,,,,,,,,,,IE0004006,97,protected_area,,,,,,,,,,,,,,,,,,,,,,,,,,,,,,multipolygon,North Bull Island Special Protection Area,,,,,,/Users/kevincredit/Library/CloudStorage/OneDrive-MaynoothUniversity/D8Dash paper/BSpace.shp|layername=BSpace,7200.000000000000000,343.542656633464958,-6.209156141,53.33040219
74,r7544494,7544494,relation,nature_reserve,,,,,,,,,,,,,,,,,,,,,,,,,,,,,,,,,,,,,,,,,,,,,,,,,,,,,,,,,,,,,,,,,,,,,,,,,,,,,,,,,,,,,,,,,,,,,,,,,,,,,,,,,,,,,,,,IE0004006,97,protected_area,,,,,,,,,,,,,,,,,,,,,,,,,,,,,,multipolygon,North Bull Island Special Protection Area,,,,,,/Users/kevincredit/Library/CloudStorage/OneDrive-MaynoothUniversity/D8Dash paper/BSpace.shp|layername=BSpace,7300.000000000000000,336.342493606568723,-6.209752166,53.33121253
75,r7544494,7544494,relation,nature_reserve,,,,,,,,,,,,,,,,,,,,,,,,,,,,,,,,,,,,,,,,,,,,,,,,,,,,,,,,,,,,,,,,,,,,,,,,,,,,,,,,,,,,,,,,,,,,,,,,,,,,,,,,,,,,,,,,IE0004006,97,protected_area,,,,,,,,,,,,,,,,,,,,,,,,,,,,,,multipolygon,North Bull Island Special Protection Area,,,,,,/Users/kevincredit/Library/CloudStorage/OneDrive-MaynoothUniversity/D8Dash paper/BSpace.shp|layername=BSpace,7400.000000000000000,346.267889997839120,-6.210408817,53.33199819
76,r7544494,7544494,relation,nature_reserve,,,,,,,,,,,,,,,,,,,,,,,,,,,,,,,,,,,,,,,,,,,,,,,,,,,,,,,,,,,,,,,,,,,,,,,,,,,,,,,,,,,,,,,,,,,,,,,,,,,,,,,,,,,,,,,,IE0004006,97,protected_area,,,,,,,,,,,,,,,,,,,,,,,,,,,,,,multipolygon,North Bull Island Special Protection Area,,,,,,/Users/kevincredit/Library/CloudStorage/OneDrive-MaynoothUniversity/D8Dash paper/BSpace.shp|layername=BSpace,7500.000000000000000,288.598755724735270,-6.210868591,53.3328252
77,r7544494,7544494,relation,nature_reserve,,,,,,,,,,,,,,,,,,,,,,,,,,,,,,,,,,,,,,,,,,,,,,,,,,,,,,,,,,,,,,,,,,,,,,,,,,,,,,,,,,,,,,,,,,,,,,,,,,,,,,,,,,,,,,,,IE0004006,97,protected_area,,,,,,,,,,,,,,,,,,,,,,,,,,,,,,multipolygon,North Bull Island Special Protection Area,,,,,,/Users/kevincredit/Library/CloudStorage/OneDrive-MaynoothUniversity/D8Dash paper/BSpace.shp|layername=BSpace,7600.000000000000000,309.848041007341180,-6.211706424,53.33348513
78,r7544494,7544494,relation,nature_reserve,,,,,,,,,,,,,,,,,,,,,,,,,,,,,,,,,,,,,,,,,,,,,,,,,,,,,,,,,,,,,,,,,,,,,,,,,,,,,,,,,,,,,,,,,,,,,,,,,,,,,,,,,,,,,,,,IE0004006,97,protected_area,,,,,,,,,,,,,,,,,,,,,,,,,,,,,,multipolygon,North Bull Island Special Protection Area,,,,,,/Users/kevincredit/Library/CloudStorage/OneDrive-MaynoothUniversity/D8Dash paper/BSpace.shp|layername=BSpace,7700.000000000000000,342.305862687578610,-6.212836798,53.33407111
79,r7544494,7544494,relation,nature_reserve,,,,,,,,,,,,,,,,,,,,,,,,,,,,,,,,,,,,,,,,,,,,,,,,,,,,,,,,,,,,,,,,,,,,,,,,,,,,,,,,,,,,,,,,,,,,,,,,,,,,,,,,,,,,,,,,IE0004006,97,protected_area,,,,,,,,,,,,,,,,,,,,,,,,,,,,,,multipolygon,North Bull Island Special Protection Area,,,,,,/Users/kevincredit/Library/CloudStorage/OneDrive-MaynoothUniversity/D8Dash paper/BSpace.shp|layername=BSpace,7800.000000000000000,8.979634350966720,-6.213530687,53.33455715
80,r7544494,7544494,relation,nature_reserve,,,,,,,,,,,,,,,,,,,,,,,,,,,,,,,,,,,,,,,,,,,,,,,,,,,,,,,,,,,,,,,,,,,,,,,,,,,,,,,,,,,,,,,,,,,,,,,,,,,,,,,,,,,,,,,,IE0004006,97,protected_area,,,,,,,,,,,,,,,,,,,,,,,,,,,,,,multipolygon,North Bull Island Special Protection Area,,,,,,/Users/kevincredit/Library/CloudStorage/OneDrive-MaynoothUniversity/D8Dash paper/BSpace.shp|layername=BSpace,7900.000000000000000,41.960596035227319,-6.213750391,53.3347067
81,r7544494,7544494,relation,nature_reserve,,,,,,,,,,,,,,,,,,,,,,,,,,,,,,,,,,,,,,,,,,,,,,,,,,,,,,,,,,,,,,,,,,,,,,,,,,,,,,,,,,,,,,,,,,,,,,,,,,,,,,,,,,,,,,,,IE0004006,97,protected_area,,,,,,,,,,,,,,,,,,,,,,,,,,,,,,multipolygon,North Bull Island Special Protection Area,,,,,,/Users/kevincredit/Library/CloudStorage/OneDrive-MaynoothUniversity/D8Dash paper/BSpace.shp|layername=BSpace,8000.000000000000000,41.124303633507409,-6.214410191,53.3374614
82,r7544494,7544494,relation,nature_reserve,,,,,,,,,,,,,,,,,,,,,,,,,,,,,,,,,,,,,,,,,,,,,,,,,,,,,,,,,,,,,,,,,,,,,,,,,,,,,,,,,,,,,,,,,,,,,,,,,,,,,,,,,,,,,,,,IE0004006,97,protected_area,,,,,,,,,,,,,,,,,,,,,,,,,,,,,,multipolygon,North Bull Island Special Protection Area,,,,,,/Users/kevincredit/Library/CloudStorage/OneDrive-MaynoothUniversity/D8Dash paper/BSpace.shp|layername=BSpace,8100.000000000000000,67.198960704258141,-6.208780291,53.3386785
83,r7544494,7544494,relation,nature_reserve,,,,,,,,,,,,,,,,,,,,,,,,,,,,,,,,,,,,,,,,,,,,,,,,,,,,,,,,,,,,,,,,,,,,,,,,,,,,,,,,,,,,,,,,,,,,,,,,,,,,,,,,,,,,,,,,IE0004006,97,protected_area,,,,,,,,,,,,,,,,,,,,,,,,,,,,,,multipolygon,North Bull Island Special Protection Area,,,,,,/Users/kevincredit/Library/CloudStorage/OneDrive-MaynoothUniversity/D8Dash paper/BSpace.shp|layername=BSpace,8200.000000000000000,132.801470374493078,-6.208328591,53.3385751
84,r7544494,7544494,relation,nature_reserve,,,,,,,,,,,,,,,,,,,,,,,,,,,,,,,,,,,,,,,,,,,,,,,,,,,,,,,,,,,,,,,,,,,,,,,,,,,,,,,,,,,,,,,,,,,,,,,,,,,,,,,,,,,,,,,,IE0004006,97,protected_area,,,,,,,,,,,,,,,,,,,,,,,,,,,,,,multipolygon,North Bull Island Special Protection Area,,,,,,/Users/kevincredit/Library/CloudStorage/OneDrive-MaynoothUniversity/D8Dash paper/BSpace.shp|layername=BSpace,8300.000000000000000,97.828464298016002,-6.206640591,53.338322
85,r7544494,7544494,relation,nature_reserve,,,,,,,,,,,,,,,,,,,,,,,,,,,,,,,,,,,,,,,,,,,,,,,,,,,,,,,,,,,,,,,,,,,,,,,,,,,,,,,,,,,,,,,,,,,,,,,,,,,,,,,,,,,,,,,,IE0004006,97,protected_area,,,,,,,,,,,,,,,,,,,,,,,,,,,,,,multipolygon,North Bull Island Special Protection Area,,,,,,/Users/kevincredit/Library/CloudStorage/OneDrive-MaynoothUniversity/D8Dash paper/BSpace.shp|layername=BSpace,8400.000000000000000,101.516689865697700,-6.205425991,53.3380634
86,r7544494,7544494,relation,nature_reserve,,,,,,,,,,,,,,,,,,,,,,,,,,,,,,,,,,,,,,,,,,,,,,,,,,,,,,,,,,,,,,,,,,,,,,,,,,,,,,,,,,,,,,,,,,,,,,,,,,,,,,,,,,,,,,,,IE0004006,97,protected_area,,,,,,,,,,,,,,,,,,,,,,,,,,,,,,multipolygon,North Bull Island Special Protection Area,,,,,,/Users/kevincredit/Library/CloudStorage/OneDrive-MaynoothUniversity/D8Dash paper/BSpace.shp|layername=BSpace,8500.000000000000000,101.451672532559328,-6.205425991,53.3380634
87,r7544494,7544494,relation,nature_reserve,,,,,,,,,,,,,,,,,,,,,,,,,,,,,,,,,,,,,,,,,,,,,,,,,,,,,,,,,,,,,,,,,,,,,,,,,,,,,,,,,,,,,,,,,,,,,,,,,,,,,,,,,,,,,,,,IE0004006,97,protected_area,,,,,,,,,,,,,,,,,,,,,,,,,,,,,,multipolygon,North Bull Island Special Protection Area,,,,,,/Users/kevincredit/Library/CloudStorage/OneDrive-MaynoothUniversity/D8Dash paper/BSpace.shp|layername=BSpace,8600.000000000000000,117.491189518052323,-6.201918691,53.3378198
88,r7544494,7544494,relation,nature_reserve,,,,,,,,,,,,,,,,,,,,,,,,,,,,,,,,,,,,,,,,,,,,,,,,,,,,,,,,,,,,,,,,,,,,,,,,,,,,,,,,,,,,,,,,,,,,,,,,,,,,,,,,,,,,,,,,IE0004006,97,protected_area,,,,,,,,,,,,,,,,,,,,,,,,,,,,,,multipolygon,North Bull Island Special Protection Area,,,,,,/Users/kevincredit/Library/CloudStorage/OneDrive-MaynoothUniversity/D8Dash paper/BSpace.shp|layername=BSpace,8700.000000000000000,98.239420916309655,-6.200529779,53.33769242
89,r7544494,7544494,relation,nature_reserve,,,,,,,,,,,,,,,,,,,,,,,,,,,,,,,,,,,,,,,,,,,,,,,,,,,,,,,,,,,,,,,,,,,,,,,,,,,,,,,,,,,,,,,,,,,,,,,,,,,,,,,,,,,,,,,,IE0004006,97,protected_area,,,,,,,,,,,,,,,,,,,,,,,,,,,,,,multipolygon,North Bull Island Special Protection Area,,,,,,/Users/kevincredit/Library/CloudStorage/OneDrive-MaynoothUniversity/D8Dash paper/BSpace.shp|layername=BSpace,8800.000000000000000,97.823164390147596,-6.200263791,53.3376565
90,r7544494,7544494,relation,nature_reserve,,,,,,,,,,,,,,,,,,,,,,,,,,,,,,,,,,,,,,,,,,,,,,,,,,,,,,,,,,,,,,,,,,,,,,,,,,,,,,,,,,,,,,,,,,,,,,,,,,,,,,,,,,,,,,,,IE0004006,97,protected_area,,,,,,,,,,,,,,,,,,,,,,,,,,,,,,multipolygon,North Bull Island Special Protection Area,,,,,,/Users/kevincredit/Library/CloudStorage/OneDrive-MaynoothUniversity/D8Dash paper/BSpace.shp|layername=BSpace,8900.000000000000000,94.699032308723133,-6.199920891,53.3377133
91,r7544494,7544494,relation,nature_reserve,,,,,,,,,,,,,,,,,,,,,,,,,,,,,,,,,,,,,,,,,,,,,,,,,,,,,,,,,,,,,,,,,,,,,,,,,,,,,,,,,,,,,,,,,,,,,,,,,,,,,,,,,,,,,,,,IE0004006,97,protected_area,,,,,,,,,,,,,,,,,,,,,,,,,,,,,,multipolygon,North Bull Island Special Protection Area,,,,,,/Users/kevincredit/Library/CloudStorage/OneDrive-MaynoothUniversity/D8Dash paper/BSpace.shp|layername=BSpace,9000.000000000000000,101.261634603868586,-6.199920891,53.3377133
92,r7544494,7544494,relation,nature_reserve,,,,,,,,,,,,,,,,,,,,,,,,,,,,,,,,,,,,,,,,,,,,,,,,,,,,,,,,,,,,,,,,,,,,,,,,,,,,,,,,,,,,,,,,,,,,,,,,,,,,,,,,,,,,,,,,IE0004006,97,protected_area,,,,,,,,,,,,,,,,,,,,,,,,,,,,,,multipolygon,North Bull Island Special Protection Area,,,,,,/Users/kevincredit/Library/CloudStorage/OneDrive-MaynoothUniversity/D8Dash paper/BSpace.shp|layername=BSpace,9100.000000000000000,101.424192826525854,-6.199851191,53.337747
93,r7544494,7544494,relation,nature_reserve,,,,,,,,,,,,,,,,,,,,,,,,,,,,,,,,,,,,,,,,,,,,,,,,,,,,,,,,,,,,,,,,,,,,,,,,,,,,,,,,,,,,,,,,,,,,,,,,,,,,,,,,,,,,,,,,IE0004006,97,protected_area,,,,,,,,,,,,,,,,,,,,,,,,,,,,,,multipolygon,North Bull Island Special Protection Area,,,,,,/Users/kevincredit/Library/CloudStorage/OneDrive-MaynoothUniversity/D8Dash paper/BSpace.shp|layername=BSpace,9200.000000000000000,21.213107353940725,-6.189560691,53.3376294
94,r7544494,7544494,relation,nature_reserve,,,,,,,,,,,,,,,,,,,,,,,,,,,,,,,,,,,,,,,,,,,,,,,,,,,,,,,,,,,,,,,,,,,,,,,,,,,,,,,,,,,,,,,,,,,,,,,,,,,,,,,,,,,,,,,,IE0004006,97,protected_area,,,,,,,,,,,,,,,,,,,,,,,,,,,,,,multipolygon,North Bull Island Special Protection Area,,,,,,/Users/kevincredit/Library/CloudStorage/OneDrive-MaynoothUniversity/D8Dash paper/BSpace.shp|layername=BSpace,9300.000000000000000,15.014925564946106,-6.189560691,53.3376294
95,r7544494,7544494,relation,nature_reserve,,,,,,,,,,,,,,,,,,,,,,,,,,,,,,,,,,,,,,,,,,,,,,,,,,,,,,,,,,,,,,,,,,,,,,,,,,,,,,,,,,,,,,,,,,,,,,,,,,,,,,,,,,,,,,,,IE0004006,97,protected_area,,,,,,,,,,,,,,,,,,,,,,,,,,,,,,multipolygon,North Bull Island Special Protection Area,,,,,,/Users/kevincredit/Library/CloudStorage/OneDrive-MaynoothUniversity/D8Dash paper/BSpace.shp|layername=BSpace,9400.000000000000000,275.565292264501466,-6.194782791,53.3397543
96,r7544494,7544494,relation,nature_reserve,,,,,,,,,,,,,,,,,,,,,,,,,,,,,,,,,,,,,,,,,,,,,,,,,,,,,,,,,,,,,,,,,,,,,,,,,,,,,,,,,,,,,,,,,,,,,,,,,,,,,,,,,,,,,,,,IE0004006,97,protected_area,,,,,,,,,,,,,,,,,,,,,,,,,,,,,,multipolygon,North Bull Island Special Protection Area,,,,,,/Users/kevincredit/Library/CloudStorage/OneDrive-MaynoothUniversity/D8Dash paper/BSpace.shp|layername=BSpace,9500.000000000000000,275.565292264501466,-6.199800191,53.3377934
97,r7544494,7544494,relation,nature_reserve,,,,,,,,,,,,,,,,,,,,,,,,,,,,,,,,,,,,,,,,,,,,,,,,,,,,,,,,,,,,,,,,,,,,,,,,,,,,,,,,,,,,,,,,,,,,,,,,,,,,,,,,,,,,,,,,IE0004006,97,protected_area,,,,,,,,,,,,,,,,,,,,,,,,,,,,,,multipolygon,North Bull Island Special Protection Area,,,,,,/Users/kevincredit/Library/CloudStorage/OneDrive-MaynoothUniversity/D8Dash paper/BSpace.shp|layername=BSpace,9600.000000000000000,263.828734932988084,-6.199851191,53.337747
98,r7544494,7544494,relation,nature_reserve,,,,,,,,,,,,,,,,,,,,,,,,,,,,,,,,,,,,,,,,,,,,,,,,,,,,,,,,,,,,,,,,,,,,,,,,,,,,,,,,,,,,,,,,,,,,,,,,,,,,,,,,,,,,,,,,IE0004006,97,protected_area,,,,,,,,,,,,,,,,,,,,,,,,,,,,,,multipolygon,North Bull Island Special Protection Area,,,,,,/Users/kevincredit/Library/CloudStorage/OneDrive-MaynoothUniversity/D8Dash paper/BSpace.shp|layername=BSpace,9700.000000000000000,277.781855613521316,-6.199920891,53.3377133
99,r7544494,7544494,relation,nature_reserve,,,,,,,,,,,,,,,,,,,,,,,,,,,,,,,,,,,,,,,,,,,,,,,,,,,,,,,,,,,,,,,,,,,,,,,,,,,,,,,,,,,,,,,,,,,,,,,,,,,,,,,,,,,,,,,,IE0004006,97,protected_area,,,,,,,,,,,,,,,,,,,,,,,,,,,,,,multipolygon,North Bull Island Special Protection Area,,,,,,/Users/kevincredit/Library/CloudStorage/OneDrive-MaynoothUniversity/D8Dash paper/BSpace.shp|layername=BSpace,9800.000000000000000,10.104121318970085,-6.199920891,53.3377133
100,r7544494,7544494,relation,nature_reserve,,,,,,,,,,,,,,,,,,,,,,,,,,,,,,,,,,,,,,,,,,,,,,,,,,,,,,,,,,,,,,,,,,,,,,,,,,,,,,,,,,,,,,,,,,,,,,,,,,,,,,,,,,,,,,,,IE0004006,97,protected_area,,,,,,,,,,,,,,,,,,,,,,,,,,,,,,multipolygon,North Bull Island Special Protection Area,,,,,,/Users/kevincredit/Library/CloudStorage/OneDrive-MaynoothUniversity/D8Dash paper/BSpace.shp|layername=BSpace,9900.000000000000000,101.882022796553741,-6.199800191,53.3377934
101,r7544494,7544494,relation,nature_reserve,,,,,,,,,,,,,,,,,,,,,,,,,,,,,,,,,,,,,,,,,,,,,,,,,,,,,,,,,,,,,,,,,,,,,,,,,,,,,,,,,,,,,,,,,,,,,,,,,,,,,,,,,,,,,,,,IE0004006,97,protected_area,,,,,,,,,,,,,,,,,,,,,,,,,,,,,,multipolygon,North Bull Island Special Protection Area,,,,,,/Users/kevincredit/Library/CloudStorage/OneDrive-MaynoothUniversity/D8Dash paper/BSpace.shp|layername=BSpace,10000.000000000000000,101.882022796553741,-6.199800191,53.3377934
102,r7544494,7544494,relation,nature_reserve,,,,,,,,,,,,,,,,,,,,,,,,,,,,,,,,,,,,,,,,,,,,,,,,,,,,,,,,,,,,,,,,,,,,,,,,,,,,,,,,,,,,,,,,,,,,,,,,,,,,,,,,,,,,,,,,IE0004006,97,protected_area,,,,,,,,,,,,,,,,,,,,,,,,,,,,,,multipolygon,North Bull Island Special Protection Area,,,,,,/Users/kevincredit/Library/CloudStorage/OneDrive-MaynoothUniversity/D8Dash paper/BSpace.shp|layername=BSpace,10100.000000000000000,101.882022796553741,-6.199800191,53.3377934
103,r7544494,7544494,relation,nature_reserve,,,,,,,,,,,,,,,,,,,,,,,,,,,,,,,,,,,,,,,,,,,,,,,,,,,,,,,,,,,,,,,,,,,,,,,,,,,,,,,,,,,,,,,,,,,,,,,,,,,,,,,,,,,,,,,,IE0004006,97,protected_area,,,,,,,,,,,,,,,,,,,,,,,,,,,,,,multipolygon,North Bull Island Special Protection Area,,,,,,/Users/kevincredit/Library/CloudStorage/OneDrive-MaynoothUniversity/D8Dash paper/BSpace.shp|layername=BSpace,10200.000000000000000,101.882022796553741,-6.189560691,53.3376294
104,r7544494,7544494,relation,nature_reserve,,,,,,,,,,,,,,,,,,,,,,,,,,,,,,,,,,,,,,,,,,,,,,,,,,,,,,,,,,,,,,,,,,,,,,,,,,,,,,,,,,,,,,,,,,,,,,,,,,,,,,,,,,,,,,,,IE0004006,97,protected_area,,,,,,,,,,,,,,,,,,,,,,,,,,,,,,multipolygon,North Bull Island Special Protection Area,,,,,,/Users/kevincredit/Library/CloudStorage/OneDrive-MaynoothUniversity/D8Dash paper/BSpace.shp|layername=BSpace,10300.000000000000000,33.656001737263011,-6.189560691,53.3376294
105,r7544494,7544494,relation,nature_reserve,,,,,,,,,,,,,,,,,,,,,,,,,,,,,,,,,,,,,,,,,,,,,,,,,,,,,,,,,,,,,,,,,,,,,,,,,,,,,,,,,,,,,,,,,,,,,,,,,,,,,,,,,,,,,,,,IE0004006,97,protected_area,,,,,,,,,,,,,,,,,,,,,,,,,,,,,,multipolygon,North Bull Island Special Protection Area,,,,,,/Users/kevincredit/Library/CloudStorage/OneDrive-MaynoothUniversity/D8Dash paper/BSpace.shp|layername=BSpace,10400.000000000000000,87.396383814360874,-6.189560691,53.3376294
106,r7544494,7544494,relation,nature_reserve,,,,,,,,,,,,,,,,,,,,,,,,,,,,,,,,,,,,,,,,,,,,,,,,,,,,,,,,,,,,,,,,,,,,,,,,,,,,,,,,,,,,,,,,,,,,,,,,,,,,,,,,,,,,,,,,IE0004006,97,protected_area,,,,,,,,,,,,,,,,,,,,,,,,,,,,,,multipolygon,North Bull Island Special Protection Area,,,,,,/Users/kevincredit/Library/CloudStorage/OneDrive-MaynoothUniversity/D8Dash paper/BSpace.shp|layername=BSpace,10500.000000000000000,87.853001673471979,-6.189560691,53.3376294
107,r7544494,7544494,relation,nature_reserve,,,,,,,,,,,,,,,,,,,,,,,,,,,,,,,,,,,,,,,,,,,,,,,,,,,,,,,,,,,,,,,,,,,,,,,,,,,,,,,,,,,,,,,,,,,,,,,,,,,,,,,,,,,,,,,,IE0004006,97,protected_area,,,,,,,,,,,,,,,,,,,,,,,,,,,,,,multipolygon,North Bull Island Special Protection Area,,,,,,/Users/kevincredit/Library/CloudStorage/OneDrive-MaynoothUniversity/D8Dash paper/BSpace.shp|layername=BSpace,10600.000000000000000,87.853001673471979,-6.189097291,53.3376302
108,r7544494,7544494,relation,nature_reserve,,,,,,,,,,,,,,,,,,,,,,,,,,,,,,,,,,,,,,,,,,,,,,,,,,,,,,,,,,,,,,,,,,,,,,,,,,,,,,,,,,,,,,,,,,,,,,,,,,,,,,,,,,,,,,,,IE0004006,97,protected_area,,,,,,,,,,,,,,,,,,,,,,,,,,,,,,multipolygon,North Bull Island Special Protection Area,,,,,,/Users/kevincredit/Library/CloudStorage/OneDrive-MaynoothUniversity/D8Dash paper/BSpace.shp|layername=BSpace,10700.000000000000000,87.853001673471979,-6.188313891,53.3376384
109,r7544494,7544494,relation,nature_reserve,,,,,,,,,,,,,,,,,,,,,,,,,,,,,,,,,,,,,,,,,,,,,,,,,,,,,,,,,,,,,,,,,,,,,,,,,,,,,,,,,,,,,,,,,,,,,,,,,,,,,,,,,,,,,,,,IE0004006,97,protected_area,,,,,,,,,,,,,,,,,,,,,,,,,,,,,,multipolygon,North Bull Island Special Protection Area,,,,,,/Users/kevincredit/Library/CloudStorage/OneDrive-MaynoothUniversity/D8Dash paper/BSpace.shp|layername=BSpace,10800.000000000000000,87.853001673471979,-6.186621291,53.3376502
110,r7544494,7544494,relation,nature_reserve,,,,,,,,,,,,,,,,,,,,,,,,,,,,,,,,,,,,,,,,,,,,,,,,,,,,,,,,,,,,,,,,,,,,,,,,,,,,,,,,,,,,,,,,,,,,,,,,,,,,,,,,,,,,,,,,IE0004006,97,protected_area,,,,,,,,,,,,,,,,,,,,,,,,,,,,,,multipolygon,North Bull Island Special Protection Area,,,,,,/Users/kevincredit/Library/CloudStorage/OneDrive-MaynoothUniversity/D8Dash paper/BSpace.shp|layername=BSpace,10900.000000000000000,87.853001673471979,-6.186621291,53.3376502
111,r7544494,7544494,relation,nature_reserve,,,,,,,,,,,,,,,,,,,,,,,,,,,,,,,,,,,,,,,,,,,,,,,,,,,,,,,,,,,,,,,,,,,,,,,,,,,,,,,,,,,,,,,,,,,,,,,,,,,,,,,,,,,,,,,,IE0004006,97,protected_area,,,,,,,,,,,,,,,,,,,,,,,,,,,,,,multipolygon,North Bull Island Special Protection Area,,,,,,/Users/kevincredit/Library/CloudStorage/OneDrive-MaynoothUniversity/D8Dash paper/BSpace.shp|layername=BSpace,11000.000000000000000,87.853001673471979,-6.182774391,53.3382466
112,r7544494,7544494,relation,nature_reserve,,,,,,,,,,,,,,,,,,,,,,,,,,,,,,,,,,,,,,,,,,,,,,,,,,,,,,,,,,,,,,,,,,,,,,,,,,,,,,,,,,,,,,,,,,,,,,,,,,,,,,,,,,,,,,,,IE0004006,97,protected_area,,,,,,,,,,,,,,,,,,,,,,,,,,,,,,multipolygon,North Bull Island Special Protection Area,,,,,,/Users/kevincredit/Library/CloudStorage/OneDrive-MaynoothUniversity/D8Dash paper/BSpace.shp|layername=BSpace,11100.000000000000000,358.360700320937553,-6.182592091,53.3382466
113,r7544494,7544494,relation,nature_reserve,,,,,,,,,,,,,,,,,,,,,,,,,,,,,,,,,,,,,,,,,,,,,,,,,,,,,,,,,,,,,,,,,,,,,,,,,,,,,,,,,,,,,,,,,,,,,,,,,,,,,,,,,,,,,,,,IE0004006,97,protected_area,,,,,,,,,,,,,,,,,,,,,,,,,,,,,,multipolygon,North Bull Island Special Protection Area,,,,,,/Users/kevincredit/Library/CloudStorage/OneDrive-MaynoothUniversity/D8Dash paper/BSpace.shp|layername=BSpace,11200.000000000000000,88.306650725558981,-6.182606191,53.338787
114,r7544494,7544494,relation,nature_reserve,,,,,,,,,,,,,,,,,,,,,,,,,,,,,,,,,,,,,,,,,,,,,,,,,,,,,,,,,,,,,,,,,,,,,,,,,,,,,,,,,,,,,,,,,,,,,,,,,,,,,,,,,,,,,,,,IE0004006,97,protected_area,,,,,,,,,,,,,,,,,,,,,,,,,,,,,,multipolygon,North Bull Island Special Protection Area,,,,,,/Users/kevincredit/Library/CloudStorage/OneDrive-MaynoothUniversity/D8Dash paper/BSpace.shp|layername=BSpace,11300.000000000000000,91.102109680352612,-6.182606191,53.338787
115,r7544494,7544494,relation,nature_reserve,,,,,,,,,,,,,,,,,,,,,,,,,,,,,,,,,,,,,,,,,,,,,,,,,,,,,,,,,,,,,,,,,,,,,,,,,,,,,,,,,,,,,,,,,,,,,,,,,,,,,,,,,,,,,,,,IE0004006,97,protected_area,,,,,,,,,,,,,,,,,,,,,,,,,,,,,,multipolygon,North Bull Island Special Protection Area,,,,,,/Users/kevincredit/Library/CloudStorage/OneDrive-MaynoothUniversity/D8Dash paper/BSpace.shp|layername=BSpace,11400.000000000000000,0.234087639,-6.179642304,53.34087001
116,r7544494,7544494,relation,nature_reserve,,,,,,,,,,,,,,,,,,,,,,,,,,,,,,,,,,,,,,,,,,,,,,,,,,,,,,,,,,,,,,,,,,,,,,,,,,,,,,,,,,,,,,,,,,,,,,,,,,,,,,,,,,,,,,,,IE0004006,97,protected_area,,,,,,,,,,,,,,,,,,,,,,,,,,,,,,multipolygon,North Bull Island Special Protection Area,,,,,,/Users/kevincredit/Library/CloudStorage/OneDrive-MaynoothUniversity/D8Dash paper/BSpace.shp|layername=BSpace,11500.000000000000000,7.073768004296962,-6.179681461,53.34086939
117,r7544494,7544494,relation,nature_reserve,,,,,,,,,,,,,,,,,,,,,,,,,,,,,,,,,,,,,,,,,,,,,,,,,,,,,,,,,,,,,,,,,,,,,,,,,,,,,,,,,,,,,,,,,,,,,,,,,,,,,,,,,,,,,,,,IE0004006,97,protected_area,,,,,,,,,,,,,,,,,,,,,,,,,,,,,,multipolygon,North Bull Island Special Protection Area,,,,,,/Users/kevincredit/Library/CloudStorage/OneDrive-MaynoothUniversity/D8Dash paper/BSpace.shp|layername=BSpace,11600.000000000000000,84.450362806571562,-6.178770248,53.34088371
118,r7544494,7544494,relation,nature_reserve,,,,,,,,,,,,,,,,,,,,,,,,,,,,,,,,,,,,,,,,,,,,,,,,,,,,,,,,,,,,,,,,,,,,,,,,,,,,,,,,,,,,,,,,,,,,,,,,,,,,,,,,,,,,,,,,IE0004006,97,protected_area,,,,,,,,,,,,,,,,,,,,,,,,,,,,,,multipolygon,North Bull Island Special Protection Area,,,,,,/Users/kevincredit/Library/CloudStorage/OneDrive-MaynoothUniversity/D8Dash paper/BSpace.shp|layername=BSpace,11700.000000000000000,62.021973197156377,-6.177722734,53.34089971
119,r7544494,7544494,relation,nature_reserve,,,,,,,,,,,,,,,,,,,,,,,,,,,,,,,,,,,,,,,,,,,,,,,,,,,,,,,,,,,,,,,,,,,,,,,,,,,,,,,,,,,,,,,,,,,,,,,,,,,,,,,,,,,,,,,,IE0004006,97,protected_area,,,,,,,,,,,,,,,,,,,,,,,,,,,,,,multipolygon,North Bull Island Special Protection Area,,,,,,/Users/kevincredit/Library/CloudStorage/OneDrive-MaynoothUniversity/D8Dash paper/BSpace.shp|layername=BSpace,11800.000000000000000,355.576191124958711,-6.176496691,53.3409204
120,r7544494,7544494,relation,nature_reserve,,,,,,,,,,,,,,,,,,,,,,,,,,,,,,,,,,,,,,,,,,,,,,,,,,,,,,,,,,,,,,,,,,,,,,,,,,,,,,,,,,,,,,,,,,,,,,,,,,,,,,,,,,,,,,,,IE0004006,97,protected_area,,,,,,,,,,,,,,,,,,,,,,,,,,,,,,multipolygon,North Bull Island Special Protection Area,,,,,,/Users/kevincredit/Library/CloudStorage/OneDrive-MaynoothUniversity/D8Dash paper/BSpace.shp|layername=BSpace,11900.000000000000000,86.604842929101338,-6.176496691,53.3409204
121,r7544494,7544494,relation,nature_reserve,,,,,,,,,,,,,,,,,,,,,,,,,,,,,,,,,,,,,,,,,,,,,,,,,,,,,,,,,,,,,,,,,,,,,,,,,,,,,,,,,,,,,,,,,,,,,,,,,,,,,,,,,,,,,,,,IE0004006,97,protected_area,,,,,,,,,,,,,,,,,,,,,,,,,,,,,,multipolygon,North Bull Island Special Protection Area,,,,,,/Users/kevincredit/Library/CloudStorage/OneDrive-MaynoothUniversity/D8Dash paper/BSpace.shp|layername=BSpace,12000.000000000000000,87.193173337364826,-6.176496691,53.3409204
122,r7544494,7544494,relation,nature_reserve,,,,,,,,,,,,,,,,,,,,,,,,,,,,,,,,,,,,,,,,,,,,,,,,,,,,,,,,,,,,,,,,,,,,,,,,,,,,,,,,,,,,,,,,,,,,,,,,,,,,,,,,,,,,,,,,IE0004006,97,protected_area,,,,,,,,,,,,,,,,,,,,,,,,,,,,,,multipolygon,North Bull Island Special Protection Area,,,,,,/Users/kevincredit/Library/CloudStorage/OneDrive-MaynoothUniversity/D8Dash paper/BSpace.shp|layername=BSpace,12100.000000000000000,87.193173337364826,-6.176496691,53.3409204
123,r7544494,7544494,relation,nature_reserve,,,,,,,,,,,,,,,,,,,,,,,,,,,,,,,,,,,,,,,,,,,,,,,,,,,,,,,,,,,,,,,,,,,,,,,,,,,,,,,,,,,,,,,,,,,,,,,,,,,,,,,,,,,,,,,,IE0004006,97,protected_area,,,,,,,,,,,,,,,,,,,,,,,,,,,,,,multipolygon,North Bull Island Special Protection Area,,,,,,/Users/kevincredit/Library/CloudStorage/OneDrive-MaynoothUniversity/D8Dash paper/BSpace.shp|layername=BSpace,12200.000000000000000,86.650287801565057,-6.176496691,53.3409204
124,r7544494,7544494,relation,nature_reserve,,,,,,,,,,,,,,,,,,,,,,,,,,,,,,,,,,,,,,,,,,,,,,,,,,,,,,,,,,,,,,,,,,,,,,,,,,,,,,,,,,,,,,,,,,,,,,,,,,,,,,,,,,,,,,,,IE0004006,97,protected_area,,,,,,,,,,,,,,,,,,,,,,,,,,,,,,multipolygon,North Bull Island Special Protection Area,,,,,,/Users/kevincredit/Library/CloudStorage/OneDrive-MaynoothUniversity/D8Dash paper/BSpace.shp|layername=BSpace,12300.000000000000000,86.650287801565057,-6.176496691,53.3409204
125,r7544494,7544494,relation,nature_reserve,,,,,,,,,,,,,,,,,,,,,,,,,,,,,,,,,,,,,,,,,,,,,,,,,,,,,,,,,,,,,,,,,,,,,,,,,,,,,,,,,,,,,,,,,,,,,,,,,,,,,,,,,,,,,,,,IE0004006,97,protected_area,,,,,,,,,,,,,,,,,,,,,,,,,,,,,,multipolygon,North Bull Island Special Protection Area,,,,,,/Users/kevincredit/Library/CloudStorage/OneDrive-MaynoothUniversity/D8Dash paper/BSpace.shp|layername=BSpace,12400.000000000000000,86.713271208810923,-6.167749049,53.34103564
126,r7544494,7544494,relation,nature_reserve,,,,,,,,,,,,,,,,,,,,,,,,,,,,,,,,,,,,,,,,,,,,,,,,,,,,,,,,,,,,,,,,,,,,,,,,,,,,,,,,,,,,,,,,,,,,,,,,,,,,,,,,,,,,,,,,IE0004006,97,protected_area,,,,,,,,,,,,,,,,,,,,,,,,,,,,,,multipolygon,North Bull Island Special Protection Area,,,,,,/Users/kevincredit/Library/CloudStorage/OneDrive-MaynoothUniversity/D8Dash paper/BSpace.shp|layername=BSpace,12500.000000000000000,86.713271208810923,-6.166248787,53.3410641
127,r7544494,7544494,relation,nature_reserve,,,,,,,,,,,,,,,,,,,,,,,,,,,,,,,,,,,,,,,,,,,,,,,,,,,,,,,,,,,,,,,,,,,,,,,,,,,,,,,,,,,,,,,,,,,,,,,,,,,,,,,,,,,,,,,,IE0004006,97,protected_area,,,,,,,,,,,,,,,,,,,,,,,,,,,,,,multipolygon,North Bull Island Special Protection Area,,,,,,/Users/kevincredit/Library/CloudStorage/OneDrive-MaynoothUniversity/D8Dash paper/BSpace.shp|layername=BSpace,12600.000000000000000,87.927794091424531,-6.16475096,53.34111939
128,r7544494,7544494,relation,nature_reserve,,,,,,,,,,,,,,,,,,,,,,,,,,,,,,,,,,,,,,,,,,,,,,,,,,,,,,,,,,,,,,,,,,,,,,,,,,,,,,,,,,,,,,,,,,,,,,,,,,,,,,,,,,,,,,,,IE0004006,97,protected_area,,,,,,,,,,,,,,,,,,,,,,,,,,,,,,multipolygon,North Bull Island Special Protection Area,,,,,,/Users/kevincredit/Library/CloudStorage/OneDrive-MaynoothUniversity/D8Dash paper/BSpace.shp|layername=BSpace,12700.000000000000000,84.979449091673004,-6.163407972,53.34112533
129,r7544494,7544494,relation,nature_reserve,,,,,,,,,,,,,,,,,,,,,,,,,,,,,,,,,,,,,,,,,,,,,,,,,,,,,,,,,,,,,,,,,,,,,,,,,,,,,,,,,,,,,,,,,,,,,,,,,,,,,,,,,,,,,,,,IE0004006,97,protected_area,,,,,,,,,,,,,,,,,,,,,,,,,,,,,,multipolygon,North Bull Island Special Protection Area,,,,,,/Users/kevincredit/Library/CloudStorage/OneDrive-MaynoothUniversity/D8Dash paper/BSpace.shp|layername=BSpace,12800.000000000000000,89.915807762216261,-6.1619097,53.34117689
130,r7544494,7544494,relation,nature_reserve,,,,,,,,,,,,,,,,,,,,,,,,,,,,,,,,,,,,,,,,,,,,,,,,,,,,,,,,,,,,,,,,,,,,,,,,,,,,,,,,,,,,,,,,,,,,,,,,,,,,,,,,,,,,,,,,IE0004006,97,protected_area,,,,,,,,,,,,,,,,,,,,,,,,,,,,,,multipolygon,North Bull Island Special Protection Area,,,,,,/Users/kevincredit/Library/CloudStorage/OneDrive-MaynoothUniversity/D8Dash paper/BSpace.shp|layername=BSpace,12900.000000000000000,94.542495995775909,-6.160413907,53.34111087
131,r7544494,7544494,relation,nature_reserve,,,,,,,,,,,,,,,,,,,,,,,,,,,,,,,,,,,,,,,,,,,,,,,,,,,,,,,,,,,,,,,,,,,,,,,,,,,,,,,,,,,,,,,,,,,,,,,,,,,,,,,,,,,,,,,,IE0004006,97,protected_area,,,,,,,,,,,,,,,,,,,,,,,,,,,,,,multipolygon,North Bull Island Special Protection Area,,,,,,/Users/kevincredit/Library/CloudStorage/OneDrive-MaynoothUniversity/D8Dash paper/BSpace.shp|layername=BSpace,13000.000000000000000,78.400357506364813,-6.158929563,53.34115696
132,r7544494,7544494,relation,nature_reserve,,,,,,,,,,,,,,,,,,,,,,,,,,,,,,,,,,,,,,,,,,,,,,,,,,,,,,,,,,,,,,,,,,,,,,,,,,,,,,,,,,,,,,,,,,,,,,,,,,,,,,,,,,,,,,,,IE0004006,97,protected_area,,,,,,,,,,,,,,,,,,,,,,,,,,,,,,multipolygon,North Bull Island Special Protection Area,,,,,,/Users/kevincredit/Library/CloudStorage/OneDrive-MaynoothUniversity/D8Dash paper/BSpace.shp|layername=BSpace,13100.000000000000000,78.400357506364813,-6.157451904,53.34131484
133,r7544494,7544494,relation,nature_reserve,,,,,,,,,,,,,,,,,,,,,,,,,,,,,,,,,,,,,,,,,,,,,,,,,,,,,,,,,,,,,,,,,,,,,,,,,,,,,,,,,,,,,,,,,,,,,,,,,,,,,,,,,,,,,,,,IE0004006,97,protected_area,,,,,,,,,,,,,,,,,,,,,,,,,,,,,,multipolygon,North Bull Island Special Protection Area,,,,,,/Users/kevincredit/Library/CloudStorage/OneDrive-MaynoothUniversity/D8Dash paper/BSpace.shp|layername=BSpace,13200.000000000000000,76.963973186270849,-6.155979105,53.34148792
134,r7544494,7544494,relation,nature_reserve,,,,,,,,,,,,,,,,,,,,,,,,,,,,,,,,,,,,,,,,,,,,,,,,,,,,,,,,,,,,,,,,,,,,,,,,,,,,,,,,,,,,,,,,,,,,,,,,,,,,,,,,,,,,,,,,IE0004006,97,protected_area,,,,,,,,,,,,,,,,,,,,,,,,,,,,,,multipolygon,North Bull Island Special Protection Area,,,,,,/Users/kevincredit/Library/CloudStorage/OneDrive-MaynoothUniversity/D8Dash paper/BSpace.shp|layername=BSpace,13300.000000000000000,79.197965952171273,-6.154501701,53.34164579
135,r7544494,7544494,relation,nature_reserve,,,,,,,,,,,,,,,,,,,,,,,,,,,,,,,,,,,,,,,,,,,,,,,,,,,,,,,,,,,,,,,,,,,,,,,,,,,,,,,,,,,,,,,,,,,,,,,,,,,,,,,,,,,,,,,,IE0004006,97,protected_area,,,,,,,,,,,,,,,,,,,,,,,,,,,,,,multipolygon,North Bull Island Special Protection Area,,,,,,/Users/kevincredit/Library/CloudStorage/OneDrive-MaynoothUniversity/D8Dash paper/BSpace.shp|layername=BSpace,13400.000000000000000,73.757226133087698,-6.153042219,53.3418535
136,r7544494,7544494,relation,nature_reserve,,,,,,,,,,,,,,,,,,,,,,,,,,,,,,,,,,,,,,,,,,,,,,,,,,,,,,,,,,,,,,,,,,,,,,,,,,,,,,,,,,,,,,,,,,,,,,,,,,,,,,,,,,,,,,,,IE0004006,97,protected_area,,,,,,,,,,,,,,,,,,,,,,,,,,,,,,multipolygon,North Bull Island Special Protection Area,,,,,,/Users/kevincredit/Library/CloudStorage/OneDrive-MaynoothUniversity/D8Dash paper/BSpace.shp|layername=BSpace,13500.000000000000000,81.361240293468086,-6.151614737,53.34198642
137,r7544494,7544494,relation,nature_reserve,,,,,,,,,,,,,,,,,,,,,,,,,,,,,,,,,,,,,,,,,,,,,,,,,,,,,,,,,,,,,,,,,,,,,,,,,,,,,,,,,,,,,,,,,,,,,,,,,,,,,,,,,,,,,,,,IE0004006,97,protected_area,,,,,,,,,,,,,,,,,,,,,,,,,,,,,,multipolygon,North Bull Island Special Protection Area,,,,,,/Users/kevincredit/Library/CloudStorage/OneDrive-MaynoothUniversity/D8Dash paper/BSpace.shp|layername=BSpace,18100.000000000000000,336.350179732879099,-6.13132393,53.30338414
138,r7544494,7544494,relation,nature_reserve,,,,,,,,,,,,,,,,,,,,,,,,,,,,,,,,,,,,,,,,,,,,,,,,,,,,,,,,,,,,,,,,,,,,,,,,,,,,,,,,,,,,,,,,,,,,,,,,,,,,,,,,,,,,,,,,IE0004006,97,protected_area,,,,,,,,,,,,,,,,,,,,,,,,,,,,,,multipolygon,North Bull Island Special Protection Area,,,,,,/Users/kevincredit/Library/CloudStorage/OneDrive-MaynoothUniversity/D8Dash paper/BSpace.shp|layername=BSpace,18200.000000000000000,278.503269762044056,-6.132464771,53.30361483
139,r7544494,7544494,relation,nature_reserve,,,,,,,,,,,,,,,,,,,,,,,,,,,,,,,,,,,,,,,,,,,,,,,,,,,,,,,,,,,,,,,,,,,,,,,,,,,,,,,,,,,,,,,,,,,,,,,,,,,,,,,,,,,,,,,,IE0004006,97,protected_area,,,,,,,,,,,,,,,,,,,,,,,,,,,,,,multipolygon,North Bull Island Special Protection Area,,,,,,/Users/kevincredit/Library/CloudStorage/OneDrive-MaynoothUniversity/D8Dash paper/BSpace.shp|layername=BSpace,18300.000000000000000,278.503269762044056,-6.133939106,53.30377912
140,r7544494,7544494,relation,nature_reserve,,,,,,,,,,,,,,,,,,,,,,,,,,,,,,,,,,,,,,,,,,,,,,,,,,,,,,,,,,,,,,,,,,,,,,,,,,,,,,,,,,,,,,,,,,,,,,,,,,,,,,,,,,,,,,,,IE0004006,97,protected_area,,,,,,,,,,,,,,,,,,,,,,,,,,,,,,multipolygon,North Bull Island Special Protection Area,,,,,,/Users/kevincredit/Library/CloudStorage/OneDrive-MaynoothUniversity/D8Dash paper/BSpace.shp|layername=BSpace,18400.000000000000000,242.362021172705198,-6.135120891,53.3039108
141,r7544494,7544494,relation,nature_reserve,,,,,,,,,,,,,,,,,,,,,,,,,,,,,,,,,,,,,,,,,,,,,,,,,,,,,,,,,,,,,,,,,,,,,,,,,,,,,,,,,,,,,,,,,,,,,,,,,,,,,,,,,,,,,,,,IE0004006,97,protected_area,,,,,,,,,,,,,,,,,,,,,,,,,,,,,,multipolygon,North Bull Island Special Protection Area,,,,,,/Users/kevincredit/Library/CloudStorage/OneDrive-MaynoothUniversity/D8Dash paper/BSpace.shp|layername=BSpace,18500.000000000000000,242.362021172705198,-6.136429614,53.30350314
142,r7544494,7544494,relation,nature_reserve,,,,,,,,,,,,,,,,,,,,,,,,,,,,,,,,,,,,,,,,,,,,,,,,,,,,,,,,,,,,,,,,,,,,,,,,,,,,,,,,,,,,,,,,,,,,,,,,,,,,,,,,,,,,,,,,IE0004006,97,protected_area,,,,,,,,,,,,,,,,,,,,,,,,,,,,,,multipolygon,North Bull Island Special Protection Area,,,,,,/Users/kevincredit/Library/CloudStorage/OneDrive-MaynoothUniversity/D8Dash paper/BSpace.shp|layername=BSpace,18600.000000000000000,242.362021172705198,-6.137759103,53.30307873
143,r7544494,7544494,relation,nature_reserve,,,,,,,,,,,,,,,,,,,,,,,,,,,,,,,,,,,,,,,,,,,,,,,,,,,,,,,,,,,,,,,,,,,,,,,,,,,,,,,,,,,,,,,,,,,,,,,,,,,,,,,,,,,,,,,,IE0004006,97,protected_area,,,,,,,,,,,,,,,,,,,,,,,,,,,,,,multipolygon,North Bull Island Special Protection Area,,,,,,/Users/kevincredit/Library/CloudStorage/OneDrive-MaynoothUniversity/D8Dash paper/BSpace.shp|layername=BSpace,18700.000000000000000,242.362021172705198,-6.139093249,53.30266878
144,r7544494,7544494,relation,nature_reserve,,,,,,,,,,,,,,,,,,,,,,,,,,,,,,,,,,,,,,,,,,,,,,,,,,,,,,,,,,,,,,,,,,,,,,,,,,,,,,,,,,,,,,,,,,,,,,,,,,,,,,,,,,,,,,,,IE0004006,97,protected_area,,,,,,,,,,,,,,,,,,,,,,,,,,,,,,multipolygon,North Bull Island Special Protection Area,,,,,,/Users/kevincredit/Library/CloudStorage/OneDrive-MaynoothUniversity/D8Dash paper/BSpace.shp|layername=BSpace,18800.000000000000000,214.628736510602067,-6.139947754,53.30212859
145,r7544494,7544494,relation,nature_reserve,,,,,,,,,,,,,,,,,,,,,,,,,,,,,,,,,,,,,,,,,,,,,,,,,,,,,,,,,,,,,,,,,,,,,,,,,,,,,,,,,,,,,,,,,,,,,,,,,,,,,,,,,,,,,,,,IE0004006,97,protected_area,,,,,,,,,,,,,,,,,,,,,,,,,,,,,,multipolygon,North Bull Island Special Protection Area,,,,,,/Users/kevincredit/Library/CloudStorage/OneDrive-MaynoothUniversity/D8Dash paper/BSpace.shp|layername=BSpace,18900.000000000000000,214.628736510602067,-6.140831101,53.30140265
146,r7544494,7544494,relation,nature_reserve,,,,,,,,,,,,,,,,,,,,,,,,,,,,,,,,,,,,,,,,,,,,,,,,,,,,,,,,,,,,,,,,,,,,,,,,,,,,,,,,,,,,,,,,,,,,,,,,,,,,,,,,,,,,,,,,IE0004006,97,protected_area,,,,,,,,,,,,,,,,,,,,,,,,,,,,,,multipolygon,North Bull Island Special Protection Area,,,,,,/Users/kevincredit/Library/CloudStorage/OneDrive-MaynoothUniversity/D8Dash paper/BSpace.shp|layername=BSpace,19000.000000000000000,214.628736510602067,-6.141714419,53.30067669
147,r7544494,7544494,relation,nature_reserve,,,,,,,,,,,,,,,,,,,,,,,,,,,,,,,,,,,,,,,,,,,,,,,,,,,,,,,,,,,,,,,,,,,,,,,,,,,,,,,,,,,,,,,,,,,,,,,,,,,,,,,,,,,,,,,,IE0004006,97,protected_area,,,,,,,,,,,,,,,,,,,,,,,,,,,,,,multipolygon,North Bull Island Special Protection Area,,,,,,/Users/kevincredit/Library/CloudStorage/OneDrive-MaynoothUniversity/D8Dash paper/BSpace.shp|layername=BSpace,19100.000000000000000,216.247914097111590,-6.142604557,53.29995199
148,r7544494,7544494,relation,nature_reserve,,,,,,,,,,,,,,,,,,,,,,,,,,,,,,,,,,,,,,,,,,,,,,,,,,,,,,,,,,,,,,,,,,,,,,,,,,,,,,,,,,,,,,,,,,,,,,,,,,,,,,,,,,,,,,,,IE0004006,97,protected_area,,,,,,,,,,,,,,,,,,,,,,,,,,,,,,multipolygon,North Bull Island Special Protection Area,,,,,,/Users/kevincredit/Library/CloudStorage/OneDrive-MaynoothUniversity/D8Dash paper/BSpace.shp|layername=BSpace,19200.000000000000000,218.676772101542753,-6.143488983,53.29923131
149,r7544494,7544494,relation,nature_reserve,,,,,,,,,,,,,,,,,,,,,,,,,,,,,,,,,,,,,,,,,,,,,,,,,,,,,,,,,,,,,,,,,,,,,,,,,,,,,,,,,,,,,,,,,,,,,,,,,,,,,,,,,,,,,,,,IE0004006,97,protected_area,,,,,,,,,,,,,,,,,,,,,,,,,,,,,,multipolygon,North Bull Island Special Protection Area,,,,,,/Users/kevincredit/Library/CloudStorage/OneDrive-MaynoothUniversity/D8Dash paper/BSpace.shp|layername=BSpace,19300.000000000000000,236.324416765443033,-6.144351909,53.2985167
150,r7544494,7544494,relation,nature_reserve,,,,,,,,,,,,,,,,,,,,,,,,,,,,,,,,,,,,,,,,,,,,,,,,,,,,,,,,,,,,,,,,,,,,,,,,,,,,,,,,,,,,,,,,,,,,,,,,,,,,,,,,,,,,,,,,IE0004006,97,protected_area,,,,,,,,,,,,,,,,,,,,,,,,,,,,,,multipolygon,North Bull Island Special Protection Area,,,,,,/Users/kevincredit/Library/CloudStorage/OneDrive-MaynoothUniversity/D8Dash paper/BSpace.shp|layername=BSpace,19400.000000000000000,267.386821999009385,-6.190064391,53.3502578
151,r7544494,7544494,relation,nature_reserve,,,,,,,,,,,,,,,,,,,,,,,,,,,,,,,,,,,,,,,,,,,,,,,,,,,,,,,,,,,,,,,,,,,,,,,,,,,,,,,,,,,,,,,,,,,,,,,,,,,,,,,,,,,,,,,,IE0004006,97,protected_area,,,,,,,,,,,,,,,,,,,,,,,,,,,,,,multipolygon,North Bull Island Special Protection Area,,,,,,/Users/kevincredit/Library/CloudStorage/OneDrive-MaynoothUniversity/D8Dash paper/BSpace.shp|layername=BSpace,19500.000000000000000,267.386821999009385,-6.190064391,53.3502578
152,r7544494,7544494,relation,nature_reserve,,,,,,,,,,,,,,,,,,,,,,,,,,,,,,,,,,,,,,,,,,,,,,,,,,,,,,,,,,,,,,,,,,,,,,,,,,,,,,,,,,,,,,,,,,,,,,,,,,,,,,,,,,,,,,,,IE0004006,97,protected_area,,,,,,,,,,,,,,,,,,,,,,,,,,,,,,multipolygon,North Bull Island Special Protection Area,,,,,,/Users/kevincredit/Library/CloudStorage/OneDrive-MaynoothUniversity/D8Dash paper/BSpace.shp|layername=BSpace,19600.000000000000000,267.386821999009385,-6.194457591,53.3501182
153,r7544494,7544494,relation,nature_reserve,,,,,,,,,,,,,,,,,,,,,,,,,,,,,,,,,,,,,,,,,,,,,,,,,,,,,,,,,,,,,,,,,,,,,,,,,,,,,,,,,,,,,,,,,,,,,,,,,,,,,,,,,,,,,,,,IE0004006,97,protected_area,,,,,,,,,,,,,,,,,,,,,,,,,,,,,,multipolygon,North Bull Island Special Protection Area,,,,,,/Users/kevincredit/Library/CloudStorage/OneDrive-MaynoothUniversity/D8Dash paper/BSpace.shp|layername=BSpace,19700.000000000000000,267.386821999009385,-6.194545691,53.3502259
154,r7544494,7544494,relation,nature_reserve,,,,,,,,,,,,,,,,,,,,,,,,,,,,,,,,,,,,,,,,,,,,,,,,,,,,,,,,,,,,,,,,,,,,,,,,,,,,,,,,,,,,,,,,,,,,,,,,,,,,,,,,,,,,,,,,IE0004006,97,protected_area,,,,,,,,,,,,,,,,,,,,,,,,,,,,,,multipolygon,North Bull Island Special Protection Area,,,,,,/Users/kevincredit/Library/CloudStorage/OneDrive-MaynoothUniversity/D8Dash paper/BSpace.shp|layername=BSpace,19800.000000000000000,267.386821999009385,-6.195367409,53.35023509
155,r7544494,7544494,relation,nature_reserve,,,,,,,,,,,,,,,,,,,,,,,,,,,,,,,,,,,,,,,,,,,,,,,,,,,,,,,,,,,,,,,,,,,,,,,,,,,,,,,,,,,,,,,,,,,,,,,,,,,,,,,,,,,,,,,,IE0004006,97,protected_area,,,,,,,,,,,,,,,,,,,,,,,,,,,,,,multipolygon,North Bull Island Special Protection Area,,,,,,/Users/kevincredit/Library/CloudStorage/OneDrive-MaynoothUniversity/D8Dash paper/BSpace.shp|layername=BSpace,19900.000000000000000,0.184816228,-6.196255193,53.35102912
156,r7544494,7544494,relation,nature_reserve,,,,,,,,,,,,,,,,,,,,,,,,,,,,,,,,,,,,,,,,,,,,,,,,,,,,,,,,,,,,,,,,,,,,,,,,,,,,,,,,,,,,,,,,,,,,,,,,,,,,,,,,,,,,,,,,IE0004006,97,protected_area,,,,,,,,,,,,,,,,,,,,,,,,,,,,,,multipolygon,North Bull Island Special Protection Area,,,,,,/Users/kevincredit/Library/CloudStorage/OneDrive-MaynoothUniversity/D8Dash paper/BSpace.shp|layername=BSpace,20000.000000000000000,0.184816228,-6.19629138,53.35192155
157,r7544494,7544494,relation,nature_reserve,,,,,,,,,,,,,,,,,,,,,,,,,,,,,,,,,,,,,,,,,,,,,,,,,,,,,,,,,,,,,,,,,,,,,,,,,,,,,,,,,,,,,,,,,,,,,,,,,,,,,,,,,,,,,,,,IE0004006,97,protected_area,,,,,,,,,,,,,,,,,,,,,,,,,,,,,,multipolygon,North Bull Island Special Protection Area,,,,,,/Users/kevincredit/Library/CloudStorage/OneDrive-MaynoothUniversity/D8Dash paper/BSpace.shp|layername=BSpace,20100.000000000000000,0.184816228,-6.196342698,53.35281759
158,r7544494,7544494,relation,nature_reserve,,,,,,,,,,,,,,,,,,,,,,,,,,,,,,,,,,,,,,,,,,,,,,,,,,,,,,,,,,,,,,,,,,,,,,,,,,,,,,,,,,,,,,,,,,,,,,,,,,,,,,,,,,,,,,,,IE0004006,97,protected_area,,,,,,,,,,,,,,,,,,,,,,,,,,,,,,multipolygon,North Bull Island Special Protection Area,,,,,,/Users/kevincredit/Library/CloudStorage/OneDrive-MaynoothUniversity/D8Dash paper/BSpace.shp|layername=BSpace,20200.000000000000000,268.366207187476391,-6.196811436,53.35309068
159,r7544494,7544494,relation,nature_reserve,,,,,,,,,,,,,,,,,,,,,,,,,,,,,,,,,,,,,,,,,,,,,,,,,,,,,,,,,,,,,,,,,,,,,,,,,,,,,,,,,,,,,,,,,,,,,,,,,,,,,,,,,,,,,,,,IE0004006,97,protected_area,,,,,,,,,,,,,,,,,,,,,,,,,,,,,,multipolygon,North Bull Island Special Protection Area,,,,,,/Users/kevincredit/Library/CloudStorage/OneDrive-MaynoothUniversity/D8Dash paper/BSpace.shp|layername=BSpace,20300.000000000000000,268.366207187476391,-6.198312764,53.35308126
160,r7544494,7544494,relation,nature_reserve,,,,,,,,,,,,,,,,,,,,,,,,,,,,,,,,,,,,,,,,,,,,,,,,,,,,,,,,,,,,,,,,,,,,,,,,,,,,,,,,,,,,,,,,,,,,,,,,,,,,,,,,,,,,,,,,IE0004006,97,protected_area,,,,,,,,,,,,,,,,,,,,,,,,,,,,,,multipolygon,North Bull Island Special Protection Area,,,,,,/Users/kevincredit/Library/CloudStorage/OneDrive-MaynoothUniversity/D8Dash paper/BSpace.shp|layername=BSpace,20400.000000000000000,271.463743003051775,-6.199710075,53.35307536
161,r7544494,7544494,relation,nature_reserve,,,,,,,,,,,,,,,,,,,,,,,,,,,,,,,,,,,,,,,,,,,,,,,,,,,,,,,,,,,,,,,,,,,,,,,,,,,,,,,,,,,,,,,,,,,,,,,,,,,,,,,,,,,,,,,,IE0004006,97,protected_area,,,,,,,,,,,,,,,,,,,,,,,,,,,,,,multipolygon,North Bull Island Special Protection Area,,,,,,/Users/kevincredit/Library/CloudStorage/OneDrive-MaynoothUniversity/D8Dash paper/BSpace.shp|layername=BSpace,20500.000000000000000,271.463743003051775,-6.201209734,53.35307712
162,r7544494,7544494,relation,nature_reserve,,,,,,,,,,,,,,,,,,,,,,,,,,,,,,,,,,,,,,,,,,,,,,,,,,,,,,,,,,,,,,,,,,,,,,,,,,,,,,,,,,,,,,,,,,,,,,,,,,,,,,,,,,,,,,,,IE0004006,97,protected_area,,,,,,,,,,,,,,,,,,,,,,,,,,,,,,multipolygon,North Bull Island Special Protection Area,,,,,,/Users/kevincredit/Library/CloudStorage/OneDrive-MaynoothUniversity/D8Dash paper/BSpace.shp|layername=BSpace,20600.000000000000000,271.463743003051775,-6.202737815,53.3530858
163,r7544494,7544494,relation,nature_reserve,,,,,,,,,,,,,,,,,,,,,,,,,,,,,,,,,,,,,,,,,,,,,,,,,,,,,,,,,,,,,,,,,,,,,,,,,,,,,,,,,,,,,,,,,,,,,,,,,,,,,,,,,,,,,,,,IE0004006,97,protected_area,,,,,,,,,,,,,,,,,,,,,,,,,,,,,,multipolygon,North Bull Island Special Protection Area,,,,,,/Users/kevincredit/Library/CloudStorage/OneDrive-MaynoothUniversity/D8Dash paper/BSpace.shp|layername=BSpace,20700.000000000000000,271.463743003051775,-6.20423805,53.35316294
164,r7544494,7544494,relation,nature_reserve,,,,,,,,,,,,,,,,,,,,,,,,,,,,,,,,,,,,,,,,,,,,,,,,,,,,,,,,,,,,,,,,,,,,,,,,,,,,,,,,,,,,,,,,,,,,,,,,,,,,,,,,,,,,,,,,IE0004006,97,protected_area,,,,,,,,,,,,,,,,,,,,,,,,,,,,,,multipolygon,North Bull Island Special Protection Area,,,,,,/Users/kevincredit/Library/CloudStorage/OneDrive-MaynoothUniversity/D8Dash paper/BSpace.shp|layername=BSpace,20800.000000000000000,274.338472502915351,-6.205726216,53.35322228
165,r7544494,7544494,relation,nature_reserve,,,,,,,,,,,,,,,,,,,,,,,,,,,,,,,,,,,,,,,,,,,,,,,,,,,,,,,,,,,,,,,,,,,,,,,,,,,,,,,,,,,,,,,,,,,,,,,,,,,,,,,,,,,,,,,,IE0004006,97,protected_area,,,,,,,,,,,,,,,,,,,,,,,,,,,,,,multipolygon,North Bull Island Special Protection Area,,,,,,/Users/kevincredit/Library/CloudStorage/OneDrive-MaynoothUniversity/D8Dash paper/BSpace.shp|layername=BSpace,20900.000000000000000,274.338472502915351,-6.207263321,53.35336098
166,r7544494,7544494,relation,nature_reserve,,,,,,,,,,,,,,,,,,,,,,,,,,,,,,,,,,,,,,,,,,,,,,,,,,,,,,,,,,,,,,,,,,,,,,,,,,,,,,,,,,,,,,,,,,,,,,,,,,,,,,,,,,,,,,,,IE0004006,97,protected_area,,,,,,,,,,,,,,,,,,,,,,,,,,,,,,multipolygon,North Bull Island Special Protection Area,,,,,,/Users/kevincredit/Library/CloudStorage/OneDrive-MaynoothUniversity/D8Dash paper/BSpace.shp|layername=BSpace,21000.000000000000000,274.338472502915351,-6.208718398,53.3533951
167,r7544494,7544494,relation,nature_reserve,,,,,,,,,,,,,,,,,,,,,,,,,,,,,,,,,,,,,,,,,,,,,,,,,,,,,,,,,,,,,,,,,,,,,,,,,,,,,,,,,,,,,,,,,,,,,,,,,,,,,,,,,,,,,,,,IE0004006,97,protected_area,,,,,,,,,,,,,,,,,,,,,,,,,,,,,,multipolygon,North Bull Island Special Protection Area,,,,,,/Users/kevincredit/Library/CloudStorage/OneDrive-MaynoothUniversity/D8Dash paper/BSpace.shp|layername=BSpace,21100.000000000000000,274.338472502915351,-6.210215048,53.35346351
168,r7544494,7544494,relation,nature_reserve,,,,,,,,,,,,,,,,,,,,,,,,,,,,,,,,,,,,,,,,,,,,,,,,,,,,,,,,,,,,,,,,,,,,,,,,,,,,,,,,,,,,,,,,,,,,,,,,,,,,,,,,,,,,,,,,IE0004006,97,protected_area,,,,,,,,,,,,,,,,,,,,,,,,,,,,,,multipolygon,North Bull Island Special Protection Area,,,,,,/Users/kevincredit/Library/CloudStorage/OneDrive-MaynoothUniversity/D8Dash paper/BSpace.shp|layername=BSpace,21200.000000000000000,2.375925559064987,-6.21113005,53.35442645
169,r7544494,7544494,relation,nature_reserve,,,,,,,,,,,,,,,,,,,,,,,,,,,,,,,,,,,,,,,,,,,,,,,,,,,,,,,,,,,,,,,,,,,,,,,,,,,,,,,,,,,,,,,,,,,,,,,,,,,,,,,,,,,,,,,,IE0004006,97,protected_area,,,,,,,,,,,,,,,,,,,,,,,,,,,,,,multipolygon,North Bull Island Special Protection Area,,,,,,/Users/kevincredit/Library/CloudStorage/OneDrive-MaynoothUniversity/D8Dash paper/BSpace.shp|layername=BSpace,21300.000000000000000,2.375925559064987,-6.211124491,53.3554537
170,r7544494,7544494,relation,nature_reserve,,,,,,,,,,,,,,,,,,,,,,,,,,,,,,,,,,,,,,,,,,,,,,,,,,,,,,,,,,,,,,,,,,,,,,,,,,,,,,,,,,,,,,,,,,,,,,,,,,,,,,,,,,,,,,,,IE0004006,97,protected_area,,,,,,,,,,,,,,,,,,,,,,,,,,,,,,multipolygon,North Bull Island Special Protection Area,,,,,,/Users/kevincredit/Library/CloudStorage/OneDrive-MaynoothUniversity/D8Dash paper/BSpace.shp|layername=BSpace,21400.000000000000000,2.375925559064987,-6.211111891,53.3555441
171,r7544494,7544494,relation,nature_reserve,,,,,,,,,,,,,,,,,,,,,,,,,,,,,,,,,,,,,,,,,,,,,,,,,,,,,,,,,,,,,,,,,,,,,,,,,,,,,,,,,,,,,,,,,,,,,,,,,,,,,,,,,,,,,,,,IE0004006,97,protected_area,,,,,,,,,,,,,,,,,,,,,,,,,,,,,,multipolygon,North Bull Island Special Protection Area,,,,,,/Users/kevincredit/Library/CloudStorage/OneDrive-MaynoothUniversity/D8Dash paper/BSpace.shp|layername=BSpace,21500.000000000000000,274.643325721402391,-6.211111891,53.3555441
172,r7544494,7544494,relation,nature_reserve,,,,,,,,,,,,,,,,,,,,,,,,,,,,,,,,,,,,,,,,,,,,,,,,,,,,,,,,,,,,,,,,,,,,,,,,,,,,,,,,,,,,,,,,,,,,,,,,,,,,,,,,,,,,,,,,IE0004006,97,protected_area,,,,,,,,,,,,,,,,,,,,,,,,,,,,,,multipolygon,North Bull Island Special Protection Area,,,,,,/Users/kevincredit/Library/CloudStorage/OneDrive-MaynoothUniversity/D8Dash paper/BSpace.shp|layername=BSpace,21600.000000000000000,270.014707470662586,-6.212520091,53.3555192
173,r7544494,7544494,relation,nature_reserve,,,,,,,,,,,,,,,,,,,,,,,,,,,,,,,,,,,,,,,,,,,,,,,,,,,,,,,,,,,,,,,,,,,,,,,,,,,,,,,,,,,,,,,,,,,,,,,,,,,,,,,,,,,,,,,,IE0004006,97,protected_area,,,,,,,,,,,,,,,,,,,,,,,,,,,,,,multipolygon,North Bull Island Special Protection Area,,,,,,/Users/kevincredit/Library/CloudStorage/OneDrive-MaynoothUniversity/D8Dash paper/BSpace.shp|layername=BSpace,21700.000000000000000,273.569506710776579,-6.215566391,53.3566531
174,r7544494,7544494,relation,nature_reserve,,,,,,,,,,,,,,,,,,,,,,,,,,,,,,,,,,,,,,,,,,,,,,,,,,,,,,,,,,,,,,,,,,,,,,,,,,,,,,,,,,,,,,,,,,,,,,,,,,,,,,,,,,,,,,,,IE0004006,97,protected_area,,,,,,,,,,,,,,,,,,,,,,,,,,,,,,multipolygon,North Bull Island Special Protection Area,,,,,,/Users/kevincredit/Library/CloudStorage/OneDrive-MaynoothUniversity/D8Dash paper/BSpace.shp|layername=BSpace,21800.000000000000000,273.569506710776579,-6.215735975,53.35665867
175,r7544494,7544494,relation,nature_reserve,,,,,,,,,,,,,,,,,,,,,,,,,,,,,,,,,,,,,,,,,,,,,,,,,,,,,,,,,,,,,,,,,,,,,,,,,,,,,,,,,,,,,,,,,,,,,,,,,,,,,,,,,,,,,,,,IE0004006,97,protected_area,,,,,,,,,,,,,,,,,,,,,,,,,,,,,,multipolygon,North Bull Island Special Protection Area,,,,,,/Users/kevincredit/Library/CloudStorage/OneDrive-MaynoothUniversity/D8Dash paper/BSpace.shp|layername=BSpace,21900.000000000000000,282.944592601976865,-6.217253928,53.35674036
176,r7544494,7544494,relation,nature_reserve,,,,,,,,,,,,,,,,,,,,,,,,,,,,,,,,,,,,,,,,,,,,,,,,,,,,,,,,,,,,,,,,,,,,,,,,,,,,,,,,,,,,,,,,,,,,,,,,,,,,,,,,,,,,,,,,IE0004006,97,protected_area,,,,,,,,,,,,,,,,,,,,,,,,,,,,,,multipolygon,North Bull Island Special Protection Area,,,,,,/Users/kevincredit/Library/CloudStorage/OneDrive-MaynoothUniversity/D8Dash paper/BSpace.shp|layername=BSpace,22000.000000000000000,282.944592601976865,-6.218843499,53.35697499
177,r7544494,7544494,relation,nature_reserve,,,,,,,,,,,,,,,,,,,,,,,,,,,,,,,,,,,,,,,,,,,,,,,,,,,,,,,,,,,,,,,,,,,,,,,,,,,,,,,,,,,,,,,,,,,,,,,,,,,,,,,,,,,,,,,,IE0004006,97,protected_area,,,,,,,,,,,,,,,,,,,,,,,,,,,,,,multipolygon,North Bull Island Special Protection Area,,,,,,/Users/kevincredit/Library/CloudStorage/OneDrive-MaynoothUniversity/D8Dash paper/BSpace.shp|layername=BSpace,22100.000000000000000,290.749629112581147,-6.220101944,53.35743782
178,r7544494,7544494,relation,nature_reserve,,,,,,,,,,,,,,,,,,,,,,,,,,,,,,,,,,,,,,,,,,,,,,,,,,,,,,,,,,,,,,,,,,,,,,,,,,,,,,,,,,,,,,,,,,,,,,,,,,,,,,,,,,,,,,,,IE0004006,97,protected_area,,,,,,,,,,,,,,,,,,,,,,,,,,,,,,multipolygon,North Bull Island Special Protection Area,,,,,,/Users/kevincredit/Library/CloudStorage/OneDrive-MaynoothUniversity/D8Dash paper/BSpace.shp|layername=BSpace,22200.000000000000000,290.749629112581147,-6.221534664,53.35774017
179,r7544494,7544494,relation,nature_reserve,,,,,,,,,,,,,,,,,,,,,,,,,,,,,,,,,,,,,,,,,,,,,,,,,,,,,,,,,,,,,,,,,,,,,,,,,,,,,,,,,,,,,,,,,,,,,,,,,,,,,,,,,,,,,,,,IE0004006,97,protected_area,,,,,,,,,,,,,,,,,,,,,,,,,,,,,,multipolygon,North Bull Island Special Protection Area,,,,,,/Users/kevincredit/Library/CloudStorage/OneDrive-MaynoothUniversity/D8Dash paper/BSpace.shp|layername=BSpace,22300.000000000000000,290.749629112581147,-6.222943605,53.35804262
180,r7544494,7544494,relation,nature_reserve,,,,,,,,,,,,,,,,,,,,,,,,,,,,,,,,,,,,,,,,,,,,,,,,,,,,,,,,,,,,,,,,,,,,,,,,,,,,,,,,,,,,,,,,,,,,,,,,,,,,,,,,,,,,,,,,IE0004006,97,protected_area,,,,,,,,,,,,,,,,,,,,,,,,,,,,,,multipolygon,North Bull Island Special Protection Area,,,,,,/Users/kevincredit/Library/CloudStorage/OneDrive-MaynoothUniversity/D8Dash paper/BSpace.shp|layername=BSpace,22400.000000000000000,289.520987490262826,-6.224391631,53.35832156
181,r7544494,7544494,relation,nature_reserve,,,,,,,,,,,,,,,,,,,,,,,,,,,,,,,,,,,,,,,,,,,,,,,,,,,,,,,,,,,,,,,,,,,,,,,,,,,,,,,,,,,,,,,,,,,,,,,,,,,,,,,,,,,,,,,,IE0004006,97,protected_area,,,,,,,,,,,,,,,,,,,,,,,,,,,,,,multipolygon,North Bull Island Special Protection Area,,,,,,/Users/kevincredit/Library/CloudStorage/OneDrive-MaynoothUniversity/D8Dash paper/BSpace.shp|layername=BSpace,22500.000000000000000,289.520987490262826,-6.225778411,53.35865188
182,r7544494,7544494,relation,nature_reserve,,,,,,,,,,,,,,,,,,,,,,,,,,,,,,,,,,,,,,,,,,,,,,,,,,,,,,,,,,,,,,,,,,,,,,,,,,,,,,,,,,,,,,,,,,,,,,,,,,,,,,,,,,,,,,,,IE0004006,97,protected_area,,,,,,,,,,,,,,,,,,,,,,,,,,,,,,multipolygon,North Bull Island Special Protection Area,,,,,,/Users/kevincredit/Library/CloudStorage/OneDrive-MaynoothUniversity/D8Dash paper/BSpace.shp|layername=BSpace,22600.000000000000000,289.520987490262826,-6.227038491,53.3589763
183,r7544494,7544494,relation,nature_reserve,,,,,,,,,,,,,,,,,,,,,,,,,,,,,,,,,,,,,,,,,,,,,,,,,,,,,,,,,,,,,,,,,,,,,,,,,,,,,,,,,,,,,,,,,,,,,,,,,,,,,,,,,,,,,,,,IE0004006,97,protected_area,,,,,,,,,,,,,,,,,,,,,,,,,,,,,,multipolygon,North Bull Island Special Protection Area,,,,,,/Users/kevincredit/Library/CloudStorage/OneDrive-MaynoothUniversity/D8Dash paper/BSpace.shp|layername=BSpace,22700.000000000000000,262.192842497908885,-6.228410693,53.35868351
184,r7544494,7544494,relation,nature_reserve,,,,,,,,,,,,,,,,,,,,,,,,,,,,,,,,,,,,,,,,,,,,,,,,,,,,,,,,,,,,,,,,,,,,,,,,,,,,,,,,,,,,,,,,,,,,,,,,,,,,,,,,,,,,,,,,IE0004006,97,protected_area,,,,,,,,,,,,,,,,,,,,,,,,,,,,,,multipolygon,North Bull Island Special Protection Area,,,,,,/Users/kevincredit/Library/CloudStorage/OneDrive-MaynoothUniversity/D8Dash paper/BSpace.shp|layername=BSpace,22800.000000000000000,47.144974799144315,-6.229456475,53.35894104
185,r7544494,7544494,relation,nature_reserve,,,,,,,,,,,,,,,,,,,,,,,,,,,,,,,,,,,,,,,,,,,,,,,,,,,,,,,,,,,,,,,,,,,,,,,,,,,,,,,,,,,,,,,,,,,,,,,,,,,,,,,,,,,,,,,,IE0004006,97,protected_area,,,,,,,,,,,,,,,,,,,,,,,,,,,,,,multipolygon,North Bull Island Special Protection Area,,,,,,/Users/kevincredit/Library/CloudStorage/OneDrive-MaynoothUniversity/D8Dash paper/BSpace.shp|layername=BSpace,22900.000000000000000,61.671766800397037,-6.228328463,53.3598475
186,r7544494,7544494,relation,nature_reserve,,,,,,,,,,,,,,,,,,,,,,,,,,,,,,,,,,,,,,,,,,,,,,,,,,,,,,,,,,,,,,,,,,,,,,,,,,,,,,,,,,,,,,,,,,,,,,,,,,,,,,,,,,,,,,,,IE0004006,97,protected_area,,,,,,,,,,,,,,,,,,,,,,,,,,,,,,multipolygon,North Bull Island Special Protection Area,,,,,,/Users/kevincredit/Library/CloudStorage/OneDrive-MaynoothUniversity/D8Dash paper/BSpace.shp|layername=BSpace,23000.000000000000000,61.671766800397037,-6.227770191,53.3599702
187,r7544494,7544494,relation,nature_reserve,,,,,,,,,,,,,,,,,,,,,,,,,,,,,,,,,,,,,,,,,,,,,,,,,,,,,,,,,,,,,,,,,,,,,,,,,,,,,,,,,,,,,,,,,,,,,,,,,,,,,,,,,,,,,,,,IE0004006,97,protected_area,,,,,,,,,,,,,,,,,,,,,,,,,,,,,,multipolygon,North Bull Island Special Protection Area,,,,,,/Users/kevincredit/Library/CloudStorage/OneDrive-MaynoothUniversity/D8Dash paper/BSpace.shp|layername=BSpace,23100.000000000000000,71.753740630776107,-6.225426803,53.36120078
188,r7544494,7544494,relation,nature_reserve,,,,,,,,,,,,,,,,,,,,,,,,,,,,,,,,,,,,,,,,,,,,,,,,,,,,,,,,,,,,,,,,,,,,,,,,,,,,,,,,,,,,,,,,,,,,,,,,,,,,,,,,,,,,,,,,IE0004006,97,protected_area,,,,,,,,,,,,,,,,,,,,,,,,,,,,,,multipolygon,North Bull Island Special Protection Area,,,,,,/Users/kevincredit/Library/CloudStorage/OneDrive-MaynoothUniversity/D8Dash paper/BSpace.shp|layername=BSpace,23200.000000000000000,52.638028383862178,-6.224263971,53.36129187
189,r7544494,7544494,relation,nature_reserve,,,,,,,,,,,,,,,,,,,,,,,,,,,,,,,,,,,,,,,,,,,,,,,,,,,,,,,,,,,,,,,,,,,,,,,,,,,,,,,,,,,,,,,,,,,,,,,,,,,,,,,,,,,,,,,,IE0004006,97,protected_area,,,,,,,,,,,,,,,,,,,,,,,,,,,,,,multipolygon,North Bull Island Special Protection Area,,,,,,/Users/kevincredit/Library/CloudStorage/OneDrive-MaynoothUniversity/D8Dash paper/BSpace.shp|layername=BSpace,23300.000000000000000,52.638028383862178,-6.223223091,53.3616021
190,r7544494,7544494,relation,nature_reserve,,,,,,,,,,,,,,,,,,,,,,,,,,,,,,,,,,,,,,,,,,,,,,,,,,,,,,,,,,,,,,,,,,,,,,,,,,,,,,,,,,,,,,,,,,,,,,,,,,,,,,,,,,,,,,,,IE0004006,97,protected_area,,,,,,,,,,,,,,,,,,,,,,,,,,,,,,multipolygon,North Bull Island Special Protection Area,,,,,,/Users/kevincredit/Library/CloudStorage/OneDrive-MaynoothUniversity/D8Dash paper/BSpace.shp|layername=BSpace,23400.000000000000000,52.638028383862178,-6.222507348,53.36211061
191,r7544494,7544494,relation,nature_reserve,,,,,,,,,,,,,,,,,,,,,,,,,,,,,,,,,,,,,,,,,,,,,,,,,,,,,,,,,,,,,,,,,,,,,,,,,,,,,,,,,,,,,,,,,,,,,,,,,,,,,,,,,,,,,,,,IE0004006,97,protected_area,,,,,,,,,,,,,,,,,,,,,,,,,,,,,,multipolygon,North Bull Island Special Protection Area,,,,,,/Users/kevincredit/Library/CloudStorage/OneDrive-MaynoothUniversity/D8Dash paper/BSpace.shp|layername=BSpace,23500.000000000000000,54.055327094760578,-6.220148224,53.36298846
192,r7544494,7544494,relation,nature_reserve,,,,,,,,,,,,,,,,,,,,,,,,,,,,,,,,,,,,,,,,,,,,,,,,,,,,,,,,,,,,,,,,,,,,,,,,,,,,,,,,,,,,,,,,,,,,,,,,,,,,,,,,,,,,,,,,IE0004006,97,protected_area,,,,,,,,,,,,,,,,,,,,,,,,,,,,,,multipolygon,North Bull Island Special Protection Area,,,,,,/Users/kevincredit/Library/CloudStorage/OneDrive-MaynoothUniversity/D8Dash paper/BSpace.shp|layername=BSpace,23600.000000000000000,132.158592725912030,-6.218562291,53.3625194
193,r7544494,7544494,relation,nature_reserve,,,,,,,,,,,,,,,,,,,,,,,,,,,,,,,,,,,,,,,,,,,,,,,,,,,,,,,,,,,,,,,,,,,,,,,,,,,,,,,,,,,,,,,,,,,,,,,,,,,,,,,,,,,,,,,,IE0004006,97,protected_area,,,,,,,,,,,,,,,,,,,,,,,,,,,,,,multipolygon,North Bull Island Special Protection Area,,,,,,/Users/kevincredit/Library/CloudStorage/OneDrive-MaynoothUniversity/D8Dash paper/BSpace.shp|layername=BSpace,23700.000000000000000,110.539386458295311,-6.217500844,53.36220925
194,r7544494,7544494,relation,nature_reserve,,,,,,,,,,,,,,,,,,,,,,,,,,,,,,,,,,,,,,,,,,,,,,,,,,,,,,,,,,,,,,,,,,,,,,,,,,,,,,,,,,,,,,,,,,,,,,,,,,,,,,,,,,,,,,,,IE0004006,97,protected_area,,,,,,,,,,,,,,,,,,,,,,,,,,,,,,multipolygon,North Bull Island Special Protection Area,,,,,,/Users/kevincredit/Library/CloudStorage/OneDrive-MaynoothUniversity/D8Dash paper/BSpace.shp|layername=BSpace,23800.000000000000000,110.539386458295311,-6.216625691,53.3619201
195,r7544494,7544494,relation,nature_reserve,,,,,,,,,,,,,,,,,,,,,,,,,,,,,,,,,,,,,,,,,,,,,,,,,,,,,,,,,,,,,,,,,,,,,,,,,,,,,,,,,,,,,,,,,,,,,,,,,,,,,,,,,,,,,,,,IE0004006,97,protected_area,,,,,,,,,,,,,,,,,,,,,,,,,,,,,,multipolygon,North Bull Island Special Protection Area,,,,,,/Users/kevincredit/Library/CloudStorage/OneDrive-MaynoothUniversity/D8Dash paper/BSpace.shp|layername=BSpace,23900.000000000000000,116.663399430335161,-6.214807363,53.36134275
196,r7544494,7544494,relation,nature_reserve,,,,,,,,,,,,,,,,,,,,,,,,,,,,,,,,,,,,,,,,,,,,,,,,,,,,,,,,,,,,,,,,,,,,,,,,,,,,,,,,,,,,,,,,,,,,,,,,,,,,,,,,,,,,,,,,IE0004006,97,protected_area,,,,,,,,,,,,,,,,,,,,,,,,,,,,,,multipolygon,North Bull Island Special Protection Area,,,,,,/Users/kevincredit/Library/CloudStorage/OneDrive-MaynoothUniversity/D8Dash paper/BSpace.shp|layername=BSpace,24000.000000000000000,116.663399430335161,-6.213573353,53.36092415
197,r7544494,7544494,relation,nature_reserve,,,,,,,,,,,,,,,,,,,,,,,,,,,,,,,,,,,,,,,,,,,,,,,,,,,,,,,,,,,,,,,,,,,,,,,,,,,,,,,,,,,,,,,,,,,,,,,,,,,,,,,,,,,,,,,,IE0004006,97,protected_area,,,,,,,,,,,,,,,,,,,,,,,,,,,,,,multipolygon,North Bull Island Special Protection Area,,,,,,/Users/kevincredit/Library/CloudStorage/OneDrive-MaynoothUniversity/D8Dash paper/BSpace.shp|layername=BSpace,24100.000000000000000,112.036232241884761,-6.212243785,53.36057919
198,r7544494,7544494,relation,nature_reserve,,,,,,,,,,,,,,,,,,,,,,,,,,,,,,,,,,,,,,,,,,,,,,,,,,,,,,,,,,,,,,,,,,,,,,,,,,,,,,,,,,,,,,,,,,,,,,,,,,,,,,,,,,,,,,,,IE0004006,97,protected_area,,,,,,,,,,,,,,,,,,,,,,,,,,,,,,multipolygon,North Bull Island Special Protection Area,,,,,,/Users/kevincredit/Library/CloudStorage/OneDrive-MaynoothUniversity/D8Dash paper/BSpace.shp|layername=BSpace,24200.000000000000000,93.537888770988303,-6.21099446,53.36042049
199,r7544494,7544494,relation,nature_reserve,,,,,,,,,,,,,,,,,,,,,,,,,,,,,,,,,,,,,,,,,,,,,,,,,,,,,,,,,,,,,,,,,,,,,,,,,,,,,,,,,,,,,,,,,,,,,,,,,,,,,,,,,,,,,,,,IE0004006,97,protected_area,,,,,,,,,,,,,,,,,,,,,,,,,,,,,,multipolygon,North Bull Island Special Protection Area,,,,,,/Users/kevincredit/Library/CloudStorage/OneDrive-MaynoothUniversity/D8Dash paper/BSpace.shp|layername=BSpace,24300.000000000000000,93.537888770988303,-6.20950249,53.36032748
200,r7544494,7544494,relation,nature_reserve,,,,,,,,,,,,,,,,,,,,,,,,,,,,,,,,,,,,,,,,,,,,,,,,,,,,,,,,,,,,,,,,,,,,,,,,,,,,,,,,,,,,,,,,,,,,,,,,,,,,,,,,,,,,,,,,IE0004006,97,protected_area,,,,,,,,,,,,,,,,,,,,,,,,,,,,,,multipolygon,North Bull Island Special Protection Area,,,,,,/Users/kevincredit/Library/CloudStorage/OneDrive-MaynoothUniversity/D8Dash paper/BSpace.shp|layername=BSpace,24400.000000000000000,93.537888770988303,-6.20799392,53.36023741
201,r7544494,7544494,relation,nature_reserve,,,,,,,,,,,,,,,,,,,,,,,,,,,,,,,,,,,,,,,,,,,,,,,,,,,,,,,,,,,,,,,,,,,,,,,,,,,,,,,,,,,,,,,,,,,,,,,,,,,,,,,,,,,,,,,,IE0004006,97,protected_area,,,,,,,,,,,,,,,,,,,,,,,,,,,,,,multipolygon,North Bull Island Special Protection Area,,,,,,/Users/kevincredit/Library/CloudStorage/OneDrive-MaynoothUniversity/D8Dash paper/BSpace.shp|layername=BSpace,24500.000000000000000,89.112737211951838,-6.206619036,53.36023861
202,r7544494,7544494,relation,nature_reserve,,,,,,,,,,,,,,,,,,,,,,,,,,,,,,,,,,,,,,,,,,,,,,,,,,,,,,,,,,,,,,,,,,,,,,,,,,,,,,,,,,,,,,,,,,,,,,,,,,,,,,,,,,,,,,,,IE0004006,97,protected_area,,,,,,,,,,,,,,,,,,,,,,,,,,,,,,multipolygon,North Bull Island Special Protection Area,,,,,,/Users/kevincredit/Library/CloudStorage/OneDrive-MaynoothUniversity/D8Dash paper/BSpace.shp|layername=BSpace,24600.000000000000000,84.193895214540731,-6.205215691,53.359986
203,r7544494,7544494,relation,nature_reserve,,,,,,,,,,,,,,,,,,,,,,,,,,,,,,,,,,,,,,,,,,,,,,,,,,,,,,,,,,,,,,,,,,,,,,,,,,,,,,,,,,,,,,,,,,,,,,,,,,,,,,,,,,,,,,,,IE0004006,97,protected_area,,,,,,,,,,,,,,,,,,,,,,,,,,,,,,multipolygon,North Bull Island Special Protection Area,,,,,,/Users/kevincredit/Library/CloudStorage/OneDrive-MaynoothUniversity/D8Dash paper/BSpace.shp|layername=BSpace,24700.000000000000000,94.258573317644860,-6.203454448,53.36029597
204,r7544494,7544494,relation,nature_reserve,,,,,,,,,,,,,,,,,,,,,,,,,,,,,,,,,,,,,,,,,,,,,,,,,,,,,,,,,,,,,,,,,,,,,,,,,,,,,,,,,,,,,,,,,,,,,,,,,,,,,,,,,,,,,,,,IE0004006,97,protected_area,,,,,,,,,,,,,,,,,,,,,,,,,,,,,,multipolygon,North Bull Island Special Protection Area,,,,,,/Users/kevincredit/Library/CloudStorage/OneDrive-MaynoothUniversity/D8Dash paper/BSpace.shp|layername=BSpace,24800.000000000000000,103.381608814098598,-6.201898441,53.36006015
205,r7544494,7544494,relation,nature_reserve,,,,,,,,,,,,,,,,,,,,,,,,,,,,,,,,,,,,,,,,,,,,,,,,,,,,,,,,,,,,,,,,,,,,,,,,,,,,,,,,,,,,,,,,,,,,,,,,,,,,,,,,,,,,,,,,IE0004006,97,protected_area,,,,,,,,,,,,,,,,,,,,,,,,,,,,,,multipolygon,North Bull Island Special Protection Area,,,,,,/Users/kevincredit/Library/CloudStorage/OneDrive-MaynoothUniversity/D8Dash paper/BSpace.shp|layername=BSpace,24900.000000000000000,102.270938198736673,-6.200468797,53.35982422
206,r7544494,7544494,relation,nature_reserve,,,,,,,,,,,,,,,,,,,,,,,,,,,,,,,,,,,,,,,,,,,,,,,,,,,,,,,,,,,,,,,,,,,,,,,,,,,,,,,,,,,,,,,,,,,,,,,,,,,,,,,,,,,,,,,,IE0004006,97,protected_area,,,,,,,,,,,,,,,,,,,,,,,,,,,,,,multipolygon,North Bull Island Special Protection Area,,,,,,/Users/kevincredit/Library/CloudStorage/OneDrive-MaynoothUniversity/D8Dash paper/BSpace.shp|layername=BSpace,25000.000000000000000,102.270938198736673,-6.199065402,53.359627
207,r7544494,7544494,relation,nature_reserve,,,,,,,,,,,,,,,,,,,,,,,,,,,,,,,,,,,,,,,,,,,,,,,,,,,,,,,,,,,,,,,,,,,,,,,,,,,,,,,,,,,,,,,,,,,,,,,,,,,,,,,,,,,,,,,,IE0004006,97,protected_area,,,,,,,,,,,,,,,,,,,,,,,,,,,,,,multipolygon,North Bull Island Special Protection Area,,,,,,/Users/kevincredit/Library/CloudStorage/OneDrive-MaynoothUniversity/D8Dash paper/BSpace.shp|layername=BSpace,25100.000000000000000,112.212442105634679,-6.197552554,53.35925168
208,r7544494,7544494,relation,nature_reserve,,,,,,,,,,,,,,,,,,,,,,,,,,,,,,,,,,,,,,,,,,,,,,,,,,,,,,,,,,,,,,,,,,,,,,,,,,,,,,,,,,,,,,,,,,,,,,,,,,,,,,,,,,,,,,,,IE0004006,97,protected_area,,,,,,,,,,,,,,,,,,,,,,,,,,,,,,multipolygon,North Bull Island Special Protection Area,,,,,,/Users/kevincredit/Library/CloudStorage/OneDrive-MaynoothUniversity/D8Dash paper/BSpace.shp|layername=BSpace,25200.000000000000000,120.422314756733229,-6.195922625,53.35890637
209,r7544494,7544494,relation,nature_reserve,,,,,,,,,,,,,,,,,,,,,,,,,,,,,,,,,,,,,,,,,,,,,,,,,,,,,,,,,,,,,,,,,,,,,,,,,,,,,,,,,,,,,,,,,,,,,,,,,,,,,,,,,,,,,,,,IE0004006,97,protected_area,,,,,,,,,,,,,,,,,,,,,,,,,,,,,,multipolygon,North Bull Island Special Protection Area,,,,,,/Users/kevincredit/Library/CloudStorage/OneDrive-MaynoothUniversity/D8Dash paper/BSpace.shp|layername=BSpace,25300.000000000000000,120.422314756733229,-6.194793066,53.35842049
210,r7544494,7544494,relation,nature_reserve,,,,,,,,,,,,,,,,,,,,,,,,,,,,,,,,,,,,,,,,,,,,,,,,,,,,,,,,,,,,,,,,,,,,,,,,,,,,,,,,,,,,,,,,,,,,,,,,,,,,,,,,,,,,,,,,IE0004006,97,protected_area,,,,,,,,,,,,,,,,,,,,,,,,,,,,,,multipolygon,North Bull Island Special Protection Area,,,,,,/Users/kevincredit/Library/CloudStorage/OneDrive-MaynoothUniversity/D8Dash paper/BSpace.shp|layername=BSpace,25400.000000000000000,89.758756074137779,-6.193627391,53.3581863
211,r7544494,7544494,relation,nature_reserve,,,,,,,,,,,,,,,,,,,,,,,,,,,,,,,,,,,,,,,,,,,,,,,,,,,,,,,,,,,,,,,,,,,,,,,,,,,,,,,,,,,,,,,,,,,,,,,,,,,,,,,,,,,,,,,,IE0004006,97,protected_area,,,,,,,,,,,,,,,,,,,,,,,,,,,,,,multipolygon,North Bull Island Special Protection Area,,,,,,/Users/kevincredit/Library/CloudStorage/OneDrive-MaynoothUniversity/D8Dash paper/BSpace.shp|layername=BSpace,25500.000000000000000,72.852628682162432,-6.191570954,53.35784305
212,r7544494,7544494,relation,nature_reserve,,,,,,,,,,,,,,,,,,,,,,,,,,,,,,,,,,,,,,,,,,,,,,,,,,,,,,,,,,,,,,,,,,,,,,,,,,,,,,,,,,,,,,,,,,,,,,,,,,,,,,,,,,,,,,,,IE0004006,97,protected_area,,,,,,,,,,,,,,,,,,,,,,,,,,,,,,multipolygon,North Bull Island Special Protection Area,,,,,,/Users/kevincredit/Library/CloudStorage/OneDrive-MaynoothUniversity/D8Dash paper/BSpace.shp|layername=BSpace,25600.000000000000000,72.852628682162432,-6.190914372,53.35818236
213,r7544494,7544494,relation,nature_reserve,,,,,,,,,,,,,,,,,,,,,,,,,,,,,,,,,,,,,,,,,,,,,,,,,,,,,,,,,,,,,,,,,,,,,,,,,,,,,,,,,,,,,,,,,,,,,,,,,,,,,,,,,,,,,,,,IE0004006,97,protected_area,,,,,,,,,,,,,,,,,,,,,,,,,,,,,,multipolygon,North Bull Island Special Protection Area,,,,,,/Users/kevincredit/Library/CloudStorage/OneDrive-MaynoothUniversity/D8Dash paper/BSpace.shp|layername=BSpace,25700.000000000000000,62.577671388654423,-6.190094391,53.3583373
214,r7544494,7544494,relation,nature_reserve,,,,,,,,,,,,,,,,,,,,,,,,,,,,,,,,,,,,,,,,,,,,,,,,,,,,,,,,,,,,,,,,,,,,,,,,,,,,,,,,,,,,,,,,,,,,,,,,,,,,,,,,,,,,,,,,IE0004006,97,protected_area,,,,,,,,,,,,,,,,,,,,,,,,,,,,,,multipolygon,North Bull Island Special Protection Area,,,,,,/Users/kevincredit/Library/CloudStorage/OneDrive-MaynoothUniversity/D8Dash paper/BSpace.shp|layername=BSpace,25800.000000000000000,57.049629030599121,-6.188453597,53.35909797
215,r7544494,7544494,relation,nature_reserve,,,,,,,,,,,,,,,,,,,,,,,,,,,,,,,,,,,,,,,,,,,,,,,,,,,,,,,,,,,,,,,,,,,,,,,,,,,,,,,,,,,,,,,,,,,,,,,,,,,,,,,,,,,,,,,,IE0004006,97,protected_area,,,,,,,,,,,,,,,,,,,,,,,,,,,,,,multipolygon,North Bull Island Special Protection Area,,,,,,/Users/kevincredit/Library/CloudStorage/OneDrive-MaynoothUniversity/D8Dash paper/BSpace.shp|layername=BSpace,25900.000000000000000,67.067930033040156,-6.186979857,53.35951348
216,r7544494,7544494,relation,nature_reserve,,,,,,,,,,,,,,,,,,,,,,,,,,,,,,,,,,,,,,,,,,,,,,,,,,,,,,,,,,,,,,,,,,,,,,,,,,,,,,,,,,,,,,,,,,,,,,,,,,,,,,,,,,,,,,,,IE0004006,97,protected_area,,,,,,,,,,,,,,,,,,,,,,,,,,,,,,multipolygon,North Bull Island Special Protection Area,,,,,,/Users/kevincredit/Library/CloudStorage/OneDrive-MaynoothUniversity/D8Dash paper/BSpace.shp|layername=BSpace,26000.000000000000000,67.067930033040156,-6.185538525,53.35979903
217,r7544494,7544494,relation,nature_reserve,,,,,,,,,,,,,,,,,,,,,,,,,,,,,,,,,,,,,,,,,,,,,,,,,,,,,,,,,,,,,,,,,,,,,,,,,,,,,,,,,,,,,,,,,,,,,,,,,,,,,,,,,,,,,,,,IE0004006,97,protected_area,,,,,,,,,,,,,,,,,,,,,,,,,,,,,,multipolygon,North Bull Island Special Protection Area,,,,,,/Users/kevincredit/Library/CloudStorage/OneDrive-MaynoothUniversity/D8Dash paper/BSpace.shp|layername=BSpace,26100.000000000000000,59.267493092412046,-6.184294371,53.3601301
218,r7544494,7544494,relation,nature_reserve,,,,,,,,,,,,,,,,,,,,,,,,,,,,,,,,,,,,,,,,,,,,,,,,,,,,,,,,,,,,,,,,,,,,,,,,,,,,,,,,,,,,,,,,,,,,,,,,,,,,,,,,,,,,,,,,IE0004006,97,protected_area,,,,,,,,,,,,,,,,,,,,,,,,,,,,,,multipolygon,North Bull Island Special Protection Area,,,,,,/Users/kevincredit/Library/CloudStorage/OneDrive-MaynoothUniversity/D8Dash paper/BSpace.shp|layername=BSpace,26200.000000000000000,59.267493092412046,-6.183031189,53.36058095
219,r7544494,7544494,relation,nature_reserve,,,,,,,,,,,,,,,,,,,,,,,,,,,,,,,,,,,,,,,,,,,,,,,,,,,,,,,,,,,,,,,,,,,,,,,,,,,,,,,,,,,,,,,,,,,,,,,,,,,,,,,,,,,,,,,,IE0004006,97,protected_area,,,,,,,,,,,,,,,,,,,,,,,,,,,,,,multipolygon,North Bull Island Special Protection Area,,,,,,/Users/kevincredit/Library/CloudStorage/OneDrive-MaynoothUniversity/D8Dash paper/BSpace.shp|layername=BSpace,26300.000000000000000,308.689595516437350,-6.18233509,53.36083832
220,r7544494,7544494,relation,nature_reserve,,,,,,,,,,,,,,,,,,,,,,,,,,,,,,,,,,,,,,,,,,,,,,,,,,,,,,,,,,,,,,,,,,,,,,,,,,,,,,,,,,,,,,,,,,,,,,,,,,,,,,,,,,,,,,,,IE0004006,97,protected_area,,,,,,,,,,,,,,,,,,,,,,,,,,,,,,multipolygon,North Bull Island Special Protection Area,,,,,,/Users/kevincredit/Library/CloudStorage/OneDrive-MaynoothUniversity/D8Dash paper/BSpace.shp|layername=BSpace,26400.000000000000000,54.488823290713405,-6.181377926,53.361221
221,r7544494,7544494,relation,nature_reserve,,,,,,,,,,,,,,,,,,,,,,,,,,,,,,,,,,,,,,,,,,,,,,,,,,,,,,,,,,,,,,,,,,,,,,,,,,,,,,,,,,,,,,,,,,,,,,,,,,,,,,,,,,,,,,,,IE0004006,97,protected_area,,,,,,,,,,,,,,,,,,,,,,,,,,,,,,multipolygon,North Bull Island Special Protection Area,,,,,,/Users/kevincredit/Library/CloudStorage/OneDrive-MaynoothUniversity/D8Dash paper/BSpace.shp|layername=BSpace,26500.000000000000000,46.118229154870441,-6.180156767,53.36173131
222,r7544494,7544494,relation,nature_reserve,,,,,,,,,,,,,,,,,,,,,,,,,,,,,,,,,,,,,,,,,,,,,,,,,,,,,,,,,,,,,,,,,,,,,,,,,,,,,,,,,,,,,,,,,,,,,,,,,,,,,,,,,,,,,,,,IE0004006,97,protected_area,,,,,,,,,,,,,,,,,,,,,,,,,,,,,,multipolygon,North Bull Island Special Protection Area,,,,,,/Users/kevincredit/Library/CloudStorage/OneDrive-MaynoothUniversity/D8Dash paper/BSpace.shp|layername=BSpace,26600.000000000000000,44.414880430522878,-6.179127785,53.36236036
223,r7544494,7544494,relation,nature_reserve,,,,,,,,,,,,,,,,,,,,,,,,,,,,,,,,,,,,,,,,,,,,,,,,,,,,,,,,,,,,,,,,,,,,,,,,,,,,,,,,,,,,,,,,,,,,,,,,,,,,,,,,,,,,,,,,IE0004006,97,protected_area,,,,,,,,,,,,,,,,,,,,,,,,,,,,,,multipolygon,North Bull Island Special Protection Area,,,,,,/Users/kevincredit/Library/CloudStorage/OneDrive-MaynoothUniversity/D8Dash paper/BSpace.shp|layername=BSpace,26700.000000000000000,35.328406373924281,-6.178150463,53.3630368
224,r7544494,7544494,relation,nature_reserve,,,,,,,,,,,,,,,,,,,,,,,,,,,,,,,,,,,,,,,,,,,,,,,,,,,,,,,,,,,,,,,,,,,,,,,,,,,,,,,,,,,,,,,,,,,,,,,,,,,,,,,,,,,,,,,,IE0004006,97,protected_area,,,,,,,,,,,,,,,,,,,,,,,,,,,,,,multipolygon,North Bull Island Special Protection Area,,,,,,/Users/kevincredit/Library/CloudStorage/OneDrive-MaynoothUniversity/D8Dash paper/BSpace.shp|layername=BSpace,26800.000000000000000,39.878744379131845,-6.177188798,53.36372571
225,r7544494,7544494,relation,nature_reserve,,,,,,,,,,,,,,,,,,,,,,,,,,,,,,,,,,,,,,,,,,,,,,,,,,,,,,,,,,,,,,,,,,,,,,,,,,,,,,,,,,,,,,,,,,,,,,,,,,,,,,,,,,,,,,,,IE0004006,97,protected_area,,,,,,,,,,,,,,,,,,,,,,,,,,,,,,multipolygon,North Bull Island Special Protection Area,,,,,,/Users/kevincredit/Library/CloudStorage/OneDrive-MaynoothUniversity/D8Dash paper/BSpace.shp|layername=BSpace,26900.000000000000000,36.710033034059087,-6.176262239,53.36442579
226,r7544494,7544494,relation,nature_reserve,,,,,,,,,,,,,,,,,,,,,,,,,,,,,,,,,,,,,,,,,,,,,,,,,,,,,,,,,,,,,,,,,,,,,,,,,,,,,,,,,,,,,,,,,,,,,,,,,,,,,,,,,,,,,,,,IE0004006,97,protected_area,,,,,,,,,,,,,,,,,,,,,,,,,,,,,,multipolygon,North Bull Island Special Protection Area,,,,,,/Users/kevincredit/Library/CloudStorage/OneDrive-MaynoothUniversity/D8Dash paper/BSpace.shp|layername=BSpace,27000.000000000000000,36.710033034059087,-6.175318142,53.36512433
227,r7544494,7544494,relation,nature_reserve,,,,,,,,,,,,,,,,,,,,,,,,,,,,,,,,,,,,,,,,,,,,,,,,,,,,,,,,,,,,,,,,,,,,,,,,,,,,,,,,,,,,,,,,,,,,,,,,,,,,,,,,,,,,,,,,IE0004006,97,protected_area,,,,,,,,,,,,,,,,,,,,,,,,,,,,,,multipolygon,North Bull Island Special Protection Area,,,,,,/Users/kevincredit/Library/CloudStorage/OneDrive-MaynoothUniversity/D8Dash paper/BSpace.shp|layername=BSpace,27100.000000000000000,38.599344049007549,-6.174374089,53.36582281
228,r7544494,7544494,relation,nature_reserve,,,,,,,,,,,,,,,,,,,,,,,,,,,,,,,,,,,,,,,,,,,,,,,,,,,,,,,,,,,,,,,,,,,,,,,,,,,,,,,,,,,,,,,,,,,,,,,,,,,,,,,,,,,,,,,,IE0004006,97,protected_area,,,,,,,,,,,,,,,,,,,,,,,,,,,,,,multipolygon,North Bull Island Special Protection Area,,,,,,/Users/kevincredit/Library/CloudStorage/OneDrive-MaynoothUniversity/D8Dash paper/BSpace.shp|layername=BSpace,27200.000000000000000,38.202712591810801,-6.173407841,53.36651458
229,r7544494,7544494,relation,nature_reserve,,,,,,,,,,,,,,,,,,,,,,,,,,,,,,,,,,,,,,,,,,,,,,,,,,,,,,,,,,,,,,,,,,,,,,,,,,,,,,,,,,,,,,,,,,,,,,,,,,,,,,,,,,,,,,,,IE0004006,97,protected_area,,,,,,,,,,,,,,,,,,,,,,,,,,,,,,multipolygon,North Bull Island Special Protection Area,,,,,,/Users/kevincredit/Library/CloudStorage/OneDrive-MaynoothUniversity/D8Dash paper/BSpace.shp|layername=BSpace,27300.000000000000000,38.202712591810801,-6.172426253,53.36719377
230,r7544494,7544494,relation,nature_reserve,,,,,,,,,,,,,,,,,,,,,,,,,,,,,,,,,,,,,,,,,,,,,,,,,,,,,,,,,,,,,,,,,,,,,,,,,,,,,,,,,,,,,,,,,,,,,,,,,,,,,,,,,,,,,,,,IE0004006,97,protected_area,,,,,,,,,,,,,,,,,,,,,,,,,,,,,,multipolygon,North Bull Island Special Protection Area,,,,,,/Users/kevincredit/Library/CloudStorage/OneDrive-MaynoothUniversity/D8Dash paper/BSpace.shp|layername=BSpace,27400.000000000000000,43.150568135518370,-6.171434654,53.36786897
231,r7544494,7544494,relation,nature_reserve,,,,,,,,,,,,,,,,,,,,,,,,,,,,,,,,,,,,,,,,,,,,,,,,,,,,,,,,,,,,,,,,,,,,,,,,,,,,,,,,,,,,,,,,,,,,,,,,,,,,,,,,,,,,,,,,IE0004006,97,protected_area,,,,,,,,,,,,,,,,,,,,,,,,,,,,,,multipolygon,North Bull Island Special Protection Area,,,,,,/Users/kevincredit/Library/CloudStorage/OneDrive-MaynoothUniversity/D8Dash paper/BSpace.shp|layername=BSpace,27500.000000000000000,39.945322071357957,-6.17046194,53.36855052
232,r7544494,7544494,relation,nature_reserve,,,,,,,,,,,,,,,,,,,,,,,,,,,,,,,,,,,,,,,,,,,,,,,,,,,,,,,,,,,,,,,,,,,,,,,,,,,,,,,,,,,,,,,,,,,,,,,,,,,,,,,,,,,,,,,,IE0004006,97,protected_area,,,,,,,,,,,,,,,,,,,,,,,,,,,,,,multipolygon,North Bull Island Special Protection Area,,,,,,/Users/kevincredit/Library/CloudStorage/OneDrive-MaynoothUniversity/D8Dash paper/BSpace.shp|layername=BSpace,27600.000000000000000,39.945322071357957,-6.169477788,53.36922906
233,r7544494,7544494,relation,nature_reserve,,,,,,,,,,,,,,,,,,,,,,,,,,,,,,,,,,,,,,,,,,,,,,,,,,,,,,,,,,,,,,,,,,,,,,,,,,,,,,,,,,,,,,,,,,,,,,,,,,,,,,,,,,,,,,,,IE0004006,97,protected_area,,,,,,,,,,,,,,,,,,,,,,,,,,,,,,multipolygon,North Bull Island Special Protection Area,,,,,,/Users/kevincredit/Library/CloudStorage/OneDrive-MaynoothUniversity/D8Dash paper/BSpace.shp|layername=BSpace,27700.000000000000000,39.943801006730872,-6.168489833,53.36990722
234,r7544494,7544494,relation,nature_reserve,,,,,,,,,,,,,,,,,,,,,,,,,,,,,,,,,,,,,,,,,,,,,,,,,,,,,,,,,,,,,,,,,,,,,,,,,,,,,,,,,,,,,,,,,,,,,,,,,,,,,,,,,,,,,,,,IE0004006,97,protected_area,,,,,,,,,,,,,,,,,,,,,,,,,,,,,,multipolygon,North Bull Island Special Protection Area,,,,,,/Users/kevincredit/Library/CloudStorage/OneDrive-MaynoothUniversity/D8Dash paper/BSpace.shp|layername=BSpace,27800.000000000000000,39.943801006730872,-6.167543232,53.37058256
235,r7544494,7544494,relation,nature_reserve,,,,,,,,,,,,,,,,,,,,,,,,,,,,,,,,,,,,,,,,,,,,,,,,,,,,,,,,,,,,,,,,,,,,,,,,,,,,,,,,,,,,,,,,,,,,,,,,,,,,,,,,,,,,,,,,IE0004006,97,protected_area,,,,,,,,,,,,,,,,,,,,,,,,,,,,,,multipolygon,North Bull Island Special Protection Area,,,,,,/Users/kevincredit/Library/CloudStorage/OneDrive-MaynoothUniversity/D8Dash paper/BSpace.shp|layername=BSpace,27900.000000000000000,15.858109039029573,-6.166835614,53.37131082
236,r7544494,7544494,relation,nature_reserve,,,,,,,,,,,,,,,,,,,,,,,,,,,,,,,,,,,,,,,,,,,,,,,,,,,,,,,,,,,,,,,,,,,,,,,,,,,,,,,,,,,,,,,,,,,,,,,,,,,,,,,,,,,,,,,,IE0004006,97,protected_area,,,,,,,,,,,,,,,,,,,,,,,,,,,,,,multipolygon,North Bull Island Special Protection Area,,,,,,/Users/kevincredit/Library/CloudStorage/OneDrive-MaynoothUniversity/D8Dash paper/BSpace.shp|layername=BSpace,28000.000000000000000,18.551327202716617,-6.166308103,53.37213914
237,r7544494,7544494,relation,nature_reserve,,,,,,,,,,,,,,,,,,,,,,,,,,,,,,,,,,,,,,,,,,,,,,,,,,,,,,,,,,,,,,,,,,,,,,,,,,,,,,,,,,,,,,,,,,,,,,,,,,,,,,,,,,,,,,,,IE0004006,97,protected_area,,,,,,,,,,,,,,,,,,,,,,,,,,,,,,multipolygon,North Bull Island Special Protection Area,,,,,,/Users/kevincredit/Library/CloudStorage/OneDrive-MaynoothUniversity/D8Dash paper/BSpace.shp|layername=BSpace,28100.000000000000000,20.153725554253430,-6.165746445,53.37298136
238,r7544494,7544494,relation,nature_reserve,,,,,,,,,,,,,,,,,,,,,,,,,,,,,,,,,,,,,,,,,,,,,,,,,,,,,,,,,,,,,,,,,,,,,,,,,,,,,,,,,,,,,,,,,,,,,,,,,,,,,,,,,,,,,,,,IE0004006,97,protected_area,,,,,,,,,,,,,,,,,,,,,,,,,,,,,,multipolygon,North Bull Island Special Protection Area,,,,,,/Users/kevincredit/Library/CloudStorage/OneDrive-MaynoothUniversity/D8Dash paper/BSpace.shp|layername=BSpace,28200.000000000000000,38.175847710712794,-6.164958134,53.37376853
239,r7544494,7544494,relation,nature_reserve,,,,,,,,,,,,,,,,,,,,,,,,,,,,,,,,,,,,,,,,,,,,,,,,,,,,,,,,,,,,,,,,,,,,,,,,,,,,,,,,,,,,,,,,,,,,,,,,,,,,,,,,,,,,,,,,IE0004006,97,protected_area,,,,,,,,,,,,,,,,,,,,,,,,,,,,,,multipolygon,North Bull Island Special Protection Area,,,,,,/Users/kevincredit/Library/CloudStorage/OneDrive-MaynoothUniversity/D8Dash paper/BSpace.shp|layername=BSpace,28300.000000000000000,35.272678241698330,-6.164050723,53.37449178
240,r7544494,7544494,relation,nature_reserve,,,,,,,,,,,,,,,,,,,,,,,,,,,,,,,,,,,,,,,,,,,,,,,,,,,,,,,,,,,,,,,,,,,,,,,,,,,,,,,,,,,,,,,,,,,,,,,,,,,,,,,,,,,,,,,,IE0004006,97,protected_area,,,,,,,,,,,,,,,,,,,,,,,,,,,,,,multipolygon,North Bull Island Special Protection Area,,,,,,/Users/kevincredit/Library/CloudStorage/OneDrive-MaynoothUniversity/D8Dash paper/BSpace.shp|layername=BSpace,28400.000000000000000,37.994788755598073,-6.163120741,53.37519803
241,r7544494,7544494,relation,nature_reserve,,,,,,,,,,,,,,,,,,,,,,,,,,,,,,,,,,,,,,,,,,,,,,,,,,,,,,,,,,,,,,,,,,,,,,,,,,,,,,,,,,,,,,,,,,,,,,,,,,,,,,,,,,,,,,,,IE0004006,97,protected_area,,,,,,,,,,,,,,,,,,,,,,,,,,,,,,multipolygon,North Bull Island Special Protection Area,,,,,,/Users/kevincredit/Library/CloudStorage/OneDrive-MaynoothUniversity/D8Dash paper/BSpace.shp|layername=BSpace,28500.000000000000000,37.994788755598073,-6.16215655,53.37589237
242,r7544494,7544494,relation,nature_reserve,,,,,,,,,,,,,,,,,,,,,,,,,,,,,,,,,,,,,,,,,,,,,,,,,,,,,,,,,,,,,,,,,,,,,,,,,,,,,,,,,,,,,,,,,,,,,,,,,,,,,,,,,,,,,,,,IE0004006,97,protected_area,,,,,,,,,,,,,,,,,,,,,,,,,,,,,,multipolygon,North Bull Island Special Protection Area,,,,,,/Users/kevincredit/Library/CloudStorage/OneDrive-MaynoothUniversity/D8Dash paper/BSpace.shp|layername=BSpace,28600.000000000000000,38.423962305452072,-6.16118171,53.37657576
243,r7544494,7544494,relation,nature_reserve,,,,,,,,,,,,,,,,,,,,,,,,,,,,,,,,,,,,,,,,,,,,,,,,,,,,,,,,,,,,,,,,,,,,,,,,,,,,,,,,,,,,,,,,,,,,,,,,,,,,,,,,,,,,,,,,IE0004006,97,protected_area,,,,,,,,,,,,,,,,,,,,,,,,,,,,,,multipolygon,North Bull Island Special Protection Area,,,,,,/Users/kevincredit/Library/CloudStorage/OneDrive-MaynoothUniversity/D8Dash paper/BSpace.shp|layername=BSpace,28700.000000000000000,40.627415365234285,-6.160349566,53.37715
244,r7544494,7544494,relation,nature_reserve,,,,,,,,,,,,,,,,,,,,,,,,,,,,,,,,,,,,,,,,,,,,,,,,,,,,,,,,,,,,,,,,,,,,,,,,,,,,,,,,,,,,,,,,,,,,,,,,,,,,,,,,,,,,,,,,IE0004006,97,protected_area,,,,,,,,,,,,,,,,,,,,,,,,,,,,,,multipolygon,North Bull Island Special Protection Area,,,,,,/Users/kevincredit/Library/CloudStorage/OneDrive-MaynoothUniversity/D8Dash paper/BSpace.shp|layername=BSpace,28800.000000000000000,45.360199455348173,-6.159287057,53.3778202
245,r7544494,7544494,relation,nature_reserve,,,,,,,,,,,,,,,,,,,,,,,,,,,,,,,,,,,,,,,,,,,,,,,,,,,,,,,,,,,,,,,,,,,,,,,,,,,,,,,,,,,,,,,,,,,,,,,,,,,,,,,,,,,,,,,,IE0004006,97,protected_area,,,,,,,,,,,,,,,,,,,,,,,,,,,,,,multipolygon,North Bull Island Special Protection Area,,,,,,/Users/kevincredit/Library/CloudStorage/OneDrive-MaynoothUniversity/D8Dash paper/BSpace.shp|layername=BSpace,28900.000000000000000,45.360199455348173,-6.158157346,53.37843505
246,r7544494,7544494,relation,nature_reserve,,,,,,,,,,,,,,,,,,,,,,,,,,,,,,,,,,,,,,,,,,,,,,,,,,,,,,,,,,,,,,,,,,,,,,,,,,,,,,,,,,,,,,,,,,,,,,,,,,,,,,,,,,,,,,,,IE0004006,97,protected_area,,,,,,,,,,,,,,,,,,,,,,,,,,,,,,multipolygon,North Bull Island Special Protection Area,,,,,,/Users/kevincredit/Library/CloudStorage/OneDrive-MaynoothUniversity/D8Dash paper/BSpace.shp|layername=BSpace,29000.000000000000000,51.497607161333015,-6.156974246,53.37900692
247,r7544494,7544494,relation,nature_reserve,,,,,,,,,,,,,,,,,,,,,,,,,,,,,,,,,,,,,,,,,,,,,,,,,,,,,,,,,,,,,,,,,,,,,,,,,,,,,,,,,,,,,,,,,,,,,,,,,,,,,,,,,,,,,,,,IE0004006,97,protected_area,,,,,,,,,,,,,,,,,,,,,,,,,,,,,,multipolygon,North Bull Island Special Protection Area,,,,,,/Users/kevincredit/Library/CloudStorage/OneDrive-MaynoothUniversity/D8Dash paper/BSpace.shp|layername=BSpace,29100.000000000000000,51.497607161333015,-6.155749702,53.37954068
248,r7544494,7544494,relation,nature_reserve,,,,,,,,,,,,,,,,,,,,,,,,,,,,,,,,,,,,,,,,,,,,,,,,,,,,,,,,,,,,,,,,,,,,,,,,,,,,,,,,,,,,,,,,,,,,,,,,,,,,,,,,,,,,,,,,IE0004006,97,protected_area,,,,,,,,,,,,,,,,,,,,,,,,,,,,,,multipolygon,North Bull Island Special Protection Area,,,,,,/Users/kevincredit/Library/CloudStorage/OneDrive-MaynoothUniversity/D8Dash paper/BSpace.shp|layername=BSpace,29200.000000000000000,52.275309534460050,-6.154526951,53.38006445
249,r7544494,7544494,relation,nature_reserve,,,,,,,,,,,,,,,,,,,,,,,,,,,,,,,,,,,,,,,,,,,,,,,,,,,,,,,,,,,,,,,,,,,,,,,,,,,,,,,,,,,,,,,,,,,,,,,,,,,,,,,,,,,,,,,,IE0004006,97,protected_area,,,,,,,,,,,,,,,,,,,,,,,,,,,,,,multipolygon,North Bull Island Special Protection Area,,,,,,/Users/kevincredit/Library/CloudStorage/OneDrive-MaynoothUniversity/D8Dash paper/BSpace.shp|layername=BSpace,29300.000000000000000,51.878311568359138,-6.153312219,53.3805905
250,r7544494,7544494,relation,nature_reserve,,,,,,,,,,,,,,,,,,,,,,,,,,,,,,,,,,,,,,,,,,,,,,,,,,,,,,,,,,,,,,,,,,,,,,,,,,,,,,,,,,,,,,,,,,,,,,,,,,,,,,,,,,,,,,,,IE0004006,97,protected_area,,,,,,,,,,,,,,,,,,,,,,,,,,,,,,multipolygon,North Bull Island Special Protection Area,,,,,,/Users/kevincredit/Library/CloudStorage/OneDrive-MaynoothUniversity/D8Dash paper/BSpace.shp|layername=BSpace,29400.000000000000000,51.878311568359138,-6.152092444,53.38111757
251,r7544494,7544494,relation,nature_reserve,,,,,,,,,,,,,,,,,,,,,,,,,,,,,,,,,,,,,,,,,,,,,,,,,,,,,,,,,,,,,,,,,,,,,,,,,,,,,,,,,,,,,,,,,,,,,,,,,,,,,,,,,,,,,,,,IE0004006,97,protected_area,,,,,,,,,,,,,,,,,,,,,,,,,,,,,,multipolygon,North Bull Island Special Protection Area,,,,,,/Users/kevincredit/Library/CloudStorage/OneDrive-MaynoothUniversity/D8Dash paper/BSpace.shp|layername=BSpace,29500.000000000000000,48.035831081224664,-6.150929442,53.38164881
252,r7544494,7544494,relation,nature_reserve,,,,,,,,,,,,,,,,,,,,,,,,,,,,,,,,,,,,,,,,,,,,,,,,,,,,,,,,,,,,,,,,,,,,,,,,,,,,,,,,,,,,,,,,,,,,,,,,,,,,,,,,,,,,,,,,IE0004006,97,protected_area,,,,,,,,,,,,,,,,,,,,,,,,,,,,,,multipolygon,North Bull Island Special Protection Area,,,,,,/Users/kevincredit/Library/CloudStorage/OneDrive-MaynoothUniversity/D8Dash paper/BSpace.shp|layername=BSpace,29600.000000000000000,46.229257393896006,-6.149769398,53.38225714
253,r7544494,7544494,relation,nature_reserve,,,,,,,,,,,,,,,,,,,,,,,,,,,,,,,,,,,,,,,,,,,,,,,,,,,,,,,,,,,,,,,,,,,,,,,,,,,,,,,,,,,,,,,,,,,,,,,,,,,,,,,,,,,,,,,,IE0004006,97,protected_area,,,,,,,,,,,,,,,,,,,,,,,,,,,,,,multipolygon,North Bull Island Special Protection Area,,,,,,/Users/kevincredit/Library/CloudStorage/OneDrive-MaynoothUniversity/D8Dash paper/BSpace.shp|layername=BSpace,29700.000000000000000,55.153089757907964,-6.148498126,53.38275054
254,r7544494,7544494,relation,nature_reserve,,,,,,,,,,,,,,,,,,,,,,,,,,,,,,,,,,,,,,,,,,,,,,,,,,,,,,,,,,,,,,,,,,,,,,,,,,,,,,,,,,,,,,,,,,,,,,,,,,,,,,,,,,,,,,,,IE0004006,97,protected_area,,,,,,,,,,,,,,,,,,,,,,,,,,,,,,multipolygon,North Bull Island Special Protection Area,,,,,,/Users/kevincredit/Library/CloudStorage/OneDrive-MaynoothUniversity/D8Dash paper/BSpace.shp|layername=BSpace,29800.000000000000000,55.779729269788746,-6.147230302,53.38323178
255,r7544494,7544494,relation,nature_reserve,,,,,,,,,,,,,,,,,,,,,,,,,,,,,,,,,,,,,,,,,,,,,,,,,,,,,,,,,,,,,,,,,,,,,,,,,,,,,,,,,,,,,,,,,,,,,,,,,,,,,,,,,,,,,,,,IE0004006,97,protected_area,,,,,,,,,,,,,,,,,,,,,,,,,,,,,,multipolygon,North Bull Island Special Protection Area,,,,,,/Users/kevincredit/Library/CloudStorage/OneDrive-MaynoothUniversity/D8Dash paper/BSpace.shp|layername=BSpace,29900.000000000000000,56.694983448080215,-6.145969881,53.38371829
256,r7544494,7544494,relation,nature_reserve,,,,,,,,,,,,,,,,,,,,,,,,,,,,,,,,,,,,,,,,,,,,,,,,,,,,,,,,,,,,,,,,,,,,,,,,,,,,,,,,,,,,,,,,,,,,,,,,,,,,,,,,,,,,,,,,IE0004006,97,protected_area,,,,,,,,,,,,,,,,,,,,,,,,,,,,,,multipolygon,North Bull Island Special Protection Area,,,,,,/Users/kevincredit/Library/CloudStorage/OneDrive-MaynoothUniversity/D8Dash paper/BSpace.shp|layername=BSpace,30000.000000000000000,56.694983448080215,-6.144698879,53.38420698
257,r7544494,7544494,relation,nature_reserve,,,,,,,,,,,,,,,,,,,,,,,,,,,,,,,,,,,,,,,,,,,,,,,,,,,,,,,,,,,,,,,,,,,,,,,,,,,,,,,,,,,,,,,,,,,,,,,,,,,,,,,,,,,,,,,,IE0004006,97,protected_area,,,,,,,,,,,,,,,,,,,,,,,,,,,,,,multipolygon,North Bull Island Special Protection Area,,,,,,/Users/kevincredit/Library/CloudStorage/OneDrive-MaynoothUniversity/D8Dash paper/BSpace.shp|layername=BSpace,30100.000000000000000,57.470900683633005,-6.143392223,53.38466145
258,r7544494,7544494,relation,nature_reserve,,,,,,,,,,,,,,,,,,,,,,,,,,,,,,,,,,,,,,,,,,,,,,,,,,,,,,,,,,,,,,,,,,,,,,,,,,,,,,,,,,,,,,,,,,,,,,,,,,,,,,,,,,,,,,,,IE0004006,97,protected_area,,,,,,,,,,,,,,,,,,,,,,,,,,,,,,multipolygon,North Bull Island Special Protection Area,,,,,,/Users/kevincredit/Library/CloudStorage/OneDrive-MaynoothUniversity/D8Dash paper/BSpace.shp|layername=BSpace,30200.000000000000000,65.958161332117513,-6.142054373,53.38508275
259,r7544494,7544494,relation,nature_reserve,,,,,,,,,,,,,,,,,,,,,,,,,,,,,,,,,,,,,,,,,,,,,,,,,,,,,,,,,,,,,,,,,,,,,,,,,,,,,,,,,,,,,,,,,,,,,,,,,,,,,,,,,,,,,,,,IE0004006,97,protected_area,,,,,,,,,,,,,,,,,,,,,,,,,,,,,,multipolygon,North Bull Island Special Protection Area,,,,,,/Users/kevincredit/Library/CloudStorage/OneDrive-MaynoothUniversity/D8Dash paper/BSpace.shp|layername=BSpace,30300.000000000000000,65.918865381518515,-6.140683384,53.3854632
260,r7544494,7544494,relation,nature_reserve,,,,,,,,,,,,,,,,,,,,,,,,,,,,,,,,,,,,,,,,,,,,,,,,,,,,,,,,,,,,,,,,,,,,,,,,,,,,,,,,,,,,,,,,,,,,,,,,,,,,,,,,,,,,,,,,IE0004006,97,protected_area,,,,,,,,,,,,,,,,,,,,,,,,,,,,,,multipolygon,North Bull Island Special Protection Area,,,,,,/Users/kevincredit/Library/CloudStorage/OneDrive-MaynoothUniversity/D8Dash paper/BSpace.shp|layername=BSpace,30400.000000000000000,65.918865381518515,-6.13926411,53.38578992
261,r7544494,7544494,relation,nature_reserve,,,,,,,,,,,,,,,,,,,,,,,,,,,,,,,,,,,,,,,,,,,,,,,,,,,,,,,,,,,,,,,,,,,,,,,,,,,,,,,,,,,,,,,,,,,,,,,,,,,,,,,,,,,,,,,,IE0004006,97,protected_area,,,,,,,,,,,,,,,,,,,,,,,,,,,,,,multipolygon,North Bull Island Special Protection Area,,,,,,/Users/kevincredit/Library/CloudStorage/OneDrive-MaynoothUniversity/D8Dash paper/BSpace.shp|layername=BSpace,30500.000000000000000,68.829020992981100,-6.137844105,53.38609228
262,r7544494,7544494,relation,nature_reserve,,,,,,,,,,,,,,,,,,,,,,,,,,,,,,,,,,,,,,,,,,,,,,,,,,,,,,,,,,,,,,,,,,,,,,,,,,,,,,,,,,,,,,,,,,,,,,,,,,,,,,,,,,,,,,,,IE0004006,97,protected_area,,,,,,,,,,,,,,,,,,,,,,,,,,,,,,multipolygon,North Bull Island Special Protection Area,,,,,,/Users/kevincredit/Library/CloudStorage/OneDrive-MaynoothUniversity/D8Dash paper/BSpace.shp|layername=BSpace,30600.000000000000000,68.829020992981100,-6.136424238,53.38638482
263,r7544494,7544494,relation,nature_reserve,,,,,,,,,,,,,,,,,,,,,,,,,,,,,,,,,,,,,,,,,,,,,,,,,,,,,,,,,,,,,,,,,,,,,,,,,,,,,,,,,,,,,,,,,,,,,,,,,,,,,,,,,,,,,,,,IE0004006,97,protected_area,,,,,,,,,,,,,,,,,,,,,,,,,,,,,,multipolygon,North Bull Island Special Protection Area,,,,,,/Users/kevincredit/Library/CloudStorage/OneDrive-MaynoothUniversity/D8Dash paper/BSpace.shp|layername=BSpace,30700.000000000000000,68.901745852554257,-6.135013125,53.38668208
264,r7544494,7544494,relation,nature_reserve,,,,,,,,,,,,,,,,,,,,,,,,,,,,,,,,,,,,,,,,,,,,,,,,,,,,,,,,,,,,,,,,,,,,,,,,,,,,,,,,,,,,,,,,,,,,,,,,,,,,,,,,,,,,,,,,IE0004006,97,protected_area,,,,,,,,,,,,,,,,,,,,,,,,,,,,,,multipolygon,North Bull Island Special Protection Area,,,,,,/Users/kevincredit/Library/CloudStorage/OneDrive-MaynoothUniversity/D8Dash paper/BSpace.shp|layername=BSpace,30800.000000000000000,68.901745852554257,-6.133602943,53.38699604
265,r7544494,7544494,relation,nature_reserve,,,,,,,,,,,,,,,,,,,,,,,,,,,,,,,,,,,,,,,,,,,,,,,,,,,,,,,,,,,,,,,,,,,,,,,,,,,,,,,,,,,,,,,,,,,,,,,,,,,,,,,,,,,,,,,,IE0004006,97,protected_area,,,,,,,,,,,,,,,,,,,,,,,,,,,,,,multipolygon,North Bull Island Special Protection Area,,,,,,/Users/kevincredit/Library/CloudStorage/OneDrive-MaynoothUniversity/D8Dash paper/BSpace.shp|layername=BSpace,30900.000000000000000,68.224927983789428,-6.132214065,53.38732567
266,r7544494,7544494,relation,nature_reserve,,,,,,,,,,,,,,,,,,,,,,,,,,,,,,,,,,,,,,,,,,,,,,,,,,,,,,,,,,,,,,,,,,,,,,,,,,,,,,,,,,,,,,,,,,,,,,,,,,,,,,,,,,,,,,,,IE0004006,97,protected_area,,,,,,,,,,,,,,,,,,,,,,,,,,,,,,multipolygon,North Bull Island Special Protection Area,,,,,,/Users/kevincredit/Library/CloudStorage/OneDrive-MaynoothUniversity/D8Dash paper/BSpace.shp|layername=BSpace,31000.000000000000000,73.966305431880286,-6.1307608,53.38762067
267,r7544494,7544494,relation,nature_reserve,,,,,,,,,,,,,,,,,,,,,,,,,,,,,,,,,,,,,,,,,,,,,,,,,,,,,,,,,,,,,,,,,,,,,,,,,,,,,,,,,,,,,,,,,,,,,,,,,,,,,,,,,,,,,,,,IE0004006,97,protected_area,,,,,,,,,,,,,,,,,,,,,,,,,,,,,,multipolygon,North Bull Island Special Protection Area,,,,,,/Users/kevincredit/Library/CloudStorage/OneDrive-MaynoothUniversity/D8Dash paper/BSpace.shp|layername=BSpace,31100.000000000000000,74.081681938410213,-6.129295809,53.38784593
268,r7544494,7544494,relation,nature_reserve,,,,,,,,,,,,,,,,,,,,,,,,,,,,,,,,,,,,,,,,,,,,,,,,,,,,,,,,,,,,,,,,,,,,,,,,,,,,,,,,,,,,,,,,,,,,,,,,,,,,,,,,,,,,,,,,IE0004006,97,protected_area,,,,,,,,,,,,,,,,,,,,,,,,,,,,,,multipolygon,North Bull Island Special Protection Area,,,,,,/Users/kevincredit/Library/CloudStorage/OneDrive-MaynoothUniversity/D8Dash paper/BSpace.shp|layername=BSpace,31200.000000000000000,77.790050172446172,-6.127825027,53.38805024
269,r7544494,7544494,relation,nature_reserve,,,,,,,,,,,,,,,,,,,,,,,,,,,,,,,,,,,,,,,,,,,,,,,,,,,,,,,,,,,,,,,,,,,,,,,,,,,,,,,,,,,,,,,,,,,,,,,,,,,,,,,,,,,,,,,,IE0004006,97,protected_area,,,,,,,,,,,,,,,,,,,,,,,,,,,,,,multipolygon,North Bull Island Special Protection Area,,,,,,/Users/kevincredit/Library/CloudStorage/OneDrive-MaynoothUniversity/D8Dash paper/BSpace.shp|layername=BSpace,31300.000000000000000,83.650760462991286,-6.126351771,53.38823038
270,r7544494,7544494,relation,nature_reserve,,,,,,,,,,,,,,,,,,,,,,,,,,,,,,,,,,,,,,,,,,,,,,,,,,,,,,,,,,,,,,,,,,,,,,,,,,,,,,,,,,,,,,,,,,,,,,,,,,,,,,,,,,,,,,,,IE0004006,97,protected_area,,,,,,,,,,,,,,,,,,,,,,,,,,,,,,multipolygon,North Bull Island Special Protection Area,,,,,,/Users/kevincredit/Library/CloudStorage/OneDrive-MaynoothUniversity/D8Dash paper/BSpace.shp|layername=BSpace,31400.000000000000000,79.349503977363398,-6.12487926,53.38840003
271,r7544494,7544494,relation,nature_reserve,,,,,,,,,,,,,,,,,,,,,,,,,,,,,,,,,,,,,,,,,,,,,,,,,,,,,,,,,,,,,,,,,,,,,,,,,,,,,,,,,,,,,,,,,,,,,,,,,,,,,,,,,,,,,,,,IE0004006,97,protected_area,,,,,,,,,,,,,,,,,,,,,,,,,,,,,,multipolygon,North Bull Island Special Protection Area,,,,,,/Users/kevincredit/Library/CloudStorage/OneDrive-MaynoothUniversity/D8Dash paper/BSpace.shp|layername=BSpace,31500.000000000000000,76.500415192366034,-6.123399842,53.38856111
272,r7544494,7544494,relation,nature_reserve,,,,,,,,,,,,,,,,,,,,,,,,,,,,,,,,,,,,,,,,,,,,,,,,,,,,,,,,,,,,,,,,,,,,,,,,,,,,,,,,,,,,,,,,,,,,,,,,,,,,,,,,,,,,,,,,IE0004006,97,protected_area,,,,,,,,,,,,,,,,,,,,,,,,,,,,,,multipolygon,North Bull Island Special Protection Area,,,,,,/Users/kevincredit/Library/CloudStorage/OneDrive-MaynoothUniversity/D8Dash paper/BSpace.shp|layername=BSpace,31600.000000000000000,77.486554976026454,-6.121917768,53.38870576
273,r7544494,7544494,relation,nature_reserve,,,,,,,,,,,,,,,,,,,,,,,,,,,,,,,,,,,,,,,,,,,,,,,,,,,,,,,,,,,,,,,,,,,,,,,,,,,,,,,,,,,,,,,,,,,,,,,,,,,,,,,,,,,,,,,,IE0004006,97,protected_area,,,,,,,,,,,,,,,,,,,,,,,,,,,,,,multipolygon,North Bull Island Special Protection Area,,,,,,/Users/kevincredit/Library/CloudStorage/OneDrive-MaynoothUniversity/D8Dash paper/BSpace.shp|layername=BSpace,31700.000000000000000,85.242173135101339,-6.12039588,53.38880354
274,r7544494,7544494,relation,nature_reserve,,,,,,,,,,,,,,,,,,,,,,,,,,,,,,,,,,,,,,,,,,,,,,,,,,,,,,,,,,,,,,,,,,,,,,,,,,,,,,,,,,,,,,,,,,,,,,,,,,,,,,,,,,,,,,,,IE0004006,97,protected_area,,,,,,,,,,,,,,,,,,,,,,,,,,,,,,multipolygon,North Bull Island Special Protection Area,,,,,,/Users/kevincredit/Library/CloudStorage/OneDrive-MaynoothUniversity/D8Dash paper/BSpace.shp|layername=BSpace,31800.000000000000000,89.466225813739186,-6.118874515,53.38883405
275,r7544494,7544494,relation,nature_reserve,,,,,,,,,,,,,,,,,,,,,,,,,,,,,,,,,,,,,,,,,,,,,,,,,,,,,,,,,,,,,,,,,,,,,,,,,,,,,,,,,,,,,,,,,,,,,,,,,,,,,,,,,,,,,,,,IE0004006,97,protected_area,,,,,,,,,,,,,,,,,,,,,,,,,,,,,,multipolygon,North Bull Island Special Protection Area,,,,,,/Users/kevincredit/Library/CloudStorage/OneDrive-MaynoothUniversity/D8Dash paper/BSpace.shp|layername=BSpace,31900.000000000000000,88.290387301151839,-6.117373557,53.38883594
276,r7544494,7544494,relation,nature_reserve,,,,,,,,,,,,,,,,,,,,,,,,,,,,,,,,,,,,,,,,,,,,,,,,,,,,,,,,,,,,,,,,,,,,,,,,,,,,,,,,,,,,,,,,,,,,,,,,,,,,,,,,,,,,,,,,IE0004006,97,protected_area,,,,,,,,,,,,,,,,,,,,,,,,,,,,,,multipolygon,North Bull Island Special Protection Area,,,,,,/Users/kevincredit/Library/CloudStorage/OneDrive-MaynoothUniversity/D8Dash paper/BSpace.shp|layername=BSpace,32000.000000000000000,111.013947206091473,-6.115754091,53.3887249
277,r7544494,7544494,relation,nature_reserve,,,,,,,,,,,,,,,,,,,,,,,,,,,,,,,,,,,,,,,,,,,,,,,,,,,,,,,,,,,,,,,,,,,,,,,,,,,,,,,,,,,,,,,,,,,,,,,,,,,,,,,,,,,,,,,,IE0004006,97,protected_area,,,,,,,,,,,,,,,,,,,,,,,,,,,,,,multipolygon,North Bull Island Special Protection Area,,,,,,/Users/kevincredit/Library/CloudStorage/OneDrive-MaynoothUniversity/D8Dash paper/BSpace.shp|layername=BSpace,32100.000000000000000,121.496515136278234,-6.114318091,53.3884379
278,r7544494,7544494,relation,nature_reserve,,,,,,,,,,,,,,,,,,,,,,,,,,,,,,,,,,,,,,,,,,,,,,,,,,,,,,,,,,,,,,,,,,,,,,,,,,,,,,,,,,,,,,,,,,,,,,,,,,,,,,,,,,,,,,,,IE0004006,97,protected_area,,,,,,,,,,,,,,,,,,,,,,,,,,,,,,multipolygon,North Bull Island Special Protection Area,,,,,,/Users/kevincredit/Library/CloudStorage/OneDrive-MaynoothUniversity/D8Dash paper/BSpace.shp|layername=BSpace,32200.000000000000000,103.200112429413849,-6.113141164,53.38847567
279,r7544494,7544494,relation,nature_reserve,,,,,,,,,,,,,,,,,,,,,,,,,,,,,,,,,,,,,,,,,,,,,,,,,,,,,,,,,,,,,,,,,,,,,,,,,,,,,,,,,,,,,,,,,,,,,,,,,,,,,,,,,,,,,,,,IE0004006,97,protected_area,,,,,,,,,,,,,,,,,,,,,,,,,,,,,,multipolygon,North Bull Island Special Protection Area,,,,,,/Users/kevincredit/Library/CloudStorage/OneDrive-MaynoothUniversity/D8Dash paper/BSpace.shp|layername=BSpace,32300.000000000000000,94.796653095152365,-6.111450791,53.3882811
280,r7544494,7544494,relation,nature_reserve,,,,,,,,,,,,,,,,,,,,,,,,,,,,,,,,,,,,,,,,,,,,,,,,,,,,,,,,,,,,,,,,,,,,,,,,,,,,,,,,,,,,,,,,,,,,,,,,,,,,,,,,,,,,,,,,IE0004006,97,protected_area,,,,,,,,,,,,,,,,,,,,,,,,,,,,,,multipolygon,North Bull Island Special Protection Area,,,,,,/Users/kevincredit/Library/CloudStorage/OneDrive-MaynoothUniversity/D8Dash paper/BSpace.shp|layername=BSpace,32400.000000000000000,99.404174631218453,-6.111080391,53.3882966
281,r7544494,7544494,relation,nature_reserve,,,,,,,,,,,,,,,,,,,,,,,,,,,,,,,,,,,,,,,,,,,,,,,,,,,,,,,,,,,,,,,,,,,,,,,,,,,,,,,,,,,,,,,,,,,,,,,,,,,,,,,,,,,,,,,,IE0004006,97,protected_area,,,,,,,,,,,,,,,,,,,,,,,,,,,,,,multipolygon,North Bull Island Special Protection Area,,,,,,/Users/kevincredit/Library/CloudStorage/OneDrive-MaynoothUniversity/D8Dash paper/BSpace.shp|layername=BSpace,32500.000000000000000,99.831442852019322,-6.108909791,53.3880921
282,r7544494,7544494,relation,nature_reserve,,,,,,,,,,,,,,,,,,,,,,,,,,,,,,,,,,,,,,,,,,,,,,,,,,,,,,,,,,,,,,,,,,,,,,,,,,,,,,,,,,,,,,,,,,,,,,,,,,,,,,,,,,,,,,,,IE0004006,97,protected_area,,,,,,,,,,,,,,,,,,,,,,,,,,,,,,multipolygon,North Bull Island Special Protection Area,,,,,,/Users/kevincredit/Library/CloudStorage/OneDrive-MaynoothUniversity/D8Dash paper/BSpace.shp|layername=BSpace,32600.000000000000000,99.831442852019322,-6.107407791,53.3877882
283,r7544494,7544494,relation,nature_reserve,,,,,,,,,,,,,,,,,,,,,,,,,,,,,,,,,,,,,,,,,,,,,,,,,,,,,,,,,,,,,,,,,,,,,,,,,,,,,,,,,,,,,,,,,,,,,,,,,,,,,,,,,,,,,,,,IE0004006,97,protected_area,,,,,,,,,,,,,,,,,,,,,,,,,,,,,,multipolygon,North Bull Island Special Protection Area,,,,,,/Users/kevincredit/Library/CloudStorage/OneDrive-MaynoothUniversity/D8Dash paper/BSpace.shp|layername=BSpace,32700.000000000000000,104.822762561196086,-6.105409807,53.38745226
284,r7544494,7544494,relation,nature_reserve,,,,,,,,,,,,,,,,,,,,,,,,,,,,,,,,,,,,,,,,,,,,,,,,,,,,,,,,,,,,,,,,,,,,,,,,,,,,,,,,,,,,,,,,,,,,,,,,,,,,,,,,,,,,,,,,IE0004006,97,protected_area,,,,,,,,,,,,,,,,,,,,,,,,,,,,,,multipolygon,North Bull Island Special Protection Area,,,,,,/Users/kevincredit/Library/CloudStorage/OneDrive-MaynoothUniversity/D8Dash paper/BSpace.shp|layername=BSpace,32800.000000000000000,118.970725666469988,-6.104215823,53.38694914
285,r7544494,7544494,relation,nature_reserve,,,,,,,,,,,,,,,,,,,,,,,,,,,,,,,,,,,,,,,,,,,,,,,,,,,,,,,,,,,,,,,,,,,,,,,,,,,,,,,,,,,,,,,,,,,,,,,,,,,,,,,,,,,,,,,,IE0004006,97,protected_area,,,,,,,,,,,,,,,,,,,,,,,,,,,,,,multipolygon,North Bull Island Special Protection Area,,,,,,/Users/kevincredit/Library/CloudStorage/OneDrive-MaynoothUniversity/D8Dash paper/BSpace.shp|layername=BSpace,32900.000000000000000,129.076109245720318,-6.102993443,53.38640633
286,r7544494,7544494,relation,nature_reserve,,,,,,,,,,,,,,,,,,,,,,,,,,,,,,,,,,,,,,,,,,,,,,,,,,,,,,,,,,,,,,,,,,,,,,,,,,,,,,,,,,,,,,,,,,,,,,,,,,,,,,,,,,,,,,,,IE0004006,97,protected_area,,,,,,,,,,,,,,,,,,,,,,,,,,,,,,multipolygon,North Bull Island Special Protection Area,,,,,,/Users/kevincredit/Library/CloudStorage/OneDrive-MaynoothUniversity/D8Dash paper/BSpace.shp|layername=BSpace,33000.000000000000000,131.761732903514542,-6.101878685,53.38573926
287,r7544494,7544494,relation,nature_reserve,,,,,,,,,,,,,,,,,,,,,,,,,,,,,,,,,,,,,,,,,,,,,,,,,,,,,,,,,,,,,,,,,,,,,,,,,,,,,,,,,,,,,,,,,,,,,,,,,,,,,,,,,,,,,,,,IE0004006,97,protected_area,,,,,,,,,,,,,,,,,,,,,,,,,,,,,,multipolygon,North Bull Island Special Protection Area,,,,,,/Users/kevincredit/Library/CloudStorage/OneDrive-MaynoothUniversity/D8Dash paper/BSpace.shp|layername=BSpace,33100.000000000000000,172.430989829768009,-6.100893134,53.38504738
288,r7544494,7544494,relation,nature_reserve,,,,,,,,,,,,,,,,,,,,,,,,,,,,,,,,,,,,,,,,,,,,,,,,,,,,,,,,,,,,,,,,,,,,,,,,,,,,,,,,,,,,,,,,,,,,,,,,,,,,,,,,,,,,,,,,IE0004006,97,protected_area,,,,,,,,,,,,,,,,,,,,,,,,,,,,,,multipolygon,North Bull Island Special Protection Area,,,,,,/Users/kevincredit/Library/CloudStorage/OneDrive-MaynoothUniversity/D8Dash paper/BSpace.shp|layername=BSpace,33200.000000000000000,178.180962310102331,-6.100924534,53.38376027
289,r7544494,7544494,relation,nature_reserve,,,,,,,,,,,,,,,,,,,,,,,,,,,,,,,,,,,,,,,,,,,,,,,,,,,,,,,,,,,,,,,,,,,,,,,,,,,,,,,,,,,,,,,,,,,,,,,,,,,,,,,,,,,,,,,,IE0004006,97,protected_area,,,,,,,,,,,,,,,,,,,,,,,,,,,,,,multipolygon,North Bull Island Special Protection Area,,,,,,/Users/kevincredit/Library/CloudStorage/OneDrive-MaynoothUniversity/D8Dash paper/BSpace.shp|layername=BSpace,33300.000000000000000,200.402763440156320,-6.101443905,53.38300148
290,r7544494,7544494,relation,nature_reserve,,,,,,,,,,,,,,,,,,,,,,,,,,,,,,,,,,,,,,,,,,,,,,,,,,,,,,,,,,,,,,,,,,,,,,,,,,,,,,,,,,,,,,,,,,,,,,,,,,,,,,,,,,,,,,,,IE0004006,97,protected_area,,,,,,,,,,,,,,,,,,,,,,,,,,,,,,multipolygon,North Bull Island Special Protection Area,,,,,,/Users/kevincredit/Library/CloudStorage/OneDrive-MaynoothUniversity/D8Dash paper/BSpace.shp|layername=BSpace,33400.000000000000000,188.888485441245109,-6.101924099,53.38215115
291,r7544494,7544494,relation,nature_reserve,,,,,,,,,,,,,,,,,,,,,,,,,,,,,,,,,,,,,,,,,,,,,,,,,,,,,,,,,,,,,,,,,,,,,,,,,,,,,,,,,,,,,,,,,,,,,,,,,,,,,,,,,,,,,,,,IE0004006,97,protected_area,,,,,,,,,,,,,,,,,,,,,,,,,,,,,,multipolygon,North Bull Island Special Protection Area,,,,,,/Users/kevincredit/Library/CloudStorage/OneDrive-MaynoothUniversity/D8Dash paper/BSpace.shp|layername=BSpace,33500.000000000000000,191.430277102700728,-6.102247997,53.38129472
292,r7544494,7544494,relation,nature_reserve,,,,,,,,,,,,,,,,,,,,,,,,,,,,,,,,,,,,,,,,,,,,,,,,,,,,,,,,,,,,,,,,,,,,,,,,,,,,,,,,,,,,,,,,,,,,,,,,,,,,,,,,,,,,,,,,IE0004006,97,protected_area,,,,,,,,,,,,,,,,,,,,,,,,,,,,,,multipolygon,North Bull Island Special Protection Area,,,,,,/Users/kevincredit/Library/CloudStorage/OneDrive-MaynoothUniversity/D8Dash paper/BSpace.shp|layername=BSpace,33600.000000000000000,191.430277102700728,-6.102489585,53.38041314
293,r7544494,7544494,relation,nature_reserve,,,,,,,,,,,,,,,,,,,,,,,,,,,,,,,,,,,,,,,,,,,,,,,,,,,,,,,,,,,,,,,,,,,,,,,,,,,,,,,,,,,,,,,,,,,,,,,,,,,,,,,,,,,,,,,,IE0004006,97,protected_area,,,,,,,,,,,,,,,,,,,,,,,,,,,,,,multipolygon,North Bull Island Special Protection Area,,,,,,/Users/kevincredit/Library/CloudStorage/OneDrive-MaynoothUniversity/D8Dash paper/BSpace.shp|layername=BSpace,33700.000000000000000,175.873648818894793,-6.10268761,53.37953696
294,r7544494,7544494,relation,nature_reserve,,,,,,,,,,,,,,,,,,,,,,,,,,,,,,,,,,,,,,,,,,,,,,,,,,,,,,,,,,,,,,,,,,,,,,,,,,,,,,,,,,,,,,,,,,,,,,,,,,,,,,,,,,,,,,,,IE0004006,97,protected_area,,,,,,,,,,,,,,,,,,,,,,,,,,,,,,multipolygon,North Bull Island Special Protection Area,,,,,,/Users/kevincredit/Library/CloudStorage/OneDrive-MaynoothUniversity/D8Dash paper/BSpace.shp|layername=BSpace,33800.000000000000000,164.026151663886253,-6.102629314,53.37869142
295,r7544494,7544494,relation,nature_reserve,,,,,,,,,,,,,,,,,,,,,,,,,,,,,,,,,,,,,,,,,,,,,,,,,,,,,,,,,,,,,,,,,,,,,,,,,,,,,,,,,,,,,,,,,,,,,,,,,,,,,,,,,,,,,,,,IE0004006,97,protected_area,,,,,,,,,,,,,,,,,,,,,,,,,,,,,,multipolygon,North Bull Island Special Protection Area,,,,,,/Users/kevincredit/Library/CloudStorage/OneDrive-MaynoothUniversity/D8Dash paper/BSpace.shp|layername=BSpace,33900.000000000000000,154.177957026625990,-6.102187591,53.3779359
296,r7544494,7544494,relation,nature_reserve,,,,,,,,,,,,,,,,,,,,,,,,,,,,,,,,,,,,,,,,,,,,,,,,,,,,,,,,,,,,,,,,,,,,,,,,,,,,,,,,,,,,,,,,,,,,,,,,,,,,,,,,,,,,,,,,IE0004006,97,protected_area,,,,,,,,,,,,,,,,,,,,,,,,,,,,,,multipolygon,North Bull Island Special Protection Area,,,,,,/Users/kevincredit/Library/CloudStorage/OneDrive-MaynoothUniversity/D8Dash paper/BSpace.shp|layername=BSpace,34000.000000000000000,149.191841522930190,-6.101776589,53.3770449
297,r7544494,7544494,relation,nature_reserve,,,,,,,,,,,,,,,,,,,,,,,,,,,,,,,,,,,,,,,,,,,,,,,,,,,,,,,,,,,,,,,,,,,,,,,,,,,,,,,,,,,,,,,,,,,,,,,,,,,,,,,,,,,,,,,,IE0004006,97,protected_area,,,,,,,,,,,,,,,,,,,,,,,,,,,,,,multipolygon,North Bull Island Special Protection Area,,,,,,/Users/kevincredit/Library/CloudStorage/OneDrive-MaynoothUniversity/D8Dash paper/BSpace.shp|layername=BSpace,34100.000000000000000,158.558947136076426,-6.101426975,53.376318
298,r7544494,7544494,relation,nature_reserve,,,,,,,,,,,,,,,,,,,,,,,,,,,,,,,,,,,,,,,,,,,,,,,,,,,,,,,,,,,,,,,,,,,,,,,,,,,,,,,,,,,,,,,,,,,,,,,,,,,,,,,,,,,,,,,,IE0004006,97,protected_area,,,,,,,,,,,,,,,,,,,,,,,,,,,,,,multipolygon,North Bull Island Special Protection Area,,,,,,/Users/kevincredit/Library/CloudStorage/OneDrive-MaynoothUniversity/D8Dash paper/BSpace.shp|layername=BSpace,34200.000000000000000,115.248872935477664,-6.100715314,53.37591747
299,r7544494,7544494,relation,nature_reserve,,,,,,,,,,,,,,,,,,,,,,,,,,,,,,,,,,,,,,,,,,,,,,,,,,,,,,,,,,,,,,,,,,,,,,,,,,,,,,,,,,,,,,,,,,,,,,,,,,,,,,,,,,,,,,,,IE0004006,97,protected_area,,,,,,,,,,,,,,,,,,,,,,,,,,,,,,multipolygon,North Bull Island Special Protection Area,,,,,,/Users/kevincredit/Library/CloudStorage/OneDrive-MaynoothUniversity/D8Dash paper/BSpace.shp|layername=BSpace,34300.000000000000000,127.570513385640879,-6.099926133,53.37525978
300,r7544494,7544494,relation,nature_reserve,,,,,,,,,,,,,,,,,,,,,,,,,,,,,,,,,,,,,,,,,,,,,,,,,,,,,,,,,,,,,,,,,,,,,,,,,,,,,,,,,,,,,,,,,,,,,,,,,,,,,,,,,,,,,,,,IE0004006,97,protected_area,,,,,,,,,,,,,,,,,,,,,,,,,,,,,,multipolygon,North Bull Island Special Protection Area,,,,,,/Users/kevincredit/Library/CloudStorage/OneDrive-MaynoothUniversity/D8Dash paper/BSpace.shp|layername=BSpace,34400.000000000000000,126.850605408963830,-6.09897376,53.37462413
301,r7544494,7544494,relation,nature_reserve,,,,,,,,,,,,,,,,,,,,,,,,,,,,,,,,,,,,,,,,,,,,,,,,,,,,,,,,,,,,,,,,,,,,,,,,,,,,,,,,,,,,,,,,,,,,,,,,,,,,,,,,,,,,,,,,IE0004006,97,protected_area,,,,,,,,,,,,,,,,,,,,,,,,,,,,,,multipolygon,North Bull Island Special Protection Area,,,,,,/Users/kevincredit/Library/CloudStorage/OneDrive-MaynoothUniversity/D8Dash paper/BSpace.shp|layername=BSpace,34500.000000000000000,186.666203452366688,-6.098346066,53.37372499
302,r7544494,7544494,relation,nature_reserve,,,,,,,,,,,,,,,,,,,,,,,,,,,,,,,,,,,,,,,,,,,,,,,,,,,,,,,,,,,,,,,,,,,,,,,,,,,,,,,,,,,,,,,,,,,,,,,,,,,,,,,,,,,,,,,,IE0004006,97,protected_area,,,,,,,,,,,,,,,,,,,,,,,,,,,,,,multipolygon,North Bull Island Special Protection Area,,,,,,/Users/kevincredit/Library/CloudStorage/OneDrive-MaynoothUniversity/D8Dash paper/BSpace.shp|layername=BSpace,34600.000000000000000,158.716459868813502,-6.097992169,53.37303325
303,r7544494,7544494,relation,nature_reserve,,,,,,,,,,,,,,,,,,,,,,,,,,,,,,,,,,,,,,,,,,,,,,,,,,,,,,,,,,,,,,,,,,,,,,,,,,,,,,,,,,,,,,,,,,,,,,,,,,,,,,,,,,,,,,,,IE0004006,97,protected_area,,,,,,,,,,,,,,,,,,,,,,,,,,,,,,multipolygon,North Bull Island Special Protection Area,,,,,,/Users/kevincredit/Library/CloudStorage/OneDrive-MaynoothUniversity/D8Dash paper/BSpace.shp|layername=BSpace,34700.000000000000000,199.602781633283513,-6.09754561,53.37237558
304,r7544494,7544494,relation,nature_reserve,,,,,,,,,,,,,,,,,,,,,,,,,,,,,,,,,,,,,,,,,,,,,,,,,,,,,,,,,,,,,,,,,,,,,,,,,,,,,,,,,,,,,,,,,,,,,,,,,,,,,,,,,,,,,,,,IE0004006,97,protected_area,,,,,,,,,,,,,,,,,,,,,,,,,,,,,,multipolygon,North Bull Island Special Protection Area,,,,,,/Users/kevincredit/Library/CloudStorage/OneDrive-MaynoothUniversity/D8Dash paper/BSpace.shp|layername=BSpace,34800.000000000000000,154.462416422028014,-6.097202091,53.3711914
305,r7544494,7544494,relation,nature_reserve,,,,,,,,,,,,,,,,,,,,,,,,,,,,,,,,,,,,,,,,,,,,,,,,,,,,,,,,,,,,,,,,,,,,,,,,,,,,,,,,,,,,,,,,,,,,,,,,,,,,,,,,,,,,,,,,IE0004006,97,protected_area,,,,,,,,,,,,,,,,,,,,,,,,,,,,,,multipolygon,North Bull Island Special Protection Area,,,,,,/Users/kevincredit/Library/CloudStorage/OneDrive-MaynoothUniversity/D8Dash paper/BSpace.shp|layername=BSpace,34900.000000000000000,131.850782299118947,-6.096873264,53.37076548
306,r7544494,7544494,relation,nature_reserve,,,,,,,,,,,,,,,,,,,,,,,,,,,,,,,,,,,,,,,,,,,,,,,,,,,,,,,,,,,,,,,,,,,,,,,,,,,,,,,,,,,,,,,,,,,,,,,,,,,,,,,,,,,,,,,,IE0004006,97,protected_area,,,,,,,,,,,,,,,,,,,,,,,,,,,,,,multipolygon,North Bull Island Special Protection Area,,,,,,/Users/kevincredit/Library/CloudStorage/OneDrive-MaynoothUniversity/D8Dash paper/BSpace.shp|layername=BSpace,35000.000000000000000,163.512598330508894,-6.096168426,53.36988171
307,r7544494,7544494,relation,nature_reserve,,,,,,,,,,,,,,,,,,,,,,,,,,,,,,,,,,,,,,,,,,,,,,,,,,,,,,,,,,,,,,,,,,,,,,,,,,,,,,,,,,,,,,,,,,,,,,,,,,,,,,,,,,,,,,,,IE0004006,97,protected_area,,,,,,,,,,,,,,,,,,,,,,,,,,,,,,multipolygon,North Bull Island Special Protection Area,,,,,,/Users/kevincredit/Library/CloudStorage/OneDrive-MaynoothUniversity/D8Dash paper/BSpace.shp|layername=BSpace,35100.000000000000000,116.483027140132052,-6.095889791,53.3696241
308,r7544494,7544494,relation,nature_reserve,,,,,,,,,,,,,,,,,,,,,,,,,,,,,,,,,,,,,,,,,,,,,,,,,,,,,,,,,,,,,,,,,,,,,,,,,,,,,,,,,,,,,,,,,,,,,,,,,,,,,,,,,,,,,,,,IE0004006,97,protected_area,,,,,,,,,,,,,,,,,,,,,,,,,,,,,,multipolygon,North Bull Island Special Protection Area,,,,,,/Users/kevincredit/Library/CloudStorage/OneDrive-MaynoothUniversity/D8Dash paper/BSpace.shp|layername=BSpace,35200.000000000000000,110.895626564220933,-6.095889791,53.3696241
309,r7544494,7544494,relation,nature_reserve,,,,,,,,,,,,,,,,,,,,,,,,,,,,,,,,,,,,,,,,,,,,,,,,,,,,,,,,,,,,,,,,,,,,,,,,,,,,,,,,,,,,,,,,,,,,,,,,,,,,,,,,,,,,,,,,IE0004006,97,protected_area,,,,,,,,,,,,,,,,,,,,,,,,,,,,,,multipolygon,North Bull Island Special Protection Area,,,,,,/Users/kevincredit/Library/CloudStorage/OneDrive-MaynoothUniversity/D8Dash paper/BSpace.shp|layername=BSpace,35300.000000000000000,116.713679853154545,-6.095889791,53.3696241
310,r7544494,7544494,relation,nature_reserve,,,,,,,,,,,,,,,,,,,,,,,,,,,,,,,,,,,,,,,,,,,,,,,,,,,,,,,,,,,,,,,,,,,,,,,,,,,,,,,,,,,,,,,,,,,,,,,,,,,,,,,,,,,,,,,,IE0004006,97,protected_area,,,,,,,,,,,,,,,,,,,,,,,,,,,,,,multipolygon,North Bull Island Special Protection Area,,,,,,/Users/kevincredit/Library/CloudStorage/OneDrive-MaynoothUniversity/D8Dash paper/BSpace.shp|layername=BSpace,35400.000000000000000,116.173648809614207,-6.095889791,53.3696241
311,r7544494,7544494,relation,nature_reserve,,,,,,,,,,,,,,,,,,,,,,,,,,,,,,,,,,,,,,,,,,,,,,,,,,,,,,,,,,,,,,,,,,,,,,,,,,,,,,,,,,,,,,,,,,,,,,,,,,,,,,,,,,,,,,,,IE0004006,97,protected_area,,,,,,,,,,,,,,,,,,,,,,,,,,,,,,multipolygon,North Bull Island Special Protection Area,,,,,,/Users/kevincredit/Library/CloudStorage/OneDrive-MaynoothUniversity/D8Dash paper/BSpace.shp|layername=BSpace,35500.000000000000000,149.356342167589929,-6.086494191,53.3676776
312,r7544494,7544494,relation,nature_reserve,,,,,,,,,,,,,,,,,,,,,,,,,,,,,,,,,,,,,,,,,,,,,,,,,,,,,,,,,,,,,,,,,,,,,,,,,,,,,,,,,,,,,,,,,,,,,,,,,,,,,,,,,,,,,,,,IE0004006,97,protected_area,,,,,,,,,,,,,,,,,,,,,,,,,,,,,,multipolygon,North Bull Island Special Protection Area,,,,,,/Users/kevincredit/Library/CloudStorage/OneDrive-MaynoothUniversity/D8Dash paper/BSpace.shp|layername=BSpace,35600.000000000000000,144.716702469891544,-6.086494191,53.3676776
313,r7544494,7544494,relation,nature_reserve,,,,,,,,,,,,,,,,,,,,,,,,,,,,,,,,,,,,,,,,,,,,,,,,,,,,,,,,,,,,,,,,,,,,,,,,,,,,,,,,,,,,,,,,,,,,,,,,,,,,,,,,,,,,,,,,IE0004006,97,protected_area,,,,,,,,,,,,,,,,,,,,,,,,,,,,,,multipolygon,North Bull Island Special Protection Area,,,,,,/Users/kevincredit/Library/CloudStorage/OneDrive-MaynoothUniversity/D8Dash paper/BSpace.shp|layername=BSpace,35700.000000000000000,128.205905308765182,-6.086439191,53.3676408
314,r7544494,7544494,relation,nature_reserve,,,,,,,,,,,,,,,,,,,,,,,,,,,,,,,,,,,,,,,,,,,,,,,,,,,,,,,,,,,,,,,,,,,,,,,,,,,,,,,,,,,,,,,,,,,,,,,,,,,,,,,,,,,,,,,,IE0004006,97,protected_area,,,,,,,,,,,,,,,,,,,,,,,,,,,,,,multipolygon,North Bull Island Special Protection Area,,,,,,/Users/kevincredit/Library/CloudStorage/OneDrive-MaynoothUniversity/D8Dash paper/BSpace.shp|layername=BSpace,35800.000000000000000,103.358912444524577,-6.085304591,53.3641885
315,r7544494,7544494,relation,nature_reserve,,,,,,,,,,,,,,,,,,,,,,,,,,,,,,,,,,,,,,,,,,,,,,,,,,,,,,,,,,,,,,,,,,,,,,,,,,,,,,,,,,,,,,,,,,,,,,,,,,,,,,,,,,,,,,,,IE0004006,97,protected_area,,,,,,,,,,,,,,,,,,,,,,,,,,,,,,multipolygon,North Bull Island Special Protection Area,,,,,,/Users/kevincredit/Library/CloudStorage/OneDrive-MaynoothUniversity/D8Dash paper/BSpace.shp|layername=BSpace,35900.000000000000000,116.700310732635813,-6.085304591,53.3641885
316,r7544494,7544494,relation,nature_reserve,,,,,,,,,,,,,,,,,,,,,,,,,,,,,,,,,,,,,,,,,,,,,,,,,,,,,,,,,,,,,,,,,,,,,,,,,,,,,,,,,,,,,,,,,,,,,,,,,,,,,,,,,,,,,,,,IE0004006,97,protected_area,,,,,,,,,,,,,,,,,,,,,,,,,,,,,,multipolygon,North Bull Island Special Protection Area,,,,,,/Users/kevincredit/Library/CloudStorage/OneDrive-MaynoothUniversity/D8Dash paper/BSpace.shp|layername=BSpace,36000.000000000000000,136.901304487232721,-6.085304591,53.3641885
317,r7544494,7544494,relation,nature_reserve,,,,,,,,,,,,,,,,,,,,,,,,,,,,,,,,,,,,,,,,,,,,,,,,,,,,,,,,,,,,,,,,,,,,,,,,,,,,,,,,,,,,,,,,,,,,,,,,,,,,,,,,,,,,,,,,IE0004006,97,protected_area,,,,,,,,,,,,,,,,,,,,,,,,,,,,,,multipolygon,North Bull Island Special Protection Area,,,,,,/Users/kevincredit/Library/CloudStorage/OneDrive-MaynoothUniversity/D8Dash paper/BSpace.shp|layername=BSpace,36100.000000000000000,151.256682643653448,-6.085304591,53.3641885
318,r7544494,7544494,relation,nature_reserve,,,,,,,,,,,,,,,,,,,,,,,,,,,,,,,,,,,,,,,,,,,,,,,,,,,,,,,,,,,,,,,,,,,,,,,,,,,,,,,,,,,,,,,,,,,,,,,,,,,,,,,,,,,,,,,,IE0004006,97,protected_area,,,,,,,,,,,,,,,,,,,,,,,,,,,,,,multipolygon,North Bull Island Special Protection Area,,,,,,/Users/kevincredit/Library/CloudStorage/OneDrive-MaynoothUniversity/D8Dash paper/BSpace.shp|layername=BSpace,36200.000000000000000,156.645826672000680,-6.083663091,53.3635931
319,r7544494,7544494,relation,nature_reserve,,,,,,,,,,,,,,,,,,,,,,,,,,,,,,,,,,,,,,,,,,,,,,,,,,,,,,,,,,,,,,,,,,,,,,,,,,,,,,,,,,,,,,,,,,,,,,,,,,,,,,,,,,,,,,,,IE0004006,97,protected_area,,,,,,,,,,,,,,,,,,,,,,,,,,,,,,multipolygon,North Bull Island Special Protection Area,,,,,,/Users/kevincredit/Library/CloudStorage/OneDrive-MaynoothUniversity/D8Dash paper/BSpace.shp|layername=BSpace,36300.000000000000000,97.789324268522549,-6.083510191,53.3635419
320,r7544494,7544494,relation,nature_reserve,,,,,,,,,,,,,,,,,,,,,,,,,,,,,,,,,,,,,,,,,,,,,,,,,,,,,,,,,,,,,,,,,,,,,,,,,,,,,,,,,,,,,,,,,,,,,,,,,,,,,,,,,,,,,,,,IE0004006,97,protected_area,,,,,,,,,,,,,,,,,,,,,,,,,,,,,,multipolygon,North Bull Island Special Protection Area,,,,,,/Users/kevincredit/Library/CloudStorage/OneDrive-MaynoothUniversity/D8Dash paper/BSpace.shp|layername=BSpace,36400.000000000000000,160.317339656749198,-6.081839191,53.3630377
321,r7544494,7544494,relation,nature_reserve,,,,,,,,,,,,,,,,,,,,,,,,,,,,,,,,,,,,,,,,,,,,,,,,,,,,,,,,,,,,,,,,,,,,,,,,,,,,,,,,,,,,,,,,,,,,,,,,,,,,,,,,,,,,,,,,IE0004006,97,protected_area,,,,,,,,,,,,,,,,,,,,,,,,,,,,,,multipolygon,North Bull Island Special Protection Area,,,,,,/Users/kevincredit/Library/CloudStorage/OneDrive-MaynoothUniversity/D8Dash paper/BSpace.shp|layername=BSpace,36500.000000000000000,144.555102376431421,-6.081707791,53.3630185
322,r7544494,7544494,relation,nature_reserve,,,,,,,,,,,,,,,,,,,,,,,,,,,,,,,,,,,,,,,,,,,,,,,,,,,,,,,,,,,,,,,,,,,,,,,,,,,,,,,,,,,,,,,,,,,,,,,,,,,,,,,,,,,,,,,,IE0004006,97,protected_area,,,,,,,,,,,,,,,,,,,,,,,,,,,,,,multipolygon,North Bull Island Special Protection Area,,,,,,/Users/kevincredit/Library/CloudStorage/OneDrive-MaynoothUniversity/D8Dash paper/BSpace.shp|layername=BSpace,36600.000000000000000,64.165818344314133,-6.081589891,53.3630185
323,r7544494,7544494,relation,nature_reserve,,,,,,,,,,,,,,,,,,,,,,,,,,,,,,,,,,,,,,,,,,,,,,,,,,,,,,,,,,,,,,,,,,,,,,,,,,,,,,,,,,,,,,,,,,,,,,,,,,,,,,,,,,,,,,,,IE0004006,97,protected_area,,,,,,,,,,,,,,,,,,,,,,,,,,,,,,multipolygon,North Bull Island Special Protection Area,,,,,,/Users/kevincredit/Library/CloudStorage/OneDrive-MaynoothUniversity/D8Dash paper/BSpace.shp|layername=BSpace,36700.000000000000000,158.020718445851827,-6.081289991,53.36309
324,r7544494,7544494,relation,nature_reserve,,,,,,,,,,,,,,,,,,,,,,,,,,,,,,,,,,,,,,,,,,,,,,,,,,,,,,,,,,,,,,,,,,,,,,,,,,,,,,,,,,,,,,,,,,,,,,,,,,,,,,,,,,,,,,,,IE0004006,97,protected_area,,,,,,,,,,,,,,,,,,,,,,,,,,,,,,multipolygon,North Bull Island Special Protection Area,,,,,,/Users/kevincredit/Library/CloudStorage/OneDrive-MaynoothUniversity/D8Dash paper/BSpace.shp|layername=BSpace,36800.000000000000000,75.368490860807455,-6.077503391,53.3634859
325,r7544494,7544494,relation,nature_reserve,,,,,,,,,,,,,,,,,,,,,,,,,,,,,,,,,,,,,,,,,,,,,,,,,,,,,,,,,,,,,,,,,,,,,,,,,,,,,,,,,,,,,,,,,,,,,,,,,,,,,,,,,,,,,,,,IE0004006,97,protected_area,,,,,,,,,,,,,,,,,,,,,,,,,,,,,,multipolygon,North Bull Island Special Protection Area,,,,,,/Users/kevincredit/Library/CloudStorage/OneDrive-MaynoothUniversity/D8Dash paper/BSpace.shp|layername=BSpace,36900.000000000000000,119.536495720406535,-6.077503391,53.3634859
326,r7544494,7544494,relation,nature_reserve,,,,,,,,,,,,,,,,,,,,,,,,,,,,,,,,,,,,,,,,,,,,,,,,,,,,,,,,,,,,,,,,,,,,,,,,,,,,,,,,,,,,,,,,,,,,,,,,,,,,,,,,,,,,,,,,IE0004006,97,protected_area,,,,,,,,,,,,,,,,,,,,,,,,,,,,,,multipolygon,North Bull Island Special Protection Area,,,,,,/Users/kevincredit/Library/CloudStorage/OneDrive-MaynoothUniversity/D8Dash paper/BSpace.shp|layername=BSpace,37000.000000000000000,143.399608821230203,-6.072809491,53.3629177
327,r7544494,7544494,relation,nature_reserve,,,,,,,,,,,,,,,,,,,,,,,,,,,,,,,,,,,,,,,,,,,,,,,,,,,,,,,,,,,,,,,,,,,,,,,,,,,,,,,,,,,,,,,,,,,,,,,,,,,,,,,,,,,,,,,,IE0004006,97,protected_area,,,,,,,,,,,,,,,,,,,,,,,,,,,,,,multipolygon,North Bull Island Special Protection Area,,,,,,/Users/kevincredit/Library/CloudStorage/OneDrive-MaynoothUniversity/D8Dash paper/BSpace.shp|layername=BSpace,44900.000000000000000,358.907188659994290,-6.193466091,53.3462336
328,r7544494,7544494,relation,nature_reserve,,,,,,,,,,,,,,,,,,,,,,,,,,,,,,,,,,,,,,,,,,,,,,,,,,,,,,,,,,,,,,,,,,,,,,,,,,,,,,,,,,,,,,,,,,,,,,,,,,,,,,,,,,,,,,,,IE0004006,97,protected_area,,,,,,,,,,,,,,,,,,,,,,,,,,,,,,multipolygon,North Bull Island Special Protection Area,,,,,,/Users/kevincredit/Library/CloudStorage/OneDrive-MaynoothUniversity/D8Dash paper/BSpace.shp|layername=BSpace,45000.000000000000000,358.907188659994290,-6.189973391,53.3491749
329,r7544494,7544494,relation,nature_reserve,,,,,,,,,,,,,,,,,,,,,,,,,,,,,,,,,,,,,,,,,,,,,,,,,,,,,,,,,,,,,,,,,,,,,,,,,,,,,,,,,,,,,,,,,,,,,,,,,,,,,,,,,,,,,,,,IE0004006,97,protected_area,,,,,,,,,,,,,,,,,,,,,,,,,,,,,,multipolygon,North Bull Island Special Protection Area,,,,,,/Users/kevincredit/Library/CloudStorage/OneDrive-MaynoothUniversity/D8Dash paper/BSpace.shp|layername=BSpace,45100.000000000000000,358.907188659994290,-6.189973391,53.3491749
330,r7544494,7544494,relation,nature_reserve,,,,,,,,,,,,,,,,,,,,,,,,,,,,,,,,,,,,,,,,,,,,,,,,,,,,,,,,,,,,,,,,,,,,,,,,,,,,,,,,,,,,,,,,,,,,,,,,,,,,,,,,,,,,,,,,IE0004006,97,protected_area,,,,,,,,,,,,,,,,,,,,,,,,,,,,,,multipolygon,North Bull Island Special Protection Area,,,,,,/Users/kevincredit/Library/CloudStorage/OneDrive-MaynoothUniversity/D8Dash paper/BSpace.shp|layername=BSpace,45200.000000000000000,358.907188659994290,-6.189973391,53.3491749
331,r7544494,7544494,relation,nature_reserve,,,,,,,,,,,,,,,,,,,,,,,,,,,,,,,,,,,,,,,,,,,,,,,,,,,,,,,,,,,,,,,,,,,,,,,,,,,,,,,,,,,,,,,,,,,,,,,,,,,,,,,,,,,,,,,,IE0004006,97,protected_area,,,,,,,,,,,,,,,,,,,,,,,,,,,,,,multipolygon,North Bull Island Special Protection Area,,,,,,/Users/kevincredit/Library/CloudStorage/OneDrive-MaynoothUniversity/D8Dash paper/BSpace.shp|layername=BSpace,45300.000000000000000,358.907188659994290,-6.189989641,53.349589
332,r7544494,7544494,relation,nature_reserve,,,,,,,,,,,,,,,,,,,,,,,,,,,,,,,,,,,,,,,,,,,,,,,,,,,,,,,,,,,,,,,,,,,,,,,,,,,,,,,,,,,,,,,,,,,,,,,,,,,,,,,,,,,,,,,,IE0004006,97,protected_area,,,,,,,,,,,,,,,,,,,,,,,,,,,,,,multipolygon,North Bull Island Special Protection Area,,,,,,/Users/kevincredit/Library/CloudStorage/OneDrive-MaynoothUniversity/D8Dash paper/BSpace.shp|layername=BSpace,45400.000000000000000,130.356904160059571,-6.171222517,53.35663461
333,r7544494,7544494,relation,nature_reserve,,,,,,,,,,,,,,,,,,,,,,,,,,,,,,,,,,,,,,,,,,,,,,,,,,,,,,,,,,,,,,,,,,,,,,,,,,,,,,,,,,,,,,,,,,,,,,,,,,,,,,,,,,,,,,,,IE0004006,97,protected_area,,,,,,,,,,,,,,,,,,,,,,,,,,,,,,multipolygon,North Bull Island Special Protection Area,,,,,,/Users/kevincredit/Library/CloudStorage/OneDrive-MaynoothUniversity/D8Dash paper/BSpace.shp|layername=BSpace,45500.000000000000000,73.310402039758969,-6.170164264,53.35613107
334,r7544494,7544494,relation,nature_reserve,,,,,,,,,,,,,,,,,,,,,,,,,,,,,,,,,,,,,,,,,,,,,,,,,,,,,,,,,,,,,,,,,,,,,,,,,,,,,,,,,,,,,,,,,,,,,,,,,,,,,,,,,,,,,,,,IE0004006,97,protected_area,,,,,,,,,,,,,,,,,,,,,,,,,,,,,,multipolygon,North Bull Island Special Protection Area,,,,,,/Users/kevincredit/Library/CloudStorage/OneDrive-MaynoothUniversity/D8Dash paper/BSpace.shp|layername=BSpace,45600.000000000000000,34.845768578577967,-6.170205394,53.35629279
335,r7544494,7544494,relation,nature_reserve,,,,,,,,,,,,,,,,,,,,,,,,,,,,,,,,,,,,,,,,,,,,,,,,,,,,,,,,,,,,,,,,,,,,,,,,,,,,,,,,,,,,,,,,,,,,,,,,,,,,,,,,,,,,,,,,IE0004006,97,protected_area,,,,,,,,,,,,,,,,,,,,,,,,,,,,,,multipolygon,North Bull Island Special Protection Area,,,,,,/Users/kevincredit/Library/CloudStorage/OneDrive-MaynoothUniversity/D8Dash paper/BSpace.shp|layername=BSpace,45700.000000000000000,34.845768578577967,-6.170314491,53.3563751
336,r7544494,7544494,relation,nature_reserve,,,,,,,,,,,,,,,,,,,,,,,,,,,,,,,,,,,,,,,,,,,,,,,,,,,,,,,,,,,,,,,,,,,,,,,,,,,,,,,,,,,,,,,,,,,,,,,,,,,,,,,,,,,,,,,,IE0004006,97,protected_area,,,,,,,,,,,,,,,,,,,,,,,,,,,,,,multipolygon,North Bull Island Special Protection Area,,,,,,/Users/kevincredit/Library/CloudStorage/OneDrive-MaynoothUniversity/D8Dash paper/BSpace.shp|layername=BSpace,45800.000000000000000,32.819052532003838,-6.170677491,53.3566206
337,r7544494,7544494,relation,nature_reserve,,,,,,,,,,,,,,,,,,,,,,,,,,,,,,,,,,,,,,,,,,,,,,,,,,,,,,,,,,,,,,,,,,,,,,,,,,,,,,,,,,,,,,,,,,,,,,,,,,,,,,,,,,,,,,,,IE0004006,97,protected_area,,,,,,,,,,,,,,,,,,,,,,,,,,,,,,multipolygon,North Bull Island Special Protection Area,,,,,,/Users/kevincredit/Library/CloudStorage/OneDrive-MaynoothUniversity/D8Dash paper/BSpace.shp|layername=BSpace,45900.000000000000000,34.722427490070082,-6.170677491,53.3566206
338,r7544494,7544494,relation,nature_reserve,,,,,,,,,,,,,,,,,,,,,,,,,,,,,,,,,,,,,,,,,,,,,,,,,,,,,,,,,,,,,,,,,,,,,,,,,,,,,,,,,,,,,,,,,,,,,,,,,,,,,,,,,,,,,,,,IE0004006,97,protected_area,,,,,,,,,,,,,,,,,,,,,,,,,,,,,,multipolygon,North Bull Island Special Protection Area,,,,,,/Users/kevincredit/Library/CloudStorage/OneDrive-MaynoothUniversity/D8Dash paper/BSpace.shp|layername=BSpace,46000.000000000000000,38.830774330970002,-6.170677491,53.3566206
339,r7544494,7544494,relation,nature_reserve,,,,,,,,,,,,,,,,,,,,,,,,,,,,,,,,,,,,,,,,,,,,,,,,,,,,,,,,,,,,,,,,,,,,,,,,,,,,,,,,,,,,,,,,,,,,,,,,,,,,,,,,,,,,,,,,IE0004006,97,protected_area,,,,,,,,,,,,,,,,,,,,,,,,,,,,,,multipolygon,North Bull Island Special Protection Area,,,,,,/Users/kevincredit/Library/CloudStorage/OneDrive-MaynoothUniversity/D8Dash paper/BSpace.shp|layername=BSpace,46100.000000000000000,39.945147537610488,-6.164629512,53.36035227
340,r7544494,7544494,relation,nature_reserve,,,,,,,,,,,,,,,,,,,,,,,,,,,,,,,,,,,,,,,,,,,,,,,,,,,,,,,,,,,,,,,,,,,,,,,,,,,,,,,,,,,,,,,,,,,,,,,,,,,,,,,,,,,,,,,,IE0004006,97,protected_area,,,,,,,,,,,,,,,,,,,,,,,,,,,,,,multipolygon,North Bull Island Special Protection Area,,,,,,/Users/kevincredit/Library/CloudStorage/OneDrive-MaynoothUniversity/D8Dash paper/BSpace.shp|layername=BSpace,46200.000000000000000,64.751989497143597,-6.163550639,53.36095272
341,r7544494,7544494,relation,nature_reserve,,,,,,,,,,,,,,,,,,,,,,,,,,,,,,,,,,,,,,,,,,,,,,,,,,,,,,,,,,,,,,,,,,,,,,,,,,,,,,,,,,,,,,,,,,,,,,,,,,,,,,,,,,,,,,,,IE0004006,97,protected_area,,,,,,,,,,,,,,,,,,,,,,,,,,,,,,multipolygon,North Bull Island Special Protection Area,,,,,,/Users/kevincredit/Library/CloudStorage/OneDrive-MaynoothUniversity/D8Dash paper/BSpace.shp|layername=BSpace,46300.000000000000000,43.035176346932651,-6.162326018,53.36144216
342,r7544494,7544494,relation,nature_reserve,,,,,,,,,,,,,,,,,,,,,,,,,,,,,,,,,,,,,,,,,,,,,,,,,,,,,,,,,,,,,,,,,,,,,,,,,,,,,,,,,,,,,,,,,,,,,,,,,,,,,,,,,,,,,,,,IE0004006,97,protected_area,,,,,,,,,,,,,,,,,,,,,,,,,,,,,,multipolygon,North Bull Island Special Protection Area,,,,,,/Users/kevincredit/Library/CloudStorage/OneDrive-MaynoothUniversity/D8Dash paper/BSpace.shp|layername=BSpace,46400.000000000000000,42.876982590455093,-6.16127395,53.3620832
343,r7544494,7544494,relation,nature_reserve,,,,,,,,,,,,,,,,,,,,,,,,,,,,,,,,,,,,,,,,,,,,,,,,,,,,,,,,,,,,,,,,,,,,,,,,,,,,,,,,,,,,,,,,,,,,,,,,,,,,,,,,,,,,,,,,IE0004006,97,protected_area,,,,,,,,,,,,,,,,,,,,,,,,,,,,,,multipolygon,North Bull Island Special Protection Area,,,,,,/Users/kevincredit/Library/CloudStorage/OneDrive-MaynoothUniversity/D8Dash paper/BSpace.shp|layername=BSpace,46500.000000000000000,43.254265957326837,-6.160220835,53.36272362
344,r7544494,7544494,relation,nature_reserve,,,,,,,,,,,,,,,,,,,,,,,,,,,,,,,,,,,,,,,,,,,,,,,,,,,,,,,,,,,,,,,,,,,,,,,,,,,,,,,,,,,,,,,,,,,,,,,,,,,,,,,,,,,,,,,,IE0004006,97,protected_area,,,,,,,,,,,,,,,,,,,,,,,,,,,,,,multipolygon,North Bull Island Special Protection Area,,,,,,/Users/kevincredit/Library/CloudStorage/OneDrive-MaynoothUniversity/D8Dash paper/BSpace.shp|layername=BSpace,46600.000000000000000,43.254265957326837,-6.1591639,53.36336181
345,r7544494,7544494,relation,nature_reserve,,,,,,,,,,,,,,,,,,,,,,,,,,,,,,,,,,,,,,,,,,,,,,,,,,,,,,,,,,,,,,,,,,,,,,,,,,,,,,,,,,,,,,,,,,,,,,,,,,,,,,,,,,,,,,,,IE0004006,97,protected_area,,,,,,,,,,,,,,,,,,,,,,,,,,,,,,multipolygon,North Bull Island Special Protection Area,,,,,,/Users/kevincredit/Library/CloudStorage/OneDrive-MaynoothUniversity/D8Dash paper/BSpace.shp|layername=BSpace,46700.000000000000000,42.748520980532462,-6.158112148,53.36400306
346,r7544494,7544494,relation,nature_reserve,,,,,,,,,,,,,,,,,,,,,,,,,,,,,,,,,,,,,,,,,,,,,,,,,,,,,,,,,,,,,,,,,,,,,,,,,,,,,,,,,,,,,,,,,,,,,,,,,,,,,,,,,,,,,,,,IE0004006,97,protected_area,,,,,,,,,,,,,,,,,,,,,,,,,,,,,,multipolygon,North Bull Island Special Protection Area,,,,,,/Users/kevincredit/Library/CloudStorage/OneDrive-MaynoothUniversity/D8Dash paper/BSpace.shp|layername=BSpace,46800.000000000000000,45.783369221396569,-6.157037007,53.36462984
347,r7544494,7544494,relation,nature_reserve,,,,,,,,,,,,,,,,,,,,,,,,,,,,,,,,,,,,,,,,,,,,,,,,,,,,,,,,,,,,,,,,,,,,,,,,,,,,,,,,,,,,,,,,,,,,,,,,,,,,,,,,,,,,,,,,IE0004006,97,protected_area,,,,,,,,,,,,,,,,,,,,,,,,,,,,,,multipolygon,North Bull Island Special Protection Area,,,,,,/Users/kevincredit/Library/CloudStorage/OneDrive-MaynoothUniversity/D8Dash paper/BSpace.shp|layername=BSpace,46900.000000000000000,41.201730067514703,-6.155934376,53.36523922
348,r7544494,7544494,relation,nature_reserve,,,,,,,,,,,,,,,,,,,,,,,,,,,,,,,,,,,,,,,,,,,,,,,,,,,,,,,,,,,,,,,,,,,,,,,,,,,,,,,,,,,,,,,,,,,,,,,,,,,,,,,,,,,,,,,,IE0004006,97,protected_area,,,,,,,,,,,,,,,,,,,,,,,,,,,,,,multipolygon,North Bull Island Special Protection Area,,,,,,/Users/kevincredit/Library/CloudStorage/OneDrive-MaynoothUniversity/D8Dash paper/BSpace.shp|layername=BSpace,47000.000000000000000,41.201730067514703,-6.154916203,53.3658996
349,r7544494,7544494,relation,nature_reserve,,,,,,,,,,,,,,,,,,,,,,,,,,,,,,,,,,,,,,,,,,,,,,,,,,,,,,,,,,,,,,,,,,,,,,,,,,,,,,,,,,,,,,,,,,,,,,,,,,,,,,,,,,,,,,,,IE0004006,97,protected_area,,,,,,,,,,,,,,,,,,,,,,,,,,,,,,multipolygon,North Bull Island Special Protection Area,,,,,,/Users/kevincredit/Library/CloudStorage/OneDrive-MaynoothUniversity/D8Dash paper/BSpace.shp|layername=BSpace,47100.000000000000000,48.102844118618115,-6.148630591,53.3696521
350,r7544494,7544494,relation,nature_reserve,,,,,,,,,,,,,,,,,,,,,,,,,,,,,,,,,,,,,,,,,,,,,,,,,,,,,,,,,,,,,,,,,,,,,,,,,,,,,,,,,,,,,,,,,,,,,,,,,,,,,,,,,,,,,,,,IE0004006,97,protected_area,,,,,,,,,,,,,,,,,,,,,,,,,,,,,,multipolygon,North Bull Island Special Protection Area,,,,,,/Users/kevincredit/Library/CloudStorage/OneDrive-MaynoothUniversity/D8Dash paper/BSpace.shp|layername=BSpace,47200.000000000000000,52.621565085186347,-6.148630591,53.3696521
351,r7544494,7544494,relation,nature_reserve,,,,,,,,,,,,,,,,,,,,,,,,,,,,,,,,,,,,,,,,,,,,,,,,,,,,,,,,,,,,,,,,,,,,,,,,,,,,,,,,,,,,,,,,,,,,,,,,,,,,,,,,,,,,,,,,IE0004006,97,protected_area,,,,,,,,,,,,,,,,,,,,,,,,,,,,,,multipolygon,North Bull Island Special Protection Area,,,,,,/Users/kevincredit/Library/CloudStorage/OneDrive-MaynoothUniversity/D8Dash paper/BSpace.shp|layername=BSpace,47300.000000000000000,52.188687828650345,-6.148630591,53.3696521
352,r7544494,7544494,relation,nature_reserve,,,,,,,,,,,,,,,,,,,,,,,,,,,,,,,,,,,,,,,,,,,,,,,,,,,,,,,,,,,,,,,,,,,,,,,,,,,,,,,,,,,,,,,,,,,,,,,,,,,,,,,,,,,,,,,,IE0004006,97,protected_area,,,,,,,,,,,,,,,,,,,,,,,,,,,,,,multipolygon,North Bull Island Special Protection Area,,,,,,/Users/kevincredit/Library/CloudStorage/OneDrive-MaynoothUniversity/D8Dash paper/BSpace.shp|layername=BSpace,47400.000000000000000,53.533894515291202,-6.148630591,53.3696521
353,r7544494,7544494,relation,nature_reserve,,,,,,,,,,,,,,,,,,,,,,,,,,,,,,,,,,,,,,,,,,,,,,,,,,,,,,,,,,,,,,,,,,,,,,,,,,,,,,,,,,,,,,,,,,,,,,,,,,,,,,,,,,,,,,,,IE0004006,97,protected_area,,,,,,,,,,,,,,,,,,,,,,,,,,,,,,multipolygon,North Bull Island Special Protection Area,,,,,,/Users/kevincredit/Library/CloudStorage/OneDrive-MaynoothUniversity/D8Dash paper/BSpace.shp|layername=BSpace,47500.000000000000000,30.309775024692236,-6.148630591,53.3696521
354,r7544494,7544494,relation,nature_reserve,,,,,,,,,,,,,,,,,,,,,,,,,,,,,,,,,,,,,,,,,,,,,,,,,,,,,,,,,,,,,,,,,,,,,,,,,,,,,,,,,,,,,,,,,,,,,,,,,,,,,,,,,,,,,,,,IE0004006,97,protected_area,,,,,,,,,,,,,,,,,,,,,,,,,,,,,,multipolygon,North Bull Island Special Protection Area,,,,,,/Users/kevincredit/Library/CloudStorage/OneDrive-MaynoothUniversity/D8Dash paper/BSpace.shp|layername=BSpace,47600.000000000000000,332.848456332275532,-6.148630591,53.3696521
355,r7544494,7544494,relation,nature_reserve,,,,,,,,,,,,,,,,,,,,,,,,,,,,,,,,,,,,,,,,,,,,,,,,,,,,,,,,,,,,,,,,,,,,,,,,,,,,,,,,,,,,,,,,,,,,,,,,,,,,,,,,,,,,,,,,IE0004006,97,protected_area,,,,,,,,,,,,,,,,,,,,,,,,,,,,,,multipolygon,North Bull Island Special Protection Area,,,,,,/Users/kevincredit/Library/CloudStorage/OneDrive-MaynoothUniversity/D8Dash paper/BSpace.shp|layername=BSpace,47700.000000000000000,313.194098225548203,-6.148630591,53.3696521
356,r7544494,7544494,relation,nature_reserve,,,,,,,,,,,,,,,,,,,,,,,,,,,,,,,,,,,,,,,,,,,,,,,,,,,,,,,,,,,,,,,,,,,,,,,,,,,,,,,,,,,,,,,,,,,,,,,,,,,,,,,,,,,,,,,,IE0004006,97,protected_area,,,,,,,,,,,,,,,,,,,,,,,,,,,,,,multipolygon,North Bull Island Special Protection Area,,,,,,/Users/kevincredit/Library/CloudStorage/OneDrive-MaynoothUniversity/D8Dash paper/BSpace.shp|layername=BSpace,47800.000000000000000,237.620124709545536,-6.148630591,53.3696521
357,r7544494,7544494,relation,nature_reserve,,,,,,,,,,,,,,,,,,,,,,,,,,,,,,,,,,,,,,,,,,,,,,,,,,,,,,,,,,,,,,,,,,,,,,,,,,,,,,,,,,,,,,,,,,,,,,,,,,,,,,,,,,,,,,,,IE0004006,97,protected_area,,,,,,,,,,,,,,,,,,,,,,,,,,,,,,multipolygon,North Bull Island Special Protection Area,,,,,,/Users/kevincredit/Library/CloudStorage/OneDrive-MaynoothUniversity/D8Dash paper/BSpace.shp|layername=BSpace,47900.000000000000000,235.632197779935780,-6.148630591,53.3696521
358,r7544494,7544494,relation,nature_reserve,,,,,,,,,,,,,,,,,,,,,,,,,,,,,,,,,,,,,,,,,,,,,,,,,,,,,,,,,,,,,,,,,,,,,,,,,,,,,,,,,,,,,,,,,,,,,,,,,,,,,,,,,,,,,,,,IE0004006,97,protected_area,,,,,,,,,,,,,,,,,,,,,,,,,,,,,,multipolygon,North Bull Island Special Protection Area,,,,,,/Users/kevincredit/Library/CloudStorage/OneDrive-MaynoothUniversity/D8Dash paper/BSpace.shp|layername=BSpace,48000.000000000000000,235.632197779935780,-6.148630591,53.3696521
359,r7544494,7544494,relation,nature_reserve,,,,,,,,,,,,,,,,,,,,,,,,,,,,,,,,,,,,,,,,,,,,,,,,,,,,,,,,,,,,,,,,,,,,,,,,,,,,,,,,,,,,,,,,,,,,,,,,,,,,,,,,,,,,,,,,IE0004006,97,protected_area,,,,,,,,,,,,,,,,,,,,,,,,,,,,,,multipolygon,North Bull Island Special Protection Area,,,,,,/Users/kevincredit/Library/CloudStorage/OneDrive-MaynoothUniversity/D8Dash paper/BSpace.shp|layername=BSpace,48100.000000000000000,235.632197779935780,-6.148630591,53.3696521
360,r7544494,7544494,relation,nature_reserve,,,,,,,,,,,,,,,,,,,,,,,,,,,,,,,,,,,,,,,,,,,,,,,,,,,,,,,,,,,,,,,,,,,,,,,,,,,,,,,,,,,,,,,,,,,,,,,,,,,,,,,,,,,,,,,,IE0004006,97,protected_area,,,,,,,,,,,,,,,,,,,,,,,,,,,,,,multipolygon,North Bull Island Special Protection Area,,,,,,/Users/kevincredit/Library/CloudStorage/OneDrive-MaynoothUniversity/D8Dash paper/BSpace.shp|layername=BSpace,48200.000000000000000,227.954102262610547,-6.156172187,53.36870165
361,r7544494,7544494,relation,nature_reserve,,,,,,,,,,,,,,,,,,,,,,,,,,,,,,,,,,,,,,,,,,,,,,,,,,,,,,,,,,,,,,,,,,,,,,,,,,,,,,,,,,,,,,,,,,,,,,,,,,,,,,,,,,,,,,,,IE0004006,97,protected_area,,,,,,,,,,,,,,,,,,,,,,,,,,,,,,multipolygon,North Bull Island Special Protection Area,,,,,,/Users/kevincredit/Library/CloudStorage/OneDrive-MaynoothUniversity/D8Dash paper/BSpace.shp|layername=BSpace,48300.000000000000000,227.954102262610547,-6.15731317,53.36811744
362,r7544494,7544494,relation,nature_reserve,,,,,,,,,,,,,,,,,,,,,,,,,,,,,,,,,,,,,,,,,,,,,,,,,,,,,,,,,,,,,,,,,,,,,,,,,,,,,,,,,,,,,,,,,,,,,,,,,,,,,,,,,,,,,,,,IE0004006,97,protected_area,,,,,,,,,,,,,,,,,,,,,,,,,,,,,,multipolygon,North Bull Island Special Protection Area,,,,,,/Users/kevincredit/Library/CloudStorage/OneDrive-MaynoothUniversity/D8Dash paper/BSpace.shp|layername=BSpace,48400.000000000000000,227.954102262610547,-6.158454121,53.36753323
363,r7544494,7544494,relation,nature_reserve,,,,,,,,,,,,,,,,,,,,,,,,,,,,,,,,,,,,,,,,,,,,,,,,,,,,,,,,,,,,,,,,,,,,,,,,,,,,,,,,,,,,,,,,,,,,,,,,,,,,,,,,,,,,,,,,IE0004006,97,protected_area,,,,,,,,,,,,,,,,,,,,,,,,,,,,,,multipolygon,North Bull Island Special Protection Area,,,,,,/Users/kevincredit/Library/CloudStorage/OneDrive-MaynoothUniversity/D8Dash paper/BSpace.shp|layername=BSpace,48500.000000000000000,229.042941200270093,-6.159600075,53.36695258
364,r7544494,7544494,relation,nature_reserve,,,,,,,,,,,,,,,,,,,,,,,,,,,,,,,,,,,,,,,,,,,,,,,,,,,,,,,,,,,,,,,,,,,,,,,,,,,,,,,,,,,,,,,,,,,,,,,,,,,,,,,,,,,,,,,,IE0004006,97,protected_area,,,,,,,,,,,,,,,,,,,,,,,,,,,,,,multipolygon,North Bull Island Special Protection Area,,,,,,/Users/kevincredit/Library/CloudStorage/OneDrive-MaynoothUniversity/D8Dash paper/BSpace.shp|layername=BSpace,48600.000000000000000,229.042941200270093,-6.16075932,53.36638141
365,r7544494,7544494,relation,nature_reserve,,,,,,,,,,,,,,,,,,,,,,,,,,,,,,,,,,,,,,,,,,,,,,,,,,,,,,,,,,,,,,,,,,,,,,,,,,,,,,,,,,,,,,,,,,,,,,,,,,,,,,,,,,,,,,,,IE0004006,97,protected_area,,,,,,,,,,,,,,,,,,,,,,,,,,,,,,multipolygon,North Bull Island Special Protection Area,,,,,,/Users/kevincredit/Library/CloudStorage/OneDrive-MaynoothUniversity/D8Dash paper/BSpace.shp|layername=BSpace,48700.000000000000000,229.042941200270093,-6.161918534,53.36581023
366,r7544494,7544494,relation,nature_reserve,,,,,,,,,,,,,,,,,,,,,,,,,,,,,,,,,,,,,,,,,,,,,,,,,,,,,,,,,,,,,,,,,,,,,,,,,,,,,,,,,,,,,,,,,,,,,,,,,,,,,,,,,,,,,,,,IE0004006,97,protected_area,,,,,,,,,,,,,,,,,,,,,,,,,,,,,,multipolygon,North Bull Island Special Protection Area,,,,,,/Users/kevincredit/Library/CloudStorage/OneDrive-MaynoothUniversity/D8Dash paper/BSpace.shp|layername=BSpace,48800.000000000000000,229.042941200270093,-6.163077717,53.36523904
367,r7544494,7544494,relation,nature_reserve,,,,,,,,,,,,,,,,,,,,,,,,,,,,,,,,,,,,,,,,,,,,,,,,,,,,,,,,,,,,,,,,,,,,,,,,,,,,,,,,,,,,,,,,,,,,,,,,,,,,,,,,,,,,,,,,IE0004006,97,protected_area,,,,,,,,,,,,,,,,,,,,,,,,,,,,,,multipolygon,North Bull Island Special Protection Area,,,,,,/Users/kevincredit/Library/CloudStorage/OneDrive-MaynoothUniversity/D8Dash paper/BSpace.shp|layername=BSpace,48900.000000000000000,229.288401005729270,-6.164237662,53.36466841
368,r7544494,7544494,relation,nature_reserve,,,,,,,,,,,,,,,,,,,,,,,,,,,,,,,,,,,,,,,,,,,,,,,,,,,,,,,,,,,,,,,,,,,,,,,,,,,,,,,,,,,,,,,,,,,,,,,,,,,,,,,,,,,,,,,,IE0004006,97,protected_area,,,,,,,,,,,,,,,,,,,,,,,,,,,,,,multipolygon,North Bull Island Special Protection Area,,,,,,/Users/kevincredit/Library/CloudStorage/OneDrive-MaynoothUniversity/D8Dash paper/BSpace.shp|layername=BSpace,49000.000000000000000,229.288401005729270,-6.165400864,53.36410018
369,r7544494,7544494,relation,nature_reserve,,,,,,,,,,,,,,,,,,,,,,,,,,,,,,,,,,,,,,,,,,,,,,,,,,,,,,,,,,,,,,,,,,,,,,,,,,,,,,,,,,,,,,,,,,,,,,,,,,,,,,,,,,,,,,,,IE0004006,97,protected_area,,,,,,,,,,,,,,,,,,,,,,,,,,,,,,multipolygon,North Bull Island Special Protection Area,,,,,,/Users/kevincredit/Library/CloudStorage/OneDrive-MaynoothUniversity/D8Dash paper/BSpace.shp|layername=BSpace,49100.000000000000000,229.288401005729270,-6.166564035,53.36353192
370,r7544494,7544494,relation,nature_reserve,,,,,,,,,,,,,,,,,,,,,,,,,,,,,,,,,,,,,,,,,,,,,,,,,,,,,,,,,,,,,,,,,,,,,,,,,,,,,,,,,,,,,,,,,,,,,,,,,,,,,,,,,,,,,,,,IE0004006,97,protected_area,,,,,,,,,,,,,,,,,,,,,,,,,,,,,,multipolygon,North Bull Island Special Protection Area,,,,,,/Users/kevincredit/Library/CloudStorage/OneDrive-MaynoothUniversity/D8Dash paper/BSpace.shp|layername=BSpace,49200.000000000000000,230.143857318319164,-6.16773204,53.36296728
371,r7544494,7544494,relation,nature_reserve,,,,,,,,,,,,,,,,,,,,,,,,,,,,,,,,,,,,,,,,,,,,,,,,,,,,,,,,,,,,,,,,,,,,,,,,,,,,,,,,,,,,,,,,,,,,,,,,,,,,,,,,,,,,,,,,IE0004006,97,protected_area,,,,,,,,,,,,,,,,,,,,,,,,,,,,,,multipolygon,North Bull Island Special Protection Area,,,,,,/Users/kevincredit/Library/CloudStorage/OneDrive-MaynoothUniversity/D8Dash paper/BSpace.shp|layername=BSpace,49300.000000000000000,230.143857318319164,-6.168909203,53.36240946
372,r7544494,7544494,relation,nature_reserve,,,,,,,,,,,,,,,,,,,,,,,,,,,,,,,,,,,,,,,,,,,,,,,,,,,,,,,,,,,,,,,,,,,,,,,,,,,,,,,,,,,,,,,,,,,,,,,,,,,,,,,,,,,,,,,,IE0004006,97,protected_area,,,,,,,,,,,,,,,,,,,,,,,,,,,,,,multipolygon,North Bull Island Special Protection Area,,,,,,/Users/kevincredit/Library/CloudStorage/OneDrive-MaynoothUniversity/D8Dash paper/BSpace.shp|layername=BSpace,49400.000000000000000,230.143857318319164,-6.175925045,53.36467529
373,r7544494,7544494,relation,nature_reserve,,,,,,,,,,,,,,,,,,,,,,,,,,,,,,,,,,,,,,,,,,,,,,,,,,,,,,,,,,,,,,,,,,,,,,,,,,,,,,,,,,,,,,,,,,,,,,,,,,,,,,,,,,,,,,,,IE0004006,97,protected_area,,,,,,,,,,,,,,,,,,,,,,,,,,,,,,multipolygon,North Bull Island Special Protection Area,,,,,,/Users/kevincredit/Library/CloudStorage/OneDrive-MaynoothUniversity/D8Dash paper/BSpace.shp|layername=BSpace,49500.000000000000000,229.255945434275020,-6.176384091,53.3586774
374,r7544494,7544494,relation,nature_reserve,,,,,,,,,,,,,,,,,,,,,,,,,,,,,,,,,,,,,,,,,,,,,,,,,,,,,,,,,,,,,,,,,,,,,,,,,,,,,,,,,,,,,,,,,,,,,,,,,,,,,,,,,,,,,,,,IE0004006,97,protected_area,,,,,,,,,,,,,,,,,,,,,,,,,,,,,,multipolygon,North Bull Island Special Protection Area,,,,,,/Users/kevincredit/Library/CloudStorage/OneDrive-MaynoothUniversity/D8Dash paper/BSpace.shp|layername=BSpace,49600.000000000000000,229.255945434275020,-6.176384091,53.3586774
375,r7544494,7544494,relation,nature_reserve,,,,,,,,,,,,,,,,,,,,,,,,,,,,,,,,,,,,,,,,,,,,,,,,,,,,,,,,,,,,,,,,,,,,,,,,,,,,,,,,,,,,,,,,,,,,,,,,,,,,,,,,,,,,,,,,IE0004006,97,protected_area,,,,,,,,,,,,,,,,,,,,,,,,,,,,,,multipolygon,North Bull Island Special Protection Area,,,,,,/Users/kevincredit/Library/CloudStorage/OneDrive-MaynoothUniversity/D8Dash paper/BSpace.shp|layername=BSpace,49700.000000000000000,182.353606552304512,-6.176384091,53.3586774
376,r7544494,7544494,relation,nature_reserve,,,,,,,,,,,,,,,,,,,,,,,,,,,,,,,,,,,,,,,,,,,,,,,,,,,,,,,,,,,,,,,,,,,,,,,,,,,,,,,,,,,,,,,,,,,,,,,,,,,,,,,,,,,,,,,,IE0004006,97,protected_area,,,,,,,,,,,,,,,,,,,,,,,,,,,,,,multipolygon,North Bull Island Special Protection Area,,,,,,/Users/kevincredit/Library/CloudStorage/OneDrive-MaynoothUniversity/D8Dash paper/BSpace.shp|layername=BSpace,49800.000000000000000,236.403340598352230,-6.176132291,53.3584167
377,r7544494,7544494,relation,nature_reserve,,,,,,,,,,,,,,,,,,,,,,,,,,,,,,,,,,,,,,,,,,,,,,,,,,,,,,,,,,,,,,,,,,,,,,,,,,,,,,,,,,,,,,,,,,,,,,,,,,,,,,,,,,,,,,,,IE0004006,97,protected_area,,,,,,,,,,,,,,,,,,,,,,,,,,,,,,multipolygon,North Bull Island Special Protection Area,,,,,,/Users/kevincredit/Library/CloudStorage/OneDrive-MaynoothUniversity/D8Dash paper/BSpace.shp|layername=BSpace,49900.000000000000000,132.295446811753720,-6.176132291,53.3584167
378,r7544494,7544494,relation,nature_reserve,,,,,,,,,,,,,,,,,,,,,,,,,,,,,,,,,,,,,,,,,,,,,,,,,,,,,,,,,,,,,,,,,,,,,,,,,,,,,,,,,,,,,,,,,,,,,,,,,,,,,,,,,,,,,,,,IE0004006,97,protected_area,,,,,,,,,,,,,,,,,,,,,,,,,,,,,,multipolygon,North Bull Island Special Protection Area,,,,,,/Users/kevincredit/Library/CloudStorage/OneDrive-MaynoothUniversity/D8Dash paper/BSpace.shp|layername=BSpace,50000.000000000000000,132.295446811753720,-6.176122091,53.3583658
379,r7544494,7544494,relation,nature_reserve,,,,,,,,,,,,,,,,,,,,,,,,,,,,,,,,,,,,,,,,,,,,,,,,,,,,,,,,,,,,,,,,,,,,,,,,,,,,,,,,,,,,,,,,,,,,,,,,,,,,,,,,,,,,,,,,IE0004006,97,protected_area,,,,,,,,,,,,,,,,,,,,,,,,,,,,,,multipolygon,North Bull Island Special Protection Area,,,,,,/Users/kevincredit/Library/CloudStorage/OneDrive-MaynoothUniversity/D8Dash paper/BSpace.shp|layername=BSpace,50100.000000000000000,200.291326654908232,-6.171416391,53.3567451
380,r7544494,7544494,relation,nature_reserve,,,,,,,,,,,,,,,,,,,,,,,,,,,,,,,,,,,,,,,,,,,,,,,,,,,,,,,,,,,,,,,,,,,,,,,,,,,,,,,,,,,,,,,,,,,,,,,,,,,,,,,,,,,,,,,,IE0004006,97,protected_area,,,,,,,,,,,,,,,,,,,,,,,,,,,,,,multipolygon,North Bull Island Special Protection Area,,,,,,/Users/kevincredit/Library/CloudStorage/OneDrive-MaynoothUniversity/D8Dash paper/BSpace.shp|layername=BSpace,50200.000000000000000,131.760510962685487,-6.17148313,53.35669748
381,r7544494,7544494,relation,nature_reserve,,,,,,,,,,,,,,,,,,,,,,,,,,,,,,,,,,,,,,,,,,,,,,,,,,,,,,,,,,,,,,,,,,,,,,,,,,,,,,,,,,,,,,,,,,,,,,,,,,,,,,,,,,,,,,,,IE0004006,97,protected_area,,,,,,,,,,,,,,,,,,,,,,,,,,,,,,multipolygon,North Bull Island Special Protection Area,,,,,,/Users/kevincredit/Library/CloudStorage/OneDrive-MaynoothUniversity/D8Dash paper/BSpace.shp|layername=BSpace,50300.000000000000000,145.314606529713558,-6.148198258,53.36982626
382,r7544494,7544494,relation,nature_reserve,,,,,,,,,,,,,,,,,,,,,,,,,,,,,,,,,,,,,,,,,,,,,,,,,,,,,,,,,,,,,,,,,,,,,,,,,,,,,,,,,,,,,,,,,,,,,,,,,,,,,,,,,,,,,,,,IE0004006,97,protected_area,,,,,,,,,,,,,,,,,,,,,,,,,,,,,,multipolygon,North Bull Island Special Protection Area,,,,,,/Users/kevincredit/Library/CloudStorage/OneDrive-MaynoothUniversity/D8Dash paper/BSpace.shp|layername=BSpace,50400.000000000000000,145.314606529713558,-6.148200829,53.36982525
383,r7544494,7544494,relation,nature_reserve,,,,,,,,,,,,,,,,,,,,,,,,,,,,,,,,,,,,,,,,,,,,,,,,,,,,,,,,,,,,,,,,,,,,,,,,,,,,,,,,,,,,,,,,,,,,,,,,,,,,,,,,,,,,,,,,IE0004006,97,protected_area,,,,,,,,,,,,,,,,,,,,,,,,,,,,,,multipolygon,North Bull Island Special Protection Area,,,,,,/Users/kevincredit/Library/CloudStorage/OneDrive-MaynoothUniversity/D8Dash paper/BSpace.shp|layername=BSpace,50500.000000000000000,46.306872509119913,-6.147333491,53.3698167
384,r7544494,7544494,relation,nature_reserve,,,,,,,,,,,,,,,,,,,,,,,,,,,,,,,,,,,,,,,,,,,,,,,,,,,,,,,,,,,,,,,,,,,,,,,,,,,,,,,,,,,,,,,,,,,,,,,,,,,,,,,,,,,,,,,,IE0004006,97,protected_area,,,,,,,,,,,,,,,,,,,,,,,,,,,,,,multipolygon,North Bull Island Special Protection Area,,,,,,/Users/kevincredit/Library/CloudStorage/OneDrive-MaynoothUniversity/D8Dash paper/BSpace.shp|layername=BSpace,50600.000000000000000,49.634227878973910,-6.146249531,53.37041435
385,r7544494,7544494,relation,nature_reserve,,,,,,,,,,,,,,,,,,,,,,,,,,,,,,,,,,,,,,,,,,,,,,,,,,,,,,,,,,,,,,,,,,,,,,,,,,,,,,,,,,,,,,,,,,,,,,,,,,,,,,,,,,,,,,,,IE0004006,97,protected_area,,,,,,,,,,,,,,,,,,,,,,,,,,,,,,multipolygon,North Bull Island Special Protection Area,,,,,,/Users/kevincredit/Library/CloudStorage/OneDrive-MaynoothUniversity/D8Dash paper/BSpace.shp|layername=BSpace,50700.000000000000000,51.360684408436562,-6.145090122,53.37099044
386,r7544494,7544494,relation,nature_reserve,,,,,,,,,,,,,,,,,,,,,,,,,,,,,,,,,,,,,,,,,,,,,,,,,,,,,,,,,,,,,,,,,,,,,,,,,,,,,,,,,,,,,,,,,,,,,,,,,,,,,,,,,,,,,,,,IE0004006,97,protected_area,,,,,,,,,,,,,,,,,,,,,,,,,,,,,,multipolygon,North Bull Island Special Protection Area,,,,,,/Users/kevincredit/Library/CloudStorage/OneDrive-MaynoothUniversity/D8Dash paper/BSpace.shp|layername=BSpace,50800.000000000000000,51.360684408436562,-6.143890393,53.37154232
387,r7544494,7544494,relation,nature_reserve,,,,,,,,,,,,,,,,,,,,,,,,,,,,,,,,,,,,,,,,,,,,,,,,,,,,,,,,,,,,,,,,,,,,,,,,,,,,,,,,,,,,,,,,,,,,,,,,,,,,,,,,,,,,,,,,IE0004006,97,protected_area,,,,,,,,,,,,,,,,,,,,,,,,,,,,,,multipolygon,North Bull Island Special Protection Area,,,,,,/Users/kevincredit/Library/CloudStorage/OneDrive-MaynoothUniversity/D8Dash paper/BSpace.shp|layername=BSpace,50900.000000000000000,54.668718859105880,-6.142655785,53.37205469
388,r7544494,7544494,relation,nature_reserve,,,,,,,,,,,,,,,,,,,,,,,,,,,,,,,,,,,,,,,,,,,,,,,,,,,,,,,,,,,,,,,,,,,,,,,,,,,,,,,,,,,,,,,,,,,,,,,,,,,,,,,,,,,,,,,,IE0004006,97,protected_area,,,,,,,,,,,,,,,,,,,,,,,,,,,,,,multipolygon,North Bull Island Special Protection Area,,,,,,/Users/kevincredit/Library/CloudStorage/OneDrive-MaynoothUniversity/D8Dash paper/BSpace.shp|layername=BSpace,51000.000000000000000,51.179525520426544,-6.141327923,53.37241452
389,r7544494,7544494,relation,nature_reserve,,,,,,,,,,,,,,,,,,,,,,,,,,,,,,,,,,,,,,,,,,,,,,,,,,,,,,,,,,,,,,,,,,,,,,,,,,,,,,,,,,,,,,,,,,,,,,,,,,,,,,,,,,,,,,,,IE0004006,97,protected_area,,,,,,,,,,,,,,,,,,,,,,,,,,,,,,multipolygon,North Bull Island Special Protection Area,,,,,,/Users/kevincredit/Library/CloudStorage/OneDrive-MaynoothUniversity/D8Dash paper/BSpace.shp|layername=BSpace,51100.000000000000000,51.179525520426544,-6.140122629,53.37296043
390,r7544494,7544494,relation,nature_reserve,,,,,,,,,,,,,,,,,,,,,,,,,,,,,,,,,,,,,,,,,,,,,,,,,,,,,,,,,,,,,,,,,,,,,,,,,,,,,,,,,,,,,,,,,,,,,,,,,,,,,,,,,,,,,,,,IE0004006,97,protected_area,,,,,,,,,,,,,,,,,,,,,,,,,,,,,,multipolygon,North Bull Island Special Protection Area,,,,,,/Users/kevincredit/Library/CloudStorage/OneDrive-MaynoothUniversity/D8Dash paper/BSpace.shp|layername=BSpace,51200.000000000000000,55.180241191112579,-6.138868655,53.37346228
391,r7544494,7544494,relation,nature_reserve,,,,,,,,,,,,,,,,,,,,,,,,,,,,,,,,,,,,,,,,,,,,,,,,,,,,,,,,,,,,,,,,,,,,,,,,,,,,,,,,,,,,,,,,,,,,,,,,,,,,,,,,,,,,,,,,IE0004006,97,protected_area,,,,,,,,,,,,,,,,,,,,,,,,,,,,,,multipolygon,North Bull Island Special Protection Area,,,,,,/Users/kevincredit/Library/CloudStorage/OneDrive-MaynoothUniversity/D8Dash paper/BSpace.shp|layername=BSpace,51300.000000000000000,55.441705755410773,-6.137956304,53.37398651
392,r7544494,7544494,relation,nature_reserve,,,,,,,,,,,,,,,,,,,,,,,,,,,,,,,,,,,,,,,,,,,,,,,,,,,,,,,,,,,,,,,,,,,,,,,,,,,,,,,,,,,,,,,,,,,,,,,,,,,,,,,,,,,,,,,,IE0004006,97,protected_area,,,,,,,,,,,,,,,,,,,,,,,,,,,,,,multipolygon,North Bull Island Special Protection Area,,,,,,/Users/kevincredit/Library/CloudStorage/OneDrive-MaynoothUniversity/D8Dash paper/BSpace.shp|layername=BSpace,51400.000000000000000,51.866311745529750,-6.136882991,53.3750676
393,r7544494,7544494,relation,nature_reserve,,,,,,,,,,,,,,,,,,,,,,,,,,,,,,,,,,,,,,,,,,,,,,,,,,,,,,,,,,,,,,,,,,,,,,,,,,,,,,,,,,,,,,,,,,,,,,,,,,,,,,,,,,,,,,,,IE0004006,97,protected_area,,,,,,,,,,,,,,,,,,,,,,,,,,,,,,multipolygon,North Bull Island Special Protection Area,,,,,,/Users/kevincredit/Library/CloudStorage/OneDrive-MaynoothUniversity/D8Dash paper/BSpace.shp|layername=BSpace,51500.000000000000000,51.866311745529750,-6.136656291,53.3751996
394,r7544494,7544494,relation,nature_reserve,,,,,,,,,,,,,,,,,,,,,,,,,,,,,,,,,,,,,,,,,,,,,,,,,,,,,,,,,,,,,,,,,,,,,,,,,,,,,,,,,,,,,,,,,,,,,,,,,,,,,,,,,,,,,,,,IE0004006,97,protected_area,,,,,,,,,,,,,,,,,,,,,,,,,,,,,,multipolygon,North Bull Island Special Protection Area,,,,,,/Users/kevincredit/Library/CloudStorage/OneDrive-MaynoothUniversity/D8Dash paper/BSpace.shp|layername=BSpace,51600.000000000000000,51.866311745529750,-6.136656291,53.3751996
395,r7544494,7544494,relation,nature_reserve,,,,,,,,,,,,,,,,,,,,,,,,,,,,,,,,,,,,,,,,,,,,,,,,,,,,,,,,,,,,,,,,,,,,,,,,,,,,,,,,,,,,,,,,,,,,,,,,,,,,,,,,,,,,,,,,IE0004006,97,protected_area,,,,,,,,,,,,,,,,,,,,,,,,,,,,,,multipolygon,North Bull Island Special Protection Area,,,,,,/Users/kevincredit/Library/CloudStorage/OneDrive-MaynoothUniversity/D8Dash paper/BSpace.shp|layername=BSpace,51700.000000000000000,44.933189851775957,-6.136656291,53.3751996
396,r7544494,7544494,relation,nature_reserve,,,,,,,,,,,,,,,,,,,,,,,,,,,,,,,,,,,,,,,,,,,,,,,,,,,,,,,,,,,,,,,,,,,,,,,,,,,,,,,,,,,,,,,,,,,,,,,,,,,,,,,,,,,,,,,,IE0004006,97,protected_area,,,,,,,,,,,,,,,,,,,,,,,,,,,,,,multipolygon,North Bull Island Special Protection Area,,,,,,/Users/kevincredit/Library/CloudStorage/OneDrive-MaynoothUniversity/D8Dash paper/BSpace.shp|layername=BSpace,51800.000000000000000,62.433523338681844,-6.136656291,53.3751996
397,r7544494,7544494,relation,nature_reserve,,,,,,,,,,,,,,,,,,,,,,,,,,,,,,,,,,,,,,,,,,,,,,,,,,,,,,,,,,,,,,,,,,,,,,,,,,,,,,,,,,,,,,,,,,,,,,,,,,,,,,,,,,,,,,,,IE0004006,97,protected_area,,,,,,,,,,,,,,,,,,,,,,,,,,,,,,multipolygon,North Bull Island Special Protection Area,,,,,,/Users/kevincredit/Library/CloudStorage/OneDrive-MaynoothUniversity/D8Dash paper/BSpace.shp|layername=BSpace,51900.000000000000000,24.866880957138591,-6.136656291,53.3751996
398,r7544494,7544494,relation,nature_reserve,,,,,,,,,,,,,,,,,,,,,,,,,,,,,,,,,,,,,,,,,,,,,,,,,,,,,,,,,,,,,,,,,,,,,,,,,,,,,,,,,,,,,,,,,,,,,,,,,,,,,,,,,,,,,,,,IE0004006,97,protected_area,,,,,,,,,,,,,,,,,,,,,,,,,,,,,,multipolygon,North Bull Island Special Protection Area,,,,,,/Users/kevincredit/Library/CloudStorage/OneDrive-MaynoothUniversity/D8Dash paper/BSpace.shp|layername=BSpace,52000.000000000000000,329.070772459125692,-6.129821952,53.37786451
399,r7544494,7544494,relation,nature_reserve,,,,,,,,,,,,,,,,,,,,,,,,,,,,,,,,,,,,,,,,,,,,,,,,,,,,,,,,,,,,,,,,,,,,,,,,,,,,,,,,,,,,,,,,,,,,,,,,,,,,,,,,,,,,,,,,IE0004006,97,protected_area,,,,,,,,,,,,,,,,,,,,,,,,,,,,,,multipolygon,North Bull Island Special Protection Area,,,,,,/Users/kevincredit/Library/CloudStorage/OneDrive-MaynoothUniversity/D8Dash paper/BSpace.shp|layername=BSpace,52100.000000000000000,329.070772459125692,-6.130560084,53.37864692
400,r7544494,7544494,relation,nature_reserve,,,,,,,,,,,,,,,,,,,,,,,,,,,,,,,,,,,,,,,,,,,,,,,,,,,,,,,,,,,,,,,,,,,,,,,,,,,,,,,,,,,,,,,,,,,,,,,,,,,,,,,,,,,,,,,,IE0004006,97,protected_area,,,,,,,,,,,,,,,,,,,,,,,,,,,,,,multipolygon,North Bull Island Special Protection Area,,,,,,/Users/kevincredit/Library/CloudStorage/OneDrive-MaynoothUniversity/D8Dash paper/BSpace.shp|layername=BSpace,52200.000000000000000,231.948960061675621,-6.137903091,53.3762455
401,r7544494,7544494,relation,nature_reserve,,,,,,,,,,,,,,,,,,,,,,,,,,,,,,,,,,,,,,,,,,,,,,,,,,,,,,,,,,,,,,,,,,,,,,,,,,,,,,,,,,,,,,,,,,,,,,,,,,,,,,,,,,,,,,,,IE0004006,97,protected_area,,,,,,,,,,,,,,,,,,,,,,,,,,,,,,multipolygon,North Bull Island Special Protection Area,,,,,,/Users/kevincredit/Library/CloudStorage/OneDrive-MaynoothUniversity/D8Dash paper/BSpace.shp|layername=BSpace,52300.000000000000000,268.501099326720919,-6.137903091,53.3762455
402,r7544494,7544494,relation,nature_reserve,,,,,,,,,,,,,,,,,,,,,,,,,,,,,,,,,,,,,,,,,,,,,,,,,,,,,,,,,,,,,,,,,,,,,,,,,,,,,,,,,,,,,,,,,,,,,,,,,,,,,,,,,,,,,,,,IE0004006,97,protected_area,,,,,,,,,,,,,,,,,,,,,,,,,,,,,,multipolygon,North Bull Island Special Protection Area,,,,,,/Users/kevincredit/Library/CloudStorage/OneDrive-MaynoothUniversity/D8Dash paper/BSpace.shp|layername=BSpace,52400.000000000000000,237.114788142125064,-6.137903091,53.3762455
403,r7544494,7544494,relation,nature_reserve,,,,,,,,,,,,,,,,,,,,,,,,,,,,,,,,,,,,,,,,,,,,,,,,,,,,,,,,,,,,,,,,,,,,,,,,,,,,,,,,,,,,,,,,,,,,,,,,,,,,,,,,,,,,,,,,IE0004006,97,protected_area,,,,,,,,,,,,,,,,,,,,,,,,,,,,,,multipolygon,North Bull Island Special Protection Area,,,,,,/Users/kevincredit/Library/CloudStorage/OneDrive-MaynoothUniversity/D8Dash paper/BSpace.shp|layername=BSpace,52500.000000000000000,237.640090798101909,-6.137903091,53.3762455
404,r7544494,7544494,relation,nature_reserve,,,,,,,,,,,,,,,,,,,,,,,,,,,,,,,,,,,,,,,,,,,,,,,,,,,,,,,,,,,,,,,,,,,,,,,,,,,,,,,,,,,,,,,,,,,,,,,,,,,,,,,,,,,,,,,,IE0004006,97,protected_area,,,,,,,,,,,,,,,,,,,,,,,,,,,,,,multipolygon,North Bull Island Special Protection Area,,,,,,/Users/kevincredit/Library/CloudStorage/OneDrive-MaynoothUniversity/D8Dash paper/BSpace.shp|layername=BSpace,52600.000000000000000,237.630211942220939,-6.137903091,53.3762455
405,r7544494,7544494,relation,nature_reserve,,,,,,,,,,,,,,,,,,,,,,,,,,,,,,,,,,,,,,,,,,,,,,,,,,,,,,,,,,,,,,,,,,,,,,,,,,,,,,,,,,,,,,,,,,,,,,,,,,,,,,,,,,,,,,,,IE0004006,97,protected_area,,,,,,,,,,,,,,,,,,,,,,,,,,,,,,multipolygon,North Bull Island Special Protection Area,,,,,,/Users/kevincredit/Library/CloudStorage/OneDrive-MaynoothUniversity/D8Dash paper/BSpace.shp|layername=BSpace,52700.000000000000000,234.476646555620505,-6.138066196,53.37626814
406,r7544494,7544494,relation,nature_reserve,,,,,,,,,,,,,,,,,,,,,,,,,,,,,,,,,,,,,,,,,,,,,,,,,,,,,,,,,,,,,,,,,,,,,,,,,,,,,,,,,,,,,,,,,,,,,,,,,,,,,,,,,,,,,,,,IE0004006,97,protected_area,,,,,,,,,,,,,,,,,,,,,,,,,,,,,,multipolygon,North Bull Island Special Protection Area,,,,,,/Users/kevincredit/Library/CloudStorage/OneDrive-MaynoothUniversity/D8Dash paper/BSpace.shp|layername=BSpace,52800.000000000000000,234.476646555620505,-6.139331023,53.37580089
407,r7544494,7544494,relation,nature_reserve,,,,,,,,,,,,,,,,,,,,,,,,,,,,,,,,,,,,,,,,,,,,,,,,,,,,,,,,,,,,,,,,,,,,,,,,,,,,,,,,,,,,,,,,,,,,,,,,,,,,,,,,,,,,,,,,IE0004006,97,protected_area,,,,,,,,,,,,,,,,,,,,,,,,,,,,,,multipolygon,North Bull Island Special Protection Area,,,,,,/Users/kevincredit/Library/CloudStorage/OneDrive-MaynoothUniversity/D8Dash paper/BSpace.shp|layername=BSpace,52900.000000000000000,235.810720754368361,-6.140598415,53.37532183
408,r7544494,7544494,relation,nature_reserve,,,,,,,,,,,,,,,,,,,,,,,,,,,,,,,,,,,,,,,,,,,,,,,,,,,,,,,,,,,,,,,,,,,,,,,,,,,,,,,,,,,,,,,,,,,,,,,,,,,,,,,,,,,,,,,,IE0004006,97,protected_area,,,,,,,,,,,,,,,,,,,,,,,,,,,,,,multipolygon,North Bull Island Special Protection Area,,,,,,/Users/kevincredit/Library/CloudStorage/OneDrive-MaynoothUniversity/D8Dash paper/BSpace.shp|layername=BSpace,53000.000000000000000,235.662256438921077,-6.141963189,53.3749464
409,r7544494,7544494,relation,nature_reserve,,,,,,,,,,,,,,,,,,,,,,,,,,,,,,,,,,,,,,,,,,,,,,,,,,,,,,,,,,,,,,,,,,,,,,,,,,,,,,,,,,,,,,,,,,,,,,,,,,,,,,,,,,,,,,,,IE0004006,97,protected_area,,,,,,,,,,,,,,,,,,,,,,,,,,,,,,multipolygon,North Bull Island Special Protection Area,,,,,,/Users/kevincredit/Library/CloudStorage/OneDrive-MaynoothUniversity/D8Dash paper/BSpace.shp|layername=BSpace,53100.000000000000000,229.804437325103748,-6.143218444,53.37445252
410,r7544494,7544494,relation,nature_reserve,,,,,,,,,,,,,,,,,,,,,,,,,,,,,,,,,,,,,,,,,,,,,,,,,,,,,,,,,,,,,,,,,,,,,,,,,,,,,,,,,,,,,,,,,,,,,,,,,,,,,,,,,,,,,,,,IE0004006,97,protected_area,,,,,,,,,,,,,,,,,,,,,,,,,,,,,,multipolygon,North Bull Island Special Protection Area,,,,,,/Users/kevincredit/Library/CloudStorage/OneDrive-MaynoothUniversity/D8Dash paper/BSpace.shp|layername=BSpace,53200.000000000000000,248.504933161219839,-6.144347491,53.3741214
411,r7544494,7544494,relation,nature_reserve,,,,,,,,,,,,,,,,,,,,,,,,,,,,,,,,,,,,,,,,,,,,,,,,,,,,,,,,,,,,,,,,,,,,,,,,,,,,,,,,,,,,,,,,,,,,,,,,,,,,,,,,,,,,,,,,IE0004006,97,protected_area,,,,,,,,,,,,,,,,,,,,,,,,,,,,,,multipolygon,North Bull Island Special Protection Area,,,,,,/Users/kevincredit/Library/CloudStorage/OneDrive-MaynoothUniversity/D8Dash paper/BSpace.shp|layername=BSpace,53300.000000000000000,244.482722506962887,-6.144656491,53.3740638
412,r7544494,7544494,relation,nature_reserve,,,,,,,,,,,,,,,,,,,,,,,,,,,,,,,,,,,,,,,,,,,,,,,,,,,,,,,,,,,,,,,,,,,,,,,,,,,,,,,,,,,,,,,,,,,,,,,,,,,,,,,,,,,,,,,,IE0004006,97,protected_area,,,,,,,,,,,,,,,,,,,,,,,,,,,,,,multipolygon,North Bull Island Special Protection Area,,,,,,/Users/kevincredit/Library/CloudStorage/OneDrive-MaynoothUniversity/D8Dash paper/BSpace.shp|layername=BSpace,53400.000000000000000,244.482722506962887,-6.144656491,53.3740638
413,r7544494,7544494,relation,nature_reserve,,,,,,,,,,,,,,,,,,,,,,,,,,,,,,,,,,,,,,,,,,,,,,,,,,,,,,,,,,,,,,,,,,,,,,,,,,,,,,,,,,,,,,,,,,,,,,,,,,,,,,,,,,,,,,,,IE0004006,97,protected_area,,,,,,,,,,,,,,,,,,,,,,,,,,,,,,multipolygon,North Bull Island Special Protection Area,,,,,,/Users/kevincredit/Library/CloudStorage/OneDrive-MaynoothUniversity/D8Dash paper/BSpace.shp|layername=BSpace,53500.000000000000000,229.328463645296068,-6.144656491,53.3740638
414,r7544494,7544494,relation,nature_reserve,,,,,,,,,,,,,,,,,,,,,,,,,,,,,,,,,,,,,,,,,,,,,,,,,,,,,,,,,,,,,,,,,,,,,,,,,,,,,,,,,,,,,,,,,,,,,,,,,,,,,,,,,,,,,,,,IE0004006,97,protected_area,,,,,,,,,,,,,,,,,,,,,,,,,,,,,,multipolygon,North Bull Island Special Protection Area,,,,,,/Users/kevincredit/Library/CloudStorage/OneDrive-MaynoothUniversity/D8Dash paper/BSpace.shp|layername=BSpace,53600.000000000000000,229.328463645296068,-6.148133791,53.3698516
415,r7544494,7544494,relation,nature_reserve,,,,,,,,,,,,,,,,,,,,,,,,,,,,,,,,,,,,,,,,,,,,,,,,,,,,,,,,,,,,,,,,,,,,,,,,,,,,,,,,,,,,,,,,,,,,,,,,,,,,,,,,,,,,,,,,IE0004006,97,protected_area,,,,,,,,,,,,,,,,,,,,,,,,,,,,,,multipolygon,North Bull Island Special Protection Area,,,,,,/Users/kevincredit/Library/CloudStorage/OneDrive-MaynoothUniversity/D8Dash paper/BSpace.shp|layername=BSpace,53700.000000000000000,229.328463645296068,-6.148257904,53.36980281
416,r7544494,7544494,relation,nature_reserve,,,,,,,,,,,,,,,,,,,,,,,,,,,,,,,,,,,,,,,,,,,,,,,,,,,,,,,,,,,,,,,,,,,,,,,,,,,,,,,,,,,,,,,,,,,,,,,,,,,,,,,,,,,,,,,,IE0004006,97,protected_area,,,,,,,,,,,,,,,,,,,,,,,,,,,,,,multipolygon,North Bull Island Special Protection Area,,,,,,/Users/kevincredit/Library/CloudStorage/OneDrive-MaynoothUniversity/D8Dash paper/BSpace.shp|layername=BSpace,53800.000000000000000,125.223611860023468,-6.148521338,53.3696971
417,w1211999718,1211999718,way,,,,,,,,,,,,,,,,,,,,,,,,,,,,,,,,,,,,,,,,,,,,,,,,,,,,,,,,,,,,,,,,,,,,,,,,,,,,,,,,,,,,,,,,,,,,,wetland,,,,,,,,,,,,,,,,,,,,,,,,,,,,,,,,,,,,,,,,,,,,,,,,,,,,,,,,wet_meadow,,,"MultiPolygon?crs=EPSG:4326&field=full_id:string(0,0)&field=osm_id:string(0,0)&field=osm_type:string(0,0)&field=wetland:string(0,0)&field=surface:string(0,0)&field=boundary:string(0,0)&field=tidal:string(0,0)&field=salt:string(0,0)&field=wikipedia:string(",700.000000000000000,175.618533628608787,-6.123770391,53.4066839
418,w1211999718,1211999718,way,,,,,,,,,,,,,,,,,,,,,,,,,,,,,,,,,,,,,,,,,,,,,,,,,,,,,,,,,,,,,,,,,,,,,,,,,,,,,,,,,,,,,,,,,,,,,wetland,,,,,,,,,,,,,,,,,,,,,,,,,,,,,,,,,,,,,,,,,,,,,,,,,,,,,,,,wet_meadow,,,"MultiPolygon?crs=EPSG:4326&field=full_id:string(0,0)&field=osm_id:string(0,0)&field=osm_type:string(0,0)&field=wetland:string(0,0)&field=surface:string(0,0)&field=boundary:string(0,0)&field=tidal:string(0,0)&field=salt:string(0,0)&field=wikipedia:string(",800.000000000000000,121.547056198358646,-6.123770391,53.4066839
419,w1211999718,1211999718,way,,,,,,,,,,,,,,,,,,,,,,,,,,,,,,,,,,,,,,,,,,,,,,,,,,,,,,,,,,,,,,,,,,,,,,,,,,,,,,,,,,,,,,,,,,,,,wetland,,,,,,,,,,,,,,,,,,,,,,,,,,,,,,,,,,,,,,,,,,,,,,,,,,,,,,,,wet_meadow,,,"MultiPolygon?crs=EPSG:4326&field=full_id:string(0,0)&field=osm_id:string(0,0)&field=osm_type:string(0,0)&field=wetland:string(0,0)&field=surface:string(0,0)&field=boundary:string(0,0)&field=tidal:string(0,0)&field=salt:string(0,0)&field=wikipedia:string(",900.000000000000000,129.260592864249134,-6.119682833,53.40223649
420,w1211999718,1211999718,way,,,,,,,,,,,,,,,,,,,,,,,,,,,,,,,,,,,,,,,,,,,,,,,,,,,,,,,,,,,,,,,,,,,,,,,,,,,,,,,,,,,,,,,,,,,,,wetland,,,,,,,,,,,,,,,,,,,,,,,,,,,,,,,,,,,,,,,,,,,,,,,,,,,,,,,,wet_meadow,,,"MultiPolygon?crs=EPSG:4326&field=full_id:string(0,0)&field=osm_id:string(0,0)&field=osm_type:string(0,0)&field=wetland:string(0,0)&field=surface:string(0,0)&field=boundary:string(0,0)&field=tidal:string(0,0)&field=salt:string(0,0)&field=wikipedia:string(",1000.000000000000000,114.267712943030503,-6.118398742,53.40179497
421,w1211999718,1211999718,way,,,,,,,,,,,,,,,,,,,,,,,,,,,,,,,,,,,,,,,,,,,,,,,,,,,,,,,,,,,,,,,,,,,,,,,,,,,,,,,,,,,,,,,,,,,,,wetland,,,,,,,,,,,,,,,,,,,,,,,,,,,,,,,,,,,,,,,,,,,,,,,,,,,,,,,,wet_meadow,,,"MultiPolygon?crs=EPSG:4326&field=full_id:string(0,0)&field=osm_id:string(0,0)&field=osm_type:string(0,0)&field=wetland:string(0,0)&field=surface:string(0,0)&field=boundary:string(0,0)&field=tidal:string(0,0)&field=salt:string(0,0)&field=wikipedia:string(",1100.000000000000000,213.148075793277343,-6.117916379,53.40113215
422,w1211999718,1211999718,way,,,,,,,,,,,,,,,,,,,,,,,,,,,,,,,,,,,,,,,,,,,,,,,,,,,,,,,,,,,,,,,,,,,,,,,,,,,,,,,,,,,,,,,,,,,,,wetland,,,,,,,,,,,,,,,,,,,,,,,,,,,,,,,,,,,,,,,,,,,,,,,,,,,,,,,,wet_meadow,,,"MultiPolygon?crs=EPSG:4326&field=full_id:string(0,0)&field=osm_id:string(0,0)&field=osm_type:string(0,0)&field=wetland:string(0,0)&field=surface:string(0,0)&field=boundary:string(0,0)&field=tidal:string(0,0)&field=salt:string(0,0)&field=wikipedia:string(",1200.000000000000000,280.930138726126984,-6.119358103,53.40113726
423,w1211999718,1211999718,way,,,,,,,,,,,,,,,,,,,,,,,,,,,,,,,,,,,,,,,,,,,,,,,,,,,,,,,,,,,,,,,,,,,,,,,,,,,,,,,,,,,,,,,,,,,,,wetland,,,,,,,,,,,,,,,,,,,,,,,,,,,,,,,,,,,,,,,,,,,,,,,,,,,,,,,,wet_meadow,,,"MultiPolygon?crs=EPSG:4326&field=full_id:string(0,0)&field=osm_id:string(0,0)&field=osm_type:string(0,0)&field=wetland:string(0,0)&field=surface:string(0,0)&field=boundary:string(0,0)&field=tidal:string(0,0)&field=salt:string(0,0)&field=wikipedia:string(",1300.000000000000000,301.831243441805384,-6.127180391,53.3995272
424,w1211999718,1211999718,way,,,,,,,,,,,,,,,,,,,,,,,,,,,,,,,,,,,,,,,,,,,,,,,,,,,,,,,,,,,,,,,,,,,,,,,,,,,,,,,,,,,,,,,,,,,,,wetland,,,,,,,,,,,,,,,,,,,,,,,,,,,,,,,,,,,,,,,,,,,,,,,,,,,,,,,,wet_meadow,,,"MultiPolygon?crs=EPSG:4326&field=full_id:string(0,0)&field=osm_id:string(0,0)&field=osm_type:string(0,0)&field=wetland:string(0,0)&field=surface:string(0,0)&field=boundary:string(0,0)&field=tidal:string(0,0)&field=salt:string(0,0)&field=wikipedia:string(",1400.000000000000000,264.671724022136345,-6.127180391,53.3995272
425,w1211999718,1211999718,way,,,,,,,,,,,,,,,,,,,,,,,,,,,,,,,,,,,,,,,,,,,,,,,,,,,,,,,,,,,,,,,,,,,,,,,,,,,,,,,,,,,,,,,,,,,,,wetland,,,,,,,,,,,,,,,,,,,,,,,,,,,,,,,,,,,,,,,,,,,,,,,,,,,,,,,,wet_meadow,,,"MultiPolygon?crs=EPSG:4326&field=full_id:string(0,0)&field=osm_id:string(0,0)&field=osm_type:string(0,0)&field=wetland:string(0,0)&field=surface:string(0,0)&field=boundary:string(0,0)&field=tidal:string(0,0)&field=salt:string(0,0)&field=wikipedia:string(",1500.000000000000000,278.199152562338554,-6.127180391,53.3995272
426,w1211999718,1211999718,way,,,,,,,,,,,,,,,,,,,,,,,,,,,,,,,,,,,,,,,,,,,,,,,,,,,,,,,,,,,,,,,,,,,,,,,,,,,,,,,,,,,,,,,,,,,,,wetland,,,,,,,,,,,,,,,,,,,,,,,,,,,,,,,,,,,,,,,,,,,,,,,,,,,,,,,,wet_meadow,,,"MultiPolygon?crs=EPSG:4326&field=full_id:string(0,0)&field=osm_id:string(0,0)&field=osm_type:string(0,0)&field=wetland:string(0,0)&field=surface:string(0,0)&field=boundary:string(0,0)&field=tidal:string(0,0)&field=salt:string(0,0)&field=wikipedia:string(",1600.000000000000000,172.172028210968733,-6.127180391,53.3995272
427,w1211999718,1211999718,way,,,,,,,,,,,,,,,,,,,,,,,,,,,,,,,,,,,,,,,,,,,,,,,,,,,,,,,,,,,,,,,,,,,,,,,,,,,,,,,,,,,,,,,,,,,,,wetland,,,,,,,,,,,,,,,,,,,,,,,,,,,,,,,,,,,,,,,,,,,,,,,,,,,,,,,,wet_meadow,,,"MultiPolygon?crs=EPSG:4326&field=full_id:string(0,0)&field=osm_id:string(0,0)&field=osm_type:string(0,0)&field=wetland:string(0,0)&field=surface:string(0,0)&field=boundary:string(0,0)&field=tidal:string(0,0)&field=salt:string(0,0)&field=wikipedia:string(",1700.000000000000000,114.335030387723819,-6.127180391,53.3995272
428,w1211999718,1211999718,way,,,,,,,,,,,,,,,,,,,,,,,,,,,,,,,,,,,,,,,,,,,,,,,,,,,,,,,,,,,,,,,,,,,,,,,,,,,,,,,,,,,,,,,,,,,,,wetland,,,,,,,,,,,,,,,,,,,,,,,,,,,,,,,,,,,,,,,,,,,,,,,,,,,,,,,,wet_meadow,,,"MultiPolygon?crs=EPSG:4326&field=full_id:string(0,0)&field=osm_id:string(0,0)&field=osm_type:string(0,0)&field=wetland:string(0,0)&field=surface:string(0,0)&field=boundary:string(0,0)&field=tidal:string(0,0)&field=salt:string(0,0)&field=wikipedia:string(",1800.000000000000000,100.329423628685404,-6.127180391,53.3995272
429,w1211999718,1211999718,way,,,,,,,,,,,,,,,,,,,,,,,,,,,,,,,,,,,,,,,,,,,,,,,,,,,,,,,,,,,,,,,,,,,,,,,,,,,,,,,,,,,,,,,,,,,,,wetland,,,,,,,,,,,,,,,,,,,,,,,,,,,,,,,,,,,,,,,,,,,,,,,,,,,,,,,,wet_meadow,,,"MultiPolygon?crs=EPSG:4326&field=full_id:string(0,0)&field=osm_id:string(0,0)&field=osm_type:string(0,0)&field=wetland:string(0,0)&field=surface:string(0,0)&field=boundary:string(0,0)&field=tidal:string(0,0)&field=salt:string(0,0)&field=wikipedia:string(",1900.000000000000000,112.168499471768740,-6.11874977,53.40014313
430,w1211999718,1211999718,way,,,,,,,,,,,,,,,,,,,,,,,,,,,,,,,,,,,,,,,,,,,,,,,,,,,,,,,,,,,,,,,,,,,,,,,,,,,,,,,,,,,,,,,,,,,,,wetland,,,,,,,,,,,,,,,,,,,,,,,,,,,,,,,,,,,,,,,,,,,,,,,,,,,,,,,,wet_meadow,,,"MultiPolygon?crs=EPSG:4326&field=full_id:string(0,0)&field=osm_id:string(0,0)&field=osm_type:string(0,0)&field=wetland:string(0,0)&field=surface:string(0,0)&field=boundary:string(0,0)&field=tidal:string(0,0)&field=salt:string(0,0)&field=wikipedia:string(",2000.000000000000000,140.912203990979350,-6.117521323,53.39964532
431,w1211999718,1211999718,way,,,,,,,,,,,,,,,,,,,,,,,,,,,,,,,,,,,,,,,,,,,,,,,,,,,,,,,,,,,,,,,,,,,,,,,,,,,,,,,,,,,,,,,,,,,,,wetland,,,,,,,,,,,,,,,,,,,,,,,,,,,,,,,,,,,,,,,,,,,,,,,,,,,,,,,,wet_meadow,,,"MultiPolygon?crs=EPSG:4326&field=full_id:string(0,0)&field=osm_id:string(0,0)&field=osm_type:string(0,0)&field=wetland:string(0,0)&field=surface:string(0,0)&field=boundary:string(0,0)&field=tidal:string(0,0)&field=salt:string(0,0)&field=wikipedia:string(",2100.000000000000000,189.652808913134464,-6.116964672,53.39884747
432,w1211999718,1211999718,way,,,,,,,,,,,,,,,,,,,,,,,,,,,,,,,,,,,,,,,,,,,,,,,,,,,,,,,,,,,,,,,,,,,,,,,,,,,,,,,,,,,,,,,,,,,,,wetland,,,,,,,,,,,,,,,,,,,,,,,,,,,,,,,,,,,,,,,,,,,,,,,,,,,,,,,,wet_meadow,,,"MultiPolygon?crs=EPSG:4326&field=full_id:string(0,0)&field=osm_id:string(0,0)&field=osm_type:string(0,0)&field=wetland:string(0,0)&field=surface:string(0,0)&field=boundary:string(0,0)&field=tidal:string(0,0)&field=salt:string(0,0)&field=wikipedia:string(",2200.000000000000000,120.278979065911230,-6.11669226,53.39802648
433,w1211999718,1211999718,way,,,,,,,,,,,,,,,,,,,,,,,,,,,,,,,,,,,,,,,,,,,,,,,,,,,,,,,,,,,,,,,,,,,,,,,,,,,,,,,,,,,,,,,,,,,,,wetland,,,,,,,,,,,,,,,,,,,,,,,,,,,,,,,,,,,,,,,,,,,,,,,,,,,,,,,,wet_meadow,,,"MultiPolygon?crs=EPSG:4326&field=full_id:string(0,0)&field=osm_id:string(0,0)&field=osm_type:string(0,0)&field=wetland:string(0,0)&field=surface:string(0,0)&field=boundary:string(0,0)&field=tidal:string(0,0)&field=salt:string(0,0)&field=wikipedia:string(",2300.000000000000000,76.863803110264413,-6.115219906,53.39800853
434,w1211999718,1211999718,way,,,,,,,,,,,,,,,,,,,,,,,,,,,,,,,,,,,,,,,,,,,,,,,,,,,,,,,,,,,,,,,,,,,,,,,,,,,,,,,,,,,,,,,,,,,,,wetland,,,,,,,,,,,,,,,,,,,,,,,,,,,,,,,,,,,,,,,,,,,,,,,,,,,,,,,,wet_meadow,,,"MultiPolygon?crs=EPSG:4326&field=full_id:string(0,0)&field=osm_id:string(0,0)&field=osm_type:string(0,0)&field=wetland:string(0,0)&field=surface:string(0,0)&field=boundary:string(0,0)&field=tidal:string(0,0)&field=salt:string(0,0)&field=wikipedia:string(",10100.000000000000000,194.138223676727591,-6.119504472,53.39295723
435,w1211999718,1211999718,way,,,,,,,,,,,,,,,,,,,,,,,,,,,,,,,,,,,,,,,,,,,,,,,,,,,,,,,,,,,,,,,,,,,,,,,,,,,,,,,,,,,,,,,,,,,,,wetland,,,,,,,,,,,,,,,,,,,,,,,,,,,,,,,,,,,,,,,,,,,,,,,,,,,,,,,,wet_meadow,,,"MultiPolygon?crs=EPSG:4326&field=full_id:string(0,0)&field=osm_id:string(0,0)&field=osm_type:string(0,0)&field=wetland:string(0,0)&field=surface:string(0,0)&field=boundary:string(0,0)&field=tidal:string(0,0)&field=salt:string(0,0)&field=wikipedia:string(",10200.000000000000000,84.567458033530031,-6.117441791,53.3922486
436,w1211999718,1211999718,way,,,,,,,,,,,,,,,,,,,,,,,,,,,,,,,,,,,,,,,,,,,,,,,,,,,,,,,,,,,,,,,,,,,,,,,,,,,,,,,,,,,,,,,,,,,,,wetland,,,,,,,,,,,,,,,,,,,,,,,,,,,,,,,,,,,,,,,,,,,,,,,,,,,,,,,,wet_meadow,,,"MultiPolygon?crs=EPSG:4326&field=full_id:string(0,0)&field=osm_id:string(0,0)&field=osm_type:string(0,0)&field=wetland:string(0,0)&field=surface:string(0,0)&field=boundary:string(0,0)&field=tidal:string(0,0)&field=salt:string(0,0)&field=wikipedia:string(",10300.000000000000000,159.234516756347745,-6.115795591,53.3918441
437,w1211999718,1211999718,way,,,,,,,,,,,,,,,,,,,,,,,,,,,,,,,,,,,,,,,,,,,,,,,,,,,,,,,,,,,,,,,,,,,,,,,,,,,,,,,,,,,,,,,,,,,,,wetland,,,,,,,,,,,,,,,,,,,,,,,,,,,,,,,,,,,,,,,,,,,,,,,,,,,,,,,,wet_meadow,,,"MultiPolygon?crs=EPSG:4326&field=full_id:string(0,0)&field=osm_id:string(0,0)&field=osm_type:string(0,0)&field=wetland:string(0,0)&field=surface:string(0,0)&field=boundary:string(0,0)&field=tidal:string(0,0)&field=salt:string(0,0)&field=wikipedia:string(",10400.000000000000000,133.434231833635494,-6.111975391,53.3920029
438,w1211999718,1211999718,way,,,,,,,,,,,,,,,,,,,,,,,,,,,,,,,,,,,,,,,,,,,,,,,,,,,,,,,,,,,,,,,,,,,,,,,,,,,,,,,,,,,,,,,,,,,,,wetland,,,,,,,,,,,,,,,,,,,,,,,,,,,,,,,,,,,,,,,,,,,,,,,,,,,,,,,,wet_meadow,,,"MultiPolygon?crs=EPSG:4326&field=full_id:string(0,0)&field=osm_id:string(0,0)&field=osm_type:string(0,0)&field=wetland:string(0,0)&field=surface:string(0,0)&field=boundary:string(0,0)&field=tidal:string(0,0)&field=salt:string(0,0)&field=wikipedia:string(",10500.000000000000000,168.995249460342393,-6.111975391,53.3920029
439,w1211999718,1211999718,way,,,,,,,,,,,,,,,,,,,,,,,,,,,,,,,,,,,,,,,,,,,,,,,,,,,,,,,,,,,,,,,,,,,,,,,,,,,,,,,,,,,,,,,,,,,,,wetland,,,,,,,,,,,,,,,,,,,,,,,,,,,,,,,,,,,,,,,,,,,,,,,,,,,,,,,,wet_meadow,,,"MultiPolygon?crs=EPSG:4326&field=full_id:string(0,0)&field=osm_id:string(0,0)&field=osm_type:string(0,0)&field=wetland:string(0,0)&field=surface:string(0,0)&field=boundary:string(0,0)&field=tidal:string(0,0)&field=salt:string(0,0)&field=wikipedia:string(",10600.000000000000000,176.163553852537120,-6.111975391,53.3920029
440,w1211999718,1211999718,way,,,,,,,,,,,,,,,,,,,,,,,,,,,,,,,,,,,,,,,,,,,,,,,,,,,,,,,,,,,,,,,,,,,,,,,,,,,,,,,,,,,,,,,,,,,,,wetland,,,,,,,,,,,,,,,,,,,,,,,,,,,,,,,,,,,,,,,,,,,,,,,,,,,,,,,,wet_meadow,,,"MultiPolygon?crs=EPSG:4326&field=full_id:string(0,0)&field=osm_id:string(0,0)&field=osm_type:string(0,0)&field=wetland:string(0,0)&field=surface:string(0,0)&field=boundary:string(0,0)&field=tidal:string(0,0)&field=salt:string(0,0)&field=wikipedia:string(",10700.000000000000000,270.802102614322450,-6.114709691,53.3916153
441,w1211999718,1211999718,way,,,,,,,,,,,,,,,,,,,,,,,,,,,,,,,,,,,,,,,,,,,,,,,,,,,,,,,,,,,,,,,,,,,,,,,,,,,,,,,,,,,,,,,,,,,,,wetland,,,,,,,,,,,,,,,,,,,,,,,,,,,,,,,,,,,,,,,,,,,,,,,,,,,,,,,,wet_meadow,,,"MultiPolygon?crs=EPSG:4326&field=full_id:string(0,0)&field=osm_id:string(0,0)&field=osm_type:string(0,0)&field=wetland:string(0,0)&field=surface:string(0,0)&field=boundary:string(0,0)&field=tidal:string(0,0)&field=salt:string(0,0)&field=wikipedia:string(",10800.000000000000000,267.114400909564608,-6.115795591,53.3918441
442,w1211999718,1211999718,way,,,,,,,,,,,,,,,,,,,,,,,,,,,,,,,,,,,,,,,,,,,,,,,,,,,,,,,,,,,,,,,,,,,,,,,,,,,,,,,,,,,,,,,,,,,,,wetland,,,,,,,,,,,,,,,,,,,,,,,,,,,,,,,,,,,,,,,,,,,,,,,,,,,,,,,,wet_meadow,,,"MultiPolygon?crs=EPSG:4326&field=full_id:string(0,0)&field=osm_id:string(0,0)&field=osm_type:string(0,0)&field=wetland:string(0,0)&field=surface:string(0,0)&field=boundary:string(0,0)&field=tidal:string(0,0)&field=salt:string(0,0)&field=wikipedia:string(",10900.000000000000000,294.305396702259429,-6.117441791,53.3922486
443,w1211999718,1211999718,way,,,,,,,,,,,,,,,,,,,,,,,,,,,,,,,,,,,,,,,,,,,,,,,,,,,,,,,,,,,,,,,,,,,,,,,,,,,,,,,,,,,,,,,,,,,,,wetland,,,,,,,,,,,,,,,,,,,,,,,,,,,,,,,,,,,,,,,,,,,,,,,,,,,,,,,,wet_meadow,,,"MultiPolygon?crs=EPSG:4326&field=full_id:string(0,0)&field=osm_id:string(0,0)&field=osm_type:string(0,0)&field=wetland:string(0,0)&field=surface:string(0,0)&field=boundary:string(0,0)&field=tidal:string(0,0)&field=salt:string(0,0)&field=wikipedia:string(",11000.000000000000000,291.651077907675244,-6.118570472,53.39256713
444,w1211999718,1211999718,way,,,,,,,,,,,,,,,,,,,,,,,,,,,,,,,,,,,,,,,,,,,,,,,,,,,,,,,,,,,,,,,,,,,,,,,,,,,,,,,,,,,,,,,,,,,,,wetland,,,,,,,,,,,,,,,,,,,,,,,,,,,,,,,,,,,,,,,,,,,,,,,,,,,,,,,,wet_meadow,,,"MultiPolygon?crs=EPSG:4326&field=full_id:string(0,0)&field=osm_id:string(0,0)&field=osm_type:string(0,0)&field=wetland:string(0,0)&field=surface:string(0,0)&field=boundary:string(0,0)&field=tidal:string(0,0)&field=salt:string(0,0)&field=wikipedia:string(",11100.000000000000000,302.889931548733102,-6.119787809,53.39307877
445,w1211999718,1211999718,way,,,,,,,,,,,,,,,,,,,,,,,,,,,,,,,,,,,,,,,,,,,,,,,,,,,,,,,,,,,,,,,,,,,,,,,,,,,,,,,,,,,,,,,,,,,,,wetland,,,,,,,,,,,,,,,,,,,,,,,,,,,,,,,,,,,,,,,,,,,,,,,,,,,,,,,,wet_meadow,,,"MultiPolygon?crs=EPSG:4326&field=full_id:string(0,0)&field=osm_id:string(0,0)&field=osm_type:string(0,0)&field=wetland:string(0,0)&field=surface:string(0,0)&field=boundary:string(0,0)&field=tidal:string(0,0)&field=salt:string(0,0)&field=wikipedia:string(",11200.000000000000000,306.208527414860782,-6.121004749,53.39361055
446,w1211999718,1211999718,way,,,,,,,,,,,,,,,,,,,,,,,,,,,,,,,,,,,,,,,,,,,,,,,,,,,,,,,,,,,,,,,,,,,,,,,,,,,,,,,,,,,,,,,,,,,,,wetland,,,,,,,,,,,,,,,,,,,,,,,,,,,,,,,,,,,,,,,,,,,,,,,,,,,,,,,,wet_meadow,,,"MultiPolygon?crs=EPSG:4326&field=full_id:string(0,0)&field=osm_id:string(0,0)&field=osm_type:string(0,0)&field=wetland:string(0,0)&field=surface:string(0,0)&field=boundary:string(0,0)&field=tidal:string(0,0)&field=salt:string(0,0)&field=wikipedia:string(",11300.000000000000000,307.215152151392772,-6.122192931,53.39416367
447,w1211999718,1211999718,way,,,,,,,,,,,,,,,,,,,,,,,,,,,,,,,,,,,,,,,,,,,,,,,,,,,,,,,,,,,,,,,,,,,,,,,,,,,,,,,,,,,,,,,,,,,,,wetland,,,,,,,,,,,,,,,,,,,,,,,,,,,,,,,,,,,,,,,,,,,,,,,,,,,,,,,,wet_meadow,,,"MultiPolygon?crs=EPSG:4326&field=full_id:string(0,0)&field=osm_id:string(0,0)&field=osm_type:string(0,0)&field=wetland:string(0,0)&field=surface:string(0,0)&field=boundary:string(0,0)&field=tidal:string(0,0)&field=salt:string(0,0)&field=wikipedia:string(",11400.000000000000000,317.657300757345126,-6.123275242,53.39481206
448,w1211999718,1211999718,way,,,,,,,,,,,,,,,,,,,,,,,,,,,,,,,,,,,,,,,,,,,,,,,,,,,,,,,,,,,,,,,,,,,,,,,,,,,,,,,,,,,,,,,,,,,,,wetland,,,,,,,,,,,,,,,,,,,,,,,,,,,,,,,,,,,,,,,,,,,,,,,,,,,,,,,,wet_meadow,,,"MultiPolygon?crs=EPSG:4326&field=full_id:string(0,0)&field=osm_id:string(0,0)&field=osm_type:string(0,0)&field=wetland:string(0,0)&field=surface:string(0,0)&field=boundary:string(0,0)&field=tidal:string(0,0)&field=salt:string(0,0)&field=wikipedia:string(",11500.000000000000000,322.039592769607623,-6.124210312,53.39552427
449,w1211999718,1211999718,way,,,,,,,,,,,,,,,,,,,,,,,,,,,,,,,,,,,,,,,,,,,,,,,,,,,,,,,,,,,,,,,,,,,,,,,,,,,,,,,,,,,,,,,,,,,,,wetland,,,,,,,,,,,,,,,,,,,,,,,,,,,,,,,,,,,,,,,,,,,,,,,,,,,,,,,,wet_meadow,,,"MultiPolygon?crs=EPSG:4326&field=full_id:string(0,0)&field=osm_id:string(0,0)&field=osm_type:string(0,0)&field=wetland:string(0,0)&field=surface:string(0,0)&field=boundary:string(0,0)&field=tidal:string(0,0)&field=salt:string(0,0)&field=wikipedia:string(",11600.000000000000000,327.747586732097602,-6.124998262,53.39636448
450,w1211999718,1211999718,way,,,,,,,,,,,,,,,,,,,,,,,,,,,,,,,,,,,,,,,,,,,,,,,,,,,,,,,,,,,,,,,,,,,,,,,,,,,,,,,,,,,,,,,,,,,,,wetland,,,,,,,,,,,,,,,,,,,,,,,,,,,,,,,,,,,,,,,,,,,,,,,,,,,,,,,,wet_meadow,,,"MultiPolygon?crs=EPSG:4326&field=full_id:string(0,0)&field=osm_id:string(0,0)&field=osm_type:string(0,0)&field=wetland:string(0,0)&field=surface:string(0,0)&field=boundary:string(0,0)&field=tidal:string(0,0)&field=salt:string(0,0)&field=wikipedia:string(",11700.000000000000000,336.167850606903983,-6.125604337,53.39689535
451,w1211999718,1211999718,way,,,,,,,,,,,,,,,,,,,,,,,,,,,,,,,,,,,,,,,,,,,,,,,,,,,,,,,,,,,,,,,,,,,,,,,,,,,,,,,,,,,,,,,,,,,,,wetland,,,,,,,,,,,,,,,,,,,,,,,,,,,,,,,,,,,,,,,,,,,,,,,,,,,,,,,,wet_meadow,,,"MultiPolygon?crs=EPSG:4326&field=full_id:string(0,0)&field=osm_id:string(0,0)&field=osm_type:string(0,0)&field=wetland:string(0,0)&field=surface:string(0,0)&field=boundary:string(0,0)&field=tidal:string(0,0)&field=salt:string(0,0)&field=wikipedia:string(",11800.000000000000000,336.238195968121261,-6.126185363,53.39772529
452,w1211999718,1211999718,way,,,,,,,,,,,,,,,,,,,,,,,,,,,,,,,,,,,,,,,,,,,,,,,,,,,,,,,,,,,,,,,,,,,,,,,,,,,,,,,,,,,,,,,,,,,,,wetland,,,,,,,,,,,,,,,,,,,,,,,,,,,,,,,,,,,,,,,,,,,,,,,,,,,,,,,,wet_meadow,,,"MultiPolygon?crs=EPSG:4326&field=full_id:string(0,0)&field=osm_id:string(0,0)&field=osm_type:string(0,0)&field=wetland:string(0,0)&field=surface:string(0,0)&field=boundary:string(0,0)&field=tidal:string(0,0)&field=salt:string(0,0)&field=wikipedia:string(",11900.000000000000000,346.305871127292050,-6.126809191,53.3984425
453,w1211999718,1211999718,way,,,,,,,,,,,,,,,,,,,,,,,,,,,,,,,,,,,,,,,,,,,,,,,,,,,,,,,,,,,,,,,,,,,,,,,,,,,,,,,,,,,,,,,,,,,,,wetland,,,,,,,,,,,,,,,,,,,,,,,,,,,,,,,,,,,,,,,,,,,,,,,,,,,,,,,,wet_meadow,,,"MultiPolygon?crs=EPSG:4326&field=full_id:string(0,0)&field=osm_id:string(0,0)&field=osm_type:string(0,0)&field=wetland:string(0,0)&field=surface:string(0,0)&field=boundary:string(0,0)&field=tidal:string(0,0)&field=salt:string(0,0)&field=wikipedia:string(",12000.000000000000000,315.794196050206722,-6.127180391,53.3995272
454,w1211999718,1211999718,way,,,,,,,,,,,,,,,,,,,,,,,,,,,,,,,,,,,,,,,,,,,,,,,,,,,,,,,,,,,,,,,,,,,,,,,,,,,,,,,,,,,,,,,,,,,,,wetland,,,,,,,,,,,,,,,,,,,,,,,,,,,,,,,,,,,,,,,,,,,,,,,,,,,,,,,,wet_meadow,,,"MultiPolygon?crs=EPSG:4326&field=full_id:string(0,0)&field=osm_id:string(0,0)&field=osm_type:string(0,0)&field=wetland:string(0,0)&field=surface:string(0,0)&field=boundary:string(0,0)&field=tidal:string(0,0)&field=salt:string(0,0)&field=wikipedia:string(",12100.000000000000000,310.240217969448111,-6.1284944,53.39990043
455,w1211999718,1211999718,way,,,,,,,,,,,,,,,,,,,,,,,,,,,,,,,,,,,,,,,,,,,,,,,,,,,,,,,,,,,,,,,,,,,,,,,,,,,,,,,,,,,,,,,,,,,,,wetland,,,,,,,,,,,,,,,,,,,,,,,,,,,,,,,,,,,,,,,,,,,,,,,,,,,,,,,,wet_meadow,,,"MultiPolygon?crs=EPSG:4326&field=full_id:string(0,0)&field=osm_id:string(0,0)&field=osm_type:string(0,0)&field=wetland:string(0,0)&field=surface:string(0,0)&field=boundary:string(0,0)&field=tidal:string(0,0)&field=salt:string(0,0)&field=wikipedia:string(",12200.000000000000000,319.252084314485842,-6.129287975,53.40049572
456,w1211999718,1211999718,way,,,,,,,,,,,,,,,,,,,,,,,,,,,,,,,,,,,,,,,,,,,,,,,,,,,,,,,,,,,,,,,,,,,,,,,,,,,,,,,,,,,,,,,,,,,,,wetland,,,,,,,,,,,,,,,,,,,,,,,,,,,,,,,,,,,,,,,,,,,,,,,,,,,,,,,,wet_meadow,,,"MultiPolygon?crs=EPSG:4326&field=full_id:string(0,0)&field=osm_id:string(0,0)&field=osm_type:string(0,0)&field=wetland:string(0,0)&field=surface:string(0,0)&field=boundary:string(0,0)&field=tidal:string(0,0)&field=salt:string(0,0)&field=wikipedia:string(",12300.000000000000000,335.181951483373211,-6.13006216,53.40127422
457,w1211999718,1211999718,way,,,,,,,,,,,,,,,,,,,,,,,,,,,,,,,,,,,,,,,,,,,,,,,,,,,,,,,,,,,,,,,,,,,,,,,,,,,,,,,,,,,,,,,,,,,,,wetland,,,,,,,,,,,,,,,,,,,,,,,,,,,,,,,,,,,,,,,,,,,,,,,,,,,,,,,,wet_meadow,,,"MultiPolygon?crs=EPSG:4326&field=full_id:string(0,0)&field=osm_id:string(0,0)&field=osm_type:string(0,0)&field=wetland:string(0,0)&field=surface:string(0,0)&field=boundary:string(0,0)&field=tidal:string(0,0)&field=salt:string(0,0)&field=wikipedia:string(",12400.000000000000000,11.748165260824495,-6.130813591,53.4020905
458,w1211999718,1211999718,way,,,,,,,,,,,,,,,,,,,,,,,,,,,,,,,,,,,,,,,,,,,,,,,,,,,,,,,,,,,,,,,,,,,,,,,,,,,,,,,,,,,,,,,,,,,,,wetland,,,,,,,,,,,,,,,,,,,,,,,,,,,,,,,,,,,,,,,,,,,,,,,,,,,,,,,,wet_meadow,,,"MultiPolygon?crs=EPSG:4326&field=full_id:string(0,0)&field=osm_id:string(0,0)&field=osm_type:string(0,0)&field=wetland:string(0,0)&field=surface:string(0,0)&field=boundary:string(0,0)&field=tidal:string(0,0)&field=salt:string(0,0)&field=wikipedia:string(",12500.000000000000000,304.526694289913735,-6.13112887,53.4024203
459,w1211999718,1211999718,way,,,,,,,,,,,,,,,,,,,,,,,,,,,,,,,,,,,,,,,,,,,,,,,,,,,,,,,,,,,,,,,,,,,,,,,,,,,,,,,,,,,,,,,,,,,,,wetland,,,,,,,,,,,,,,,,,,,,,,,,,,,,,,,,,,,,,,,,,,,,,,,,,,,,,,,,wet_meadow,,,"MultiPolygon?crs=EPSG:4326&field=full_id:string(0,0)&field=osm_id:string(0,0)&field=osm_type:string(0,0)&field=wetland:string(0,0)&field=surface:string(0,0)&field=boundary:string(0,0)&field=tidal:string(0,0)&field=salt:string(0,0)&field=wikipedia:string(",12600.000000000000000,349.451153201040199,-6.131692589,53.40319222
460,w1211999718,1211999718,way,,,,,,,,,,,,,,,,,,,,,,,,,,,,,,,,,,,,,,,,,,,,,,,,,,,,,,,,,,,,,,,,,,,,,,,,,,,,,,,,,,,,,,,,,,,,,wetland,,,,,,,,,,,,,,,,,,,,,,,,,,,,,,,,,,,,,,,,,,,,,,,,,,,,,,,,wet_meadow,,,"MultiPolygon?crs=EPSG:4326&field=full_id:string(0,0)&field=osm_id:string(0,0)&field=osm_type:string(0,0)&field=wetland:string(0,0)&field=surface:string(0,0)&field=boundary:string(0,0)&field=tidal:string(0,0)&field=salt:string(0,0)&field=wikipedia:string(",12700.000000000000000,351.267701029738191,-6.132362759,53.40395518
461,w1211999718,1211999718,way,,,,,,,,,,,,,,,,,,,,,,,,,,,,,,,,,,,,,,,,,,,,,,,,,,,,,,,,,,,,,,,,,,,,,,,,,,,,,,,,,,,,,,,,,,,,,wetland,,,,,,,,,,,,,,,,,,,,,,,,,,,,,,,,,,,,,,,,,,,,,,,,,,,,,,,,wet_meadow,,,"MultiPolygon?crs=EPSG:4326&field=full_id:string(0,0)&field=osm_id:string(0,0)&field=osm_type:string(0,0)&field=wetland:string(0,0)&field=surface:string(0,0)&field=boundary:string(0,0)&field=tidal:string(0,0)&field=salt:string(0,0)&field=wikipedia:string(",12800.000000000000000,340.129721572031997,-6.133044155,53.40471563
462,w1211999718,1211999718,way,,,,,,,,,,,,,,,,,,,,,,,,,,,,,,,,,,,,,,,,,,,,,,,,,,,,,,,,,,,,,,,,,,,,,,,,,,,,,,,,,,,,,,,,,,,,,wetland,,,,,,,,,,,,,,,,,,,,,,,,,,,,,,,,,,,,,,,,,,,,,,,,,,,,,,,,wet_meadow,,,"MultiPolygon?crs=EPSG:4326&field=full_id:string(0,0)&field=osm_id:string(0,0)&field=osm_type:string(0,0)&field=wetland:string(0,0)&field=surface:string(0,0)&field=boundary:string(0,0)&field=tidal:string(0,0)&field=salt:string(0,0)&field=wikipedia:string(",12900.000000000000000,289.653850792999435,-6.13370895,53.40544738
463,w1211999718,1211999718,way,,,,,,,,,,,,,,,,,,,,,,,,,,,,,,,,,,,,,,,,,,,,,,,,,,,,,,,,,,,,,,,,,,,,,,,,,,,,,,,,,,,,,,,,,,,,,wetland,,,,,,,,,,,,,,,,,,,,,,,,,,,,,,,,,,,,,,,,,,,,,,,,,,,,,,,,wet_meadow,,,"MultiPolygon?crs=EPSG:4326&field=full_id:string(0,0)&field=osm_id:string(0,0)&field=osm_type:string(0,0)&field=wetland:string(0,0)&field=surface:string(0,0)&field=boundary:string(0,0)&field=tidal:string(0,0)&field=salt:string(0,0)&field=wikipedia:string(",13000.000000000000000,334.003862781753014,-6.134319603,53.40608956
464,w1211999718,1211999718,way,,,,,,,,,,,,,,,,,,,,,,,,,,,,,,,,,,,,,,,,,,,,,,,,,,,,,,,,,,,,,,,,,,,,,,,,,,,,,,,,,,,,,,,,,,,,,wetland,,,,,,,,,,,,,,,,,,,,,,,,,,,,,,,,,,,,,,,,,,,,,,,,,,,,,,,,wet_meadow,,,"MultiPolygon?crs=EPSG:4326&field=full_id:string(0,0)&field=osm_id:string(0,0)&field=osm_type:string(0,0)&field=wetland:string(0,0)&field=surface:string(0,0)&field=boundary:string(0,0)&field=tidal:string(0,0)&field=salt:string(0,0)&field=wikipedia:string(",13100.000000000000000,250.833296095517625,-6.134850424,53.40664557
465,w1211999718,1211999718,way,,,,,,,,,,,,,,,,,,,,,,,,,,,,,,,,,,,,,,,,,,,,,,,,,,,,,,,,,,,,,,,,,,,,,,,,,,,,,,,,,,,,,,,,,,,,,wetland,,,,,,,,,,,,,,,,,,,,,,,,,,,,,,,,,,,,,,,,,,,,,,,,,,,,,,,,wet_meadow,,,"MultiPolygon?crs=EPSG:4326&field=full_id:string(0,0)&field=osm_id:string(0,0)&field=osm_type:string(0,0)&field=wetland:string(0,0)&field=surface:string(0,0)&field=boundary:string(0,0)&field=tidal:string(0,0)&field=salt:string(0,0)&field=wikipedia:string(",13200.000000000000000,333.075817172354505,-6.135474578,53.40737035
466,w1211999718,1211999718,way,,,,,,,,,,,,,,,,,,,,,,,,,,,,,,,,,,,,,,,,,,,,,,,,,,,,,,,,,,,,,,,,,,,,,,,,,,,,,,,,,,,,,,,,,,,,,wetland,,,,,,,,,,,,,,,,,,,,,,,,,,,,,,,,,,,,,,,,,,,,,,,,,,,,,,,,wet_meadow,,,"MultiPolygon?crs=EPSG:4326&field=full_id:string(0,0)&field=osm_id:string(0,0)&field=osm_type:string(0,0)&field=wetland:string(0,0)&field=surface:string(0,0)&field=boundary:string(0,0)&field=tidal:string(0,0)&field=salt:string(0,0)&field=wikipedia:string(",13300.000000000000000,340.819550428429864,-6.135857232,53.408243
467,w1211999718,1211999718,way,,,,,,,,,,,,,,,,,,,,,,,,,,,,,,,,,,,,,,,,,,,,,,,,,,,,,,,,,,,,,,,,,,,,,,,,,,,,,,,,,,,,,,,,,,,,,wetland,,,,,,,,,,,,,,,,,,,,,,,,,,,,,,,,,,,,,,,,,,,,,,,,,,,,,,,,wet_meadow,,,"MultiPolygon?crs=EPSG:4326&field=full_id:string(0,0)&field=osm_id:string(0,0)&field=osm_type:string(0,0)&field=wetland:string(0,0)&field=surface:string(0,0)&field=boundary:string(0,0)&field=tidal:string(0,0)&field=salt:string(0,0)&field=wikipedia:string(",13400.000000000000000,341.387487007624486,-6.136325621,53.40909711
468,w1211999718,1211999718,way,,,,,,,,,,,,,,,,,,,,,,,,,,,,,,,,,,,,,,,,,,,,,,,,,,,,,,,,,,,,,,,,,,,,,,,,,,,,,,,,,,,,,,,,,,,,,wetland,,,,,,,,,,,,,,,,,,,,,,,,,,,,,,,,,,,,,,,,,,,,,,,,,,,,,,,,wet_meadow,,,"MultiPolygon?crs=EPSG:4326&field=full_id:string(0,0)&field=osm_id:string(0,0)&field=osm_type:string(0,0)&field=wetland:string(0,0)&field=surface:string(0,0)&field=boundary:string(0,0)&field=tidal:string(0,0)&field=salt:string(0,0)&field=wikipedia:string(",13500.000000000000000,348.927301954236839,-6.136777589,53.40995527
469,w1211999718,1211999718,way,,,,,,,,,,,,,,,,,,,,,,,,,,,,,,,,,,,,,,,,,,,,,,,,,,,,,,,,,,,,,,,,,,,,,,,,,,,,,,,,,,,,,,,,,,,,,wetland,,,,,,,,,,,,,,,,,,,,,,,,,,,,,,,,,,,,,,,,,,,,,,,,,,,,,,,,wet_meadow,,,"MultiPolygon?crs=EPSG:4326&field=full_id:string(0,0)&field=osm_id:string(0,0)&field=osm_type:string(0,0)&field=wetland:string(0,0)&field=surface:string(0,0)&field=boundary:string(0,0)&field=tidal:string(0,0)&field=salt:string(0,0)&field=wikipedia:string(",13600.000000000000000,347.653268336989584,-6.137045442,53.41084848
470,w1211999718,1211999718,way,,,,,,,,,,,,,,,,,,,,,,,,,,,,,,,,,,,,,,,,,,,,,,,,,,,,,,,,,,,,,,,,,,,,,,,,,,,,,,,,,,,,,,,,,,,,,wetland,,,,,,,,,,,,,,,,,,,,,,,,,,,,,,,,,,,,,,,,,,,,,,,,,,,,,,,,wet_meadow,,,"MultiPolygon?crs=EPSG:4326&field=full_id:string(0,0)&field=osm_id:string(0,0)&field=osm_type:string(0,0)&field=wetland:string(0,0)&field=surface:string(0,0)&field=boundary:string(0,0)&field=tidal:string(0,0)&field=salt:string(0,0)&field=wikipedia:string(",13700.000000000000000,2.326188682611255,-6.137081231,53.41175406
471,w1211999718,1211999718,way,,,,,,,,,,,,,,,,,,,,,,,,,,,,,,,,,,,,,,,,,,,,,,,,,,,,,,,,,,,,,,,,,,,,,,,,,,,,,,,,,,,,,,,,,,,,,wetland,,,,,,,,,,,,,,,,,,,,,,,,,,,,,,,,,,,,,,,,,,,,,,,,,,,,,,,,wet_meadow,,,"MultiPolygon?crs=EPSG:4326&field=full_id:string(0,0)&field=osm_id:string(0,0)&field=osm_type:string(0,0)&field=wetland:string(0,0)&field=surface:string(0,0)&field=boundary:string(0,0)&field=tidal:string(0,0)&field=salt:string(0,0)&field=wikipedia:string(",13800.000000000000000,347.087104773108763,-6.137128835,53.41263082
472,w1211999718,1211999718,way,,,,,,,,,,,,,,,,,,,,,,,,,,,,,,,,,,,,,,,,,,,,,,,,,,,,,,,,,,,,,,,,,,,,,,,,,,,,,,,,,,,,,,,,,,,,,wetland,,,,,,,,,,,,,,,,,,,,,,,,,,,,,,,,,,,,,,,,,,,,,,,,,,,,,,,,wet_meadow,,,"MultiPolygon?crs=EPSG:4326&field=full_id:string(0,0)&field=osm_id:string(0,0)&field=osm_type:string(0,0)&field=wetland:string(0,0)&field=surface:string(0,0)&field=boundary:string(0,0)&field=tidal:string(0,0)&field=salt:string(0,0)&field=wikipedia:string(",13900.000000000000000,344.231625167167692,-6.137486458,53.41350305
473,w1211999718,1211999718,way,,,,,,,,,,,,,,,,,,,,,,,,,,,,,,,,,,,,,,,,,,,,,,,,,,,,,,,,,,,,,,,,,,,,,,,,,,,,,,,,,,,,,,,,,,,,,wetland,,,,,,,,,,,,,,,,,,,,,,,,,,,,,,,,,,,,,,,,,,,,,,,,,,,,,,,,wet_meadow,,,"MultiPolygon?crs=EPSG:4326&field=full_id:string(0,0)&field=osm_id:string(0,0)&field=osm_type:string(0,0)&field=wetland:string(0,0)&field=surface:string(0,0)&field=boundary:string(0,0)&field=tidal:string(0,0)&field=salt:string(0,0)&field=wikipedia:string(",14000.000000000000000,336.451366688107953,-6.13799787,53.41433811
474,w1211999718,1211999718,way,,,,,,,,,,,,,,,,,,,,,,,,,,,,,,,,,,,,,,,,,,,,,,,,,,,,,,,,,,,,,,,,,,,,,,,,,,,,,,,,,,,,,,,,,,,,,wetland,,,,,,,,,,,,,,,,,,,,,,,,,,,,,,,,,,,,,,,,,,,,,,,,,,,,,,,,wet_meadow,,,"MultiPolygon?crs=EPSG:4326&field=full_id:string(0,0)&field=osm_id:string(0,0)&field=osm_type:string(0,0)&field=wetland:string(0,0)&field=surface:string(0,0)&field=boundary:string(0,0)&field=tidal:string(0,0)&field=salt:string(0,0)&field=wikipedia:string(",14100.000000000000000,353.281259130328976,-6.138622225,53.4150772
475,w1211999718,1211999718,way,,,,,,,,,,,,,,,,,,,,,,,,,,,,,,,,,,,,,,,,,,,,,,,,,,,,,,,,,,,,,,,,,,,,,,,,,,,,,,,,,,,,,,,,,,,,,wetland,,,,,,,,,,,,,,,,,,,,,,,,,,,,,,,,,,,,,,,,,,,,,,,,,,,,,,,,wet_meadow,,,"MultiPolygon?crs=EPSG:4326&field=full_id:string(0,0)&field=osm_id:string(0,0)&field=osm_type:string(0,0)&field=wetland:string(0,0)&field=surface:string(0,0)&field=boundary:string(0,0)&field=tidal:string(0,0)&field=salt:string(0,0)&field=wikipedia:string(",14200.000000000000000,280.906388526480555,-6.139178202,53.4156744
476,w1211999718,1211999718,way,,,,,,,,,,,,,,,,,,,,,,,,,,,,,,,,,,,,,,,,,,,,,,,,,,,,,,,,,,,,,,,,,,,,,,,,,,,,,,,,,,,,,,,,,,,,,wetland,,,,,,,,,,,,,,,,,,,,,,,,,,,,,,,,,,,,,,,,,,,,,,,,,,,,,,,,wet_meadow,,,"MultiPolygon?crs=EPSG:4326&field=full_id:string(0,0)&field=osm_id:string(0,0)&field=osm_type:string(0,0)&field=wetland:string(0,0)&field=surface:string(0,0)&field=boundary:string(0,0)&field=tidal:string(0,0)&field=salt:string(0,0)&field=wikipedia:string(",14300.000000000000000,325.013039064655629,-6.139508153,53.41597905
477,w1211999718,1211999718,way,,,,,,,,,,,,,,,,,,,,,,,,,,,,,,,,,,,,,,,,,,,,,,,,,,,,,,,,,,,,,,,,,,,,,,,,,,,,,,,,,,,,,,,,,,,,,wetland,,,,,,,,,,,,,,,,,,,,,,,,,,,,,,,,,,,,,,,,,,,,,,,,,,,,,,,,wet_meadow,,,"MultiPolygon?crs=EPSG:4326&field=full_id:string(0,0)&field=osm_id:string(0,0)&field=osm_type:string(0,0)&field=wetland:string(0,0)&field=surface:string(0,0)&field=boundary:string(0,0)&field=tidal:string(0,0)&field=salt:string(0,0)&field=wikipedia:string(",14400.000000000000000,310.000162285208262,-6.140463109,53.41666319
478,w1211999718,1211999718,way,,,,,,,,,,,,,,,,,,,,,,,,,,,,,,,,,,,,,,,,,,,,,,,,,,,,,,,,,,,,,,,,,,,,,,,,,,,,,,,,,,,,,,,,,,,,,wetland,,,,,,,,,,,,,,,,,,,,,,,,,,,,,,,,,,,,,,,,,,,,,,,,,,,,,,,,wet_meadow,,,"MultiPolygon?crs=EPSG:4326&field=full_id:string(0,0)&field=osm_id:string(0,0)&field=osm_type:string(0,0)&field=wetland:string(0,0)&field=surface:string(0,0)&field=boundary:string(0,0)&field=tidal:string(0,0)&field=salt:string(0,0)&field=wikipedia:string(",14500.000000000000000,219.331140394692483,-6.141196178,53.41694083
479,w1211999718,1211999718,way,,,,,,,,,,,,,,,,,,,,,,,,,,,,,,,,,,,,,,,,,,,,,,,,,,,,,,,,,,,,,,,,,,,,,,,,,,,,,,,,,,,,,,,,,,,,,wetland,,,,,,,,,,,,,,,,,,,,,,,,,,,,,,,,,,,,,,,,,,,,,,,,,,,,,,,,wet_meadow,,,"MultiPolygon?crs=EPSG:4326&field=full_id:string(0,0)&field=osm_id:string(0,0)&field=osm_type:string(0,0)&field=wetland:string(0,0)&field=surface:string(0,0)&field=boundary:string(0,0)&field=tidal:string(0,0)&field=salt:string(0,0)&field=wikipedia:string(",14600.000000000000000,294.421016291098965,-6.14250039,53.41728854
480,w1211999718,1211999718,way,,,,,,,,,,,,,,,,,,,,,,,,,,,,,,,,,,,,,,,,,,,,,,,,,,,,,,,,,,,,,,,,,,,,,,,,,,,,,,,,,,,,,,,,,,,,,wetland,,,,,,,,,,,,,,,,,,,,,,,,,,,,,,,,,,,,,,,,,,,,,,,,,,,,,,,,wet_meadow,,,"MultiPolygon?crs=EPSG:4326&field=full_id:string(0,0)&field=osm_id:string(0,0)&field=osm_type:string(0,0)&field=wetland:string(0,0)&field=surface:string(0,0)&field=boundary:string(0,0)&field=tidal:string(0,0)&field=salt:string(0,0)&field=wikipedia:string(",14700.000000000000000,43.914574147701337,-6.142355223,53.41806668
481,w1211999718,1211999718,way,,,,,,,,,,,,,,,,,,,,,,,,,,,,,,,,,,,,,,,,,,,,,,,,,,,,,,,,,,,,,,,,,,,,,,,,,,,,,,,,,,,,,,,,,,,,,wetland,,,,,,,,,,,,,,,,,,,,,,,,,,,,,,,,,,,,,,,,,,,,,,,,,,,,,,,,wet_meadow,,,"MultiPolygon?crs=EPSG:4326&field=full_id:string(0,0)&field=osm_id:string(0,0)&field=osm_type:string(0,0)&field=wetland:string(0,0)&field=surface:string(0,0)&field=boundary:string(0,0)&field=tidal:string(0,0)&field=salt:string(0,0)&field=wikipedia:string(",14800.000000000000000,75.831831136131868,-6.141474713,53.41859602
482,w1211999718,1211999718,way,,,,,,,,,,,,,,,,,,,,,,,,,,,,,,,,,,,,,,,,,,,,,,,,,,,,,,,,,,,,,,,,,,,,,,,,,,,,,,,,,,,,,,,,,,,,,wetland,,,,,,,,,,,,,,,,,,,,,,,,,,,,,,,,,,,,,,,,,,,,,,,,,,,,,,,,wet_meadow,,,"MultiPolygon?crs=EPSG:4326&field=full_id:string(0,0)&field=osm_id:string(0,0)&field=osm_type:string(0,0)&field=wetland:string(0,0)&field=surface:string(0,0)&field=boundary:string(0,0)&field=tidal:string(0,0)&field=salt:string(0,0)&field=wikipedia:string(",14900.000000000000000,75.413197790422956,-6.140571708,53.41913434
483,w1211999718,1211999718,way,,,,,,,,,,,,,,,,,,,,,,,,,,,,,,,,,,,,,,,,,,,,,,,,,,,,,,,,,,,,,,,,,,,,,,,,,,,,,,,,,,,,,,,,,,,,,wetland,,,,,,,,,,,,,,,,,,,,,,,,,,,,,,,,,,,,,,,,,,,,,,,,,,,,,,,,wet_meadow,,,"MultiPolygon?crs=EPSG:4326&field=full_id:string(0,0)&field=osm_id:string(0,0)&field=osm_type:string(0,0)&field=wetland:string(0,0)&field=surface:string(0,0)&field=boundary:string(0,0)&field=tidal:string(0,0)&field=salt:string(0,0)&field=wikipedia:string(",15000.000000000000000,49.253914557594562,-6.137766691,53.4200254
484,w1211999718,1211999718,way,,,,,,,,,,,,,,,,,,,,,,,,,,,,,,,,,,,,,,,,,,,,,,,,,,,,,,,,,,,,,,,,,,,,,,,,,,,,,,,,,,,,,,,,,,,,,wetland,,,,,,,,,,,,,,,,,,,,,,,,,,,,,,,,,,,,,,,,,,,,,,,,,,,,,,,,wet_meadow,,,"MultiPolygon?crs=EPSG:4326&field=full_id:string(0,0)&field=osm_id:string(0,0)&field=osm_type:string(0,0)&field=wetland:string(0,0)&field=surface:string(0,0)&field=boundary:string(0,0)&field=tidal:string(0,0)&field=salt:string(0,0)&field=wikipedia:string(",15100.000000000000000,80.408465275739161,-6.137766691,53.4200254
485,w1211999718,1211999718,way,,,,,,,,,,,,,,,,,,,,,,,,,,,,,,,,,,,,,,,,,,,,,,,,,,,,,,,,,,,,,,,,,,,,,,,,,,,,,,,,,,,,,,,,,,,,,wetland,,,,,,,,,,,,,,,,,,,,,,,,,,,,,,,,,,,,,,,,,,,,,,,,,,,,,,,,wet_meadow,,,"MultiPolygon?crs=EPSG:4326&field=full_id:string(0,0)&field=osm_id:string(0,0)&field=osm_type:string(0,0)&field=wetland:string(0,0)&field=surface:string(0,0)&field=boundary:string(0,0)&field=tidal:string(0,0)&field=salt:string(0,0)&field=wikipedia:string(",15200.000000000000000,77.344640021766665,-6.136910091,53.4201432
486,w1211999718,1211999718,way,,,,,,,,,,,,,,,,,,,,,,,,,,,,,,,,,,,,,,,,,,,,,,,,,,,,,,,,,,,,,,,,,,,,,,,,,,,,,,,,,,,,,,,,,,,,,wetland,,,,,,,,,,,,,,,,,,,,,,,,,,,,,,,,,,,,,,,,,,,,,,,,,,,,,,,,wet_meadow,,,"MultiPolygon?crs=EPSG:4326&field=full_id:string(0,0)&field=osm_id:string(0,0)&field=osm_type:string(0,0)&field=wetland:string(0,0)&field=surface:string(0,0)&field=boundary:string(0,0)&field=tidal:string(0,0)&field=salt:string(0,0)&field=wikipedia:string(",15300.000000000000000,84.014501780716174,-6.133438691,53.4199076
487,w1211999718,1211999718,way,,,,,,,,,,,,,,,,,,,,,,,,,,,,,,,,,,,,,,,,,,,,,,,,,,,,,,,,,,,,,,,,,,,,,,,,,,,,,,,,,,,,,,,,,,,,,wetland,,,,,,,,,,,,,,,,,,,,,,,,,,,,,,,,,,,,,,,,,,,,,,,,,,,,,,,,wet_meadow,,,"MultiPolygon?crs=EPSG:4326&field=full_id:string(0,0)&field=osm_id:string(0,0)&field=osm_type:string(0,0)&field=wetland:string(0,0)&field=surface:string(0,0)&field=boundary:string(0,0)&field=tidal:string(0,0)&field=salt:string(0,0)&field=wikipedia:string(",15400.000000000000000,110.719983279288101,-6.132757491,53.4201073
488,w1211999718,1211999718,way,,,,,,,,,,,,,,,,,,,,,,,,,,,,,,,,,,,,,,,,,,,,,,,,,,,,,,,,,,,,,,,,,,,,,,,,,,,,,,,,,,,,,,,,,,,,,wetland,,,,,,,,,,,,,,,,,,,,,,,,,,,,,,,,,,,,,,,,,,,,,,,,,,,,,,,,wet_meadow,,,"MultiPolygon?crs=EPSG:4326&field=full_id:string(0,0)&field=osm_id:string(0,0)&field=osm_type:string(0,0)&field=wetland:string(0,0)&field=surface:string(0,0)&field=boundary:string(0,0)&field=tidal:string(0,0)&field=salt:string(0,0)&field=wikipedia:string(",15500.000000000000000,108.943295227215302,-6.132757491,53.4201073
489,w1211999718,1211999718,way,,,,,,,,,,,,,,,,,,,,,,,,,,,,,,,,,,,,,,,,,,,,,,,,,,,,,,,,,,,,,,,,,,,,,,,,,,,,,,,,,,,,,,,,,,,,,wetland,,,,,,,,,,,,,,,,,,,,,,,,,,,,,,,,,,,,,,,,,,,,,,,,,,,,,,,,wet_meadow,,,"MultiPolygon?crs=EPSG:4326&field=full_id:string(0,0)&field=osm_id:string(0,0)&field=osm_type:string(0,0)&field=wetland:string(0,0)&field=surface:string(0,0)&field=boundary:string(0,0)&field=tidal:string(0,0)&field=salt:string(0,0)&field=wikipedia:string(",15600.000000000000000,129.849046850712369,-6.132757491,53.4201073
490,w1211999718,1211999718,way,,,,,,,,,,,,,,,,,,,,,,,,,,,,,,,,,,,,,,,,,,,,,,,,,,,,,,,,,,,,,,,,,,,,,,,,,,,,,,,,,,,,,,,,,,,,,wetland,,,,,,,,,,,,,,,,,,,,,,,,,,,,,,,,,,,,,,,,,,,,,,,,,,,,,,,,wet_meadow,,,"MultiPolygon?crs=EPSG:4326&field=full_id:string(0,0)&field=osm_id:string(0,0)&field=osm_type:string(0,0)&field=wetland:string(0,0)&field=surface:string(0,0)&field=boundary:string(0,0)&field=tidal:string(0,0)&field=salt:string(0,0)&field=wikipedia:string(",15700.000000000000000,143.185585373631369,-6.128012391,53.4168446
491,w1211999718,1211999718,way,,,,,,,,,,,,,,,,,,,,,,,,,,,,,,,,,,,,,,,,,,,,,,,,,,,,,,,,,,,,,,,,,,,,,,,,,,,,,,,,,,,,,,,,,,,,,wetland,,,,,,,,,,,,,,,,,,,,,,,,,,,,,,,,,,,,,,,,,,,,,,,,,,,,,,,,wet_meadow,,,"MultiPolygon?crs=EPSG:4326&field=full_id:string(0,0)&field=osm_id:string(0,0)&field=osm_type:string(0,0)&field=wetland:string(0,0)&field=surface:string(0,0)&field=boundary:string(0,0)&field=tidal:string(0,0)&field=salt:string(0,0)&field=wikipedia:string(",15800.000000000000000,178.496761805194438,-6.128034442,53.41683739
492,w1211999718,1211999718,way,,,,,,,,,,,,,,,,,,,,,,,,,,,,,,,,,,,,,,,,,,,,,,,,,,,,,,,,,,,,,,,,,,,,,,,,,,,,,,,,,,,,,,,,,,,,,wetland,,,,,,,,,,,,,,,,,,,,,,,,,,,,,,,,,,,,,,,,,,,,,,,,,,,,,,,,wet_meadow,,,"MultiPolygon?crs=EPSG:4326&field=full_id:string(0,0)&field=osm_id:string(0,0)&field=osm_type:string(0,0)&field=wetland:string(0,0)&field=surface:string(0,0)&field=boundary:string(0,0)&field=tidal:string(0,0)&field=salt:string(0,0)&field=wikipedia:string(",15900.000000000000000,171.842763931625797,-6.128387791,53.4162943
493,w1211999718,1211999718,way,,,,,,,,,,,,,,,,,,,,,,,,,,,,,,,,,,,,,,,,,,,,,,,,,,,,,,,,,,,,,,,,,,,,,,,,,,,,,,,,,,,,,,,,,,,,,wetland,,,,,,,,,,,,,,,,,,,,,,,,,,,,,,,,,,,,,,,,,,,,,,,,,,,,,,,,wet_meadow,,,"MultiPolygon?crs=EPSG:4326&field=full_id:string(0,0)&field=osm_id:string(0,0)&field=osm_type:string(0,0)&field=wetland:string(0,0)&field=surface:string(0,0)&field=boundary:string(0,0)&field=tidal:string(0,0)&field=salt:string(0,0)&field=wikipedia:string(",16000.000000000000000,161.842787781803850,-6.128359691,53.4162308
494,w1211999718,1211999718,way,,,,,,,,,,,,,,,,,,,,,,,,,,,,,,,,,,,,,,,,,,,,,,,,,,,,,,,,,,,,,,,,,,,,,,,,,,,,,,,,,,,,,,,,,,,,,wetland,,,,,,,,,,,,,,,,,,,,,,,,,,,,,,,,,,,,,,,,,,,,,,,,,,,,,,,,wet_meadow,,,"MultiPolygon?crs=EPSG:4326&field=full_id:string(0,0)&field=osm_id:string(0,0)&field=osm_type:string(0,0)&field=wetland:string(0,0)&field=surface:string(0,0)&field=boundary:string(0,0)&field=tidal:string(0,0)&field=salt:string(0,0)&field=wikipedia:string(",16100.000000000000000,171.624241860911837,-6.127473691,53.4142168
495,w1211999718,1211999718,way,,,,,,,,,,,,,,,,,,,,,,,,,,,,,,,,,,,,,,,,,,,,,,,,,,,,,,,,,,,,,,,,,,,,,,,,,,,,,,,,,,,,,,,,,,,,,wetland,,,,,,,,,,,,,,,,,,,,,,,,,,,,,,,,,,,,,,,,,,,,,,,,,,,,,,,,wet_meadow,,,"MultiPolygon?crs=EPSG:4326&field=full_id:string(0,0)&field=osm_id:string(0,0)&field=osm_type:string(0,0)&field=wetland:string(0,0)&field=surface:string(0,0)&field=boundary:string(0,0)&field=tidal:string(0,0)&field=salt:string(0,0)&field=wikipedia:string(",16200.000000000000000,172.299887045954989,-6.127417068,53.41396098
496,w1211999718,1211999718,way,,,,,,,,,,,,,,,,,,,,,,,,,,,,,,,,,,,,,,,,,,,,,,,,,,,,,,,,,,,,,,,,,,,,,,,,,,,,,,,,,,,,,,,,,,,,,wetland,,,,,,,,,,,,,,,,,,,,,,,,,,,,,,,,,,,,,,,,,,,,,,,,,,,,,,,,wet_meadow,,,"MultiPolygon?crs=EPSG:4326&field=full_id:string(0,0)&field=osm_id:string(0,0)&field=osm_type:string(0,0)&field=wetland:string(0,0)&field=surface:string(0,0)&field=boundary:string(0,0)&field=tidal:string(0,0)&field=salt:string(0,0)&field=wikipedia:string(",16300.000000000000000,172.299887045954989,-6.127229889,53.41306688
497,w1211999718,1211999718,way,,,,,,,,,,,,,,,,,,,,,,,,,,,,,,,,,,,,,,,,,,,,,,,,,,,,,,,,,,,,,,,,,,,,,,,,,,,,,,,,,,,,,,,,,,,,,wetland,,,,,,,,,,,,,,,,,,,,,,,,,,,,,,,,,,,,,,,,,,,,,,,,,,,,,,,,wet_meadow,,,"MultiPolygon?crs=EPSG:4326&field=full_id:string(0,0)&field=osm_id:string(0,0)&field=osm_type:string(0,0)&field=wetland:string(0,0)&field=surface:string(0,0)&field=boundary:string(0,0)&field=tidal:string(0,0)&field=salt:string(0,0)&field=wikipedia:string(",16400.000000000000000,192.345220168343502,-6.126861541,53.41237401
498,w1211999718,1211999718,way,,,,,,,,,,,,,,,,,,,,,,,,,,,,,,,,,,,,,,,,,,,,,,,,,,,,,,,,,,,,,,,,,,,,,,,,,,,,,,,,,,,,,,,,,,,,,wetland,,,,,,,,,,,,,,,,,,,,,,,,,,,,,,,,,,,,,,,,,,,,,,,,,,,,,,,,wet_meadow,,,"MultiPolygon?crs=EPSG:4326&field=full_id:string(0,0)&field=osm_id:string(0,0)&field=osm_type:string(0,0)&field=wetland:string(0,0)&field=surface:string(0,0)&field=boundary:string(0,0)&field=tidal:string(0,0)&field=salt:string(0,0)&field=wikipedia:string(",16500.000000000000000,142.823816737805970,-6.126286933,53.41163021
499,w1211999718,1211999718,way,,,,,,,,,,,,,,,,,,,,,,,,,,,,,,,,,,,,,,,,,,,,,,,,,,,,,,,,,,,,,,,,,,,,,,,,,,,,,,,,,,,,,,,,,,,,,wetland,,,,,,,,,,,,,,,,,,,,,,,,,,,,,,,,,,,,,,,,,,,,,,,,,,,,,,,,wet_meadow,,,"MultiPolygon?crs=EPSG:4326&field=full_id:string(0,0)&field=osm_id:string(0,0)&field=osm_type:string(0,0)&field=wetland:string(0,0)&field=surface:string(0,0)&field=boundary:string(0,0)&field=tidal:string(0,0)&field=salt:string(0,0)&field=wikipedia:string(",16600.000000000000000,155.722328968197729,-6.125663587,53.4108233
500,w1211999718,1211999718,way,,,,,,,,,,,,,,,,,,,,,,,,,,,,,,,,,,,,,,,,,,,,,,,,,,,,,,,,,,,,,,,,,,,,,,,,,,,,,,,,,,,,,,,,,,,,,wetland,,,,,,,,,,,,,,,,,,,,,,,,,,,,,,,,,,,,,,,,,,,,,,,,,,,,,,,,wet_meadow,,,"MultiPolygon?crs=EPSG:4326&field=full_id:string(0,0)&field=osm_id:string(0,0)&field=osm_type:string(0,0)&field=wetland:string(0,0)&field=surface:string(0,0)&field=boundary:string(0,0)&field=tidal:string(0,0)&field=salt:string(0,0)&field=wikipedia:string(",16700.000000000000000,150.735506572519654,-6.125024777,53.41003847
501,w1211999718,1211999718,way,,,,,,,,,,,,,,,,,,,,,,,,,,,,,,,,,,,,,,,,,,,,,,,,,,,,,,,,,,,,,,,,,,,,,,,,,,,,,,,,,,,,,,,,,,,,,wetland,,,,,,,,,,,,,,,,,,,,,,,,,,,,,,,,,,,,,,,,,,,,,,,,,,,,,,,,wet_meadow,,,"MultiPolygon?crs=EPSG:4326&field=full_id:string(0,0)&field=osm_id:string(0,0)&field=osm_type:string(0,0)&field=wetland:string(0,0)&field=surface:string(0,0)&field=boundary:string(0,0)&field=tidal:string(0,0)&field=salt:string(0,0)&field=wikipedia:string(",16800.000000000000000,158.407823220081838,-6.124344047,53.40926556
502,w1211999718,1211999718,way,,,,,,,,,,,,,,,,,,,,,,,,,,,,,,,,,,,,,,,,,,,,,,,,,,,,,,,,,,,,,,,,,,,,,,,,,,,,,,,,,,,,,,,,,,,,,wetland,,,,,,,,,,,,,,,,,,,,,,,,,,,,,,,,,,,,,,,,,,,,,,,,,,,,,,,,wet_meadow,,,"MultiPolygon?crs=EPSG:4326&field=full_id:string(0,0)&field=osm_id:string(0,0)&field=osm_type:string(0,0)&field=wetland:string(0,0)&field=surface:string(0,0)&field=boundary:string(0,0)&field=tidal:string(0,0)&field=salt:string(0,0)&field=wikipedia:string(",16900.000000000000000,167.127865413928077,-6.124732891,53.4081059
503,w1211999718,1211999718,way,,,,,,,,,,,,,,,,,,,,,,,,,,,,,,,,,,,,,,,,,,,,,,,,,,,,,,,,,,,,,,,,,,,,,,,,,,,,,,,,,,,,,,,,,,,,,wetland,,,,,,,,,,,,,,,,,,,,,,,,,,,,,,,,,,,,,,,,,,,,,,,,,,,,,,,,wet_meadow,,,"MultiPolygon?crs=EPSG:4326&field=full_id:string(0,0)&field=osm_id:string(0,0)&field=osm_type:string(0,0)&field=wetland:string(0,0)&field=surface:string(0,0)&field=boundary:string(0,0)&field=tidal:string(0,0)&field=salt:string(0,0)&field=wikipedia:string(",17000.000000000000000,163.811964876891807,-6.124272496,53.40729115
504,w1211999718,1211999718,way,,,,,,,,,,,,,,,,,,,,,,,,,,,,,,,,,,,,,,,,,,,,,,,,,,,,,,,,,,,,,,,,,,,,,,,,,,,,,,,,,,,,,,,,,,,,,wetland,,,,,,,,,,,,,,,,,,,,,,,,,,,,,,,,,,,,,,,,,,,,,,,,,,,,,,,,wet_meadow,,,"MultiPolygon?crs=EPSG:4326&field=full_id:string(0,0)&field=osm_id:string(0,0)&field=osm_type:string(0,0)&field=wetland:string(0,0)&field=surface:string(0,0)&field=boundary:string(0,0)&field=tidal:string(0,0)&field=salt:string(0,0)&field=wikipedia:string(",17100.000000000000000,172.605645459172251,-6.123910591,53.4067089
505,w1211999718,1211999718,way,,,,,,,,,,,,,,,,,,,,,,,,,,,,,,,,,,,,,,,,,,,,,,,,,,,,,,,,,,,,,,,,,,,,,,,,,,,,,,,,,,,,,,,,,,,,,wetland,,,,,,,,,,,,,,,,,,,,,,,,,,,,,,,,,,,,,,,,,,,,,,,,,,,,,,,,wet_meadow,,,"MultiPolygon?crs=EPSG:4326&field=full_id:string(0,0)&field=osm_id:string(0,0)&field=osm_type:string(0,0)&field=wetland:string(0,0)&field=surface:string(0,0)&field=boundary:string(0,0)&field=tidal:string(0,0)&field=salt:string(0,0)&field=wikipedia:string(",17200.000000000000000,150.745937990685491,-6.123789891,53.4066849
506,w1211999718,1211999718,way,,,,,,,,,,,,,,,,,,,,,,,,,,,,,,,,,,,,,,,,,,,,,,,,,,,,,,,,,,,,,,,,,,,,,,,,,,,,,,,,,,,,,,,,,,,,,wetland,,,,,,,,,,,,,,,,,,,,,,,,,,,,,,,,,,,,,,,,,,,,,,,,,,,,,,,,wet_meadow,,,"MultiPolygon?crs=EPSG:4326&field=full_id:string(0,0)&field=osm_id:string(0,0)&field=osm_type:string(0,0)&field=wetland:string(0,0)&field=surface:string(0,0)&field=boundary:string(0,0)&field=tidal:string(0,0)&field=salt:string(0,0)&field=wikipedia:string(",17300.000000000000000,131.192880207594726,-6.123770391,53.4066839
507,w1211999718,1211999718,way,,,,,,,,,,,,,,,,,,,,,,,,,,,,,,,,,,,,,,,,,,,,,,,,,,,,,,,,,,,,,,,,,,,,,,,,,,,,,,,,,,,,,,,,,,,,,wetland,,,,,,,,,,,,,,,,,,,,,,,,,,,,,,,,,,,,,,,,,,,,,,,,,,,,,,,,wet_meadow,,,"MultiPolygon?crs=EPSG:4326&field=full_id:string(0,0)&field=osm_id:string(0,0)&field=osm_type:string(0,0)&field=wetland:string(0,0)&field=surface:string(0,0)&field=boundary:string(0,0)&field=tidal:string(0,0)&field=salt:string(0,0)&field=wikipedia:string(",17400.000000000000000,128.245289136253831,-6.123770391,53.4066839