Latitude,Longitude,id,Name,Healthlink,Address,Phone,Fax,Email,Date Of La,COUNTY_ENG,SUPPLY,xcoord,ycoord
53.284849000000001,-6.379624,1560,Tallaght Medical Practice,1560,"1 Alderwood Park, Dublin 24, D24 XR58",01 4590962 403113,01 4524935,tallaghtmedicalpractice1@eircom.net & tallaghtmedicalpractice.gp@healthmail.ie,15-Apr-22,SOUTH DUBLIN,2.264,-6.379473087,53.28469551
53.290390000000002,-6.282249,1590,Aranleigh Health Centre,1590,"1 Aranleigh Mount, Dublin 14, D14 K822",01 4944279 616568 087 2645101,01 4753192,drtof@hotmail.com,15-Apr-22,SOUTH DUBLIN,2.264,-6.282351431,53.29023777
53.234723000000002,-6.120944,2597,Shankill Family Practice,2597,"1 Athgoe Drive, Dublin 18, D18 C596",01 272 0475 990644,01 272 2670,,11-Apr-22,DUN LAOGHAIRE/RATHDOWN,2.393,-6.120954818,53.23457066
53.344700000000003,-6.397102,1976,Wheatfield Surgery,1976,"1 Chaplain's Place, Rowlagh, Dublin 22, D22 A4P2",01 6263497 392462,01 6238388,,26-Apr-22,SOUTH DUBLIN,2.264,-6.397076473,53.34486626
53.325288000000000,-6.321634,2098,Crumlin Medical Practice,2098,"1 Errigal Road, Dublin 12, D12 NV0A",01 4557260 951140 087 2500547,01 4557245,,27-Apr-22,DUBLIN CITY,1.09,-6.321601606,53.32521211
53.289278000000003,-6.129979,1354,Dun Laoghaire Surgery,1354,"1 Glenageary Road Lower, Glenageary, Co. Dublin, A96 V078",01 2807469 870748 086 6042320,01 2302054,DunLaoghaireSurgery@healthmail.ie,11-Apr-22,DUN LAOGHAIRE/RATHDOWN,2.393,-6.129766471,53.28922326
53.285502999999999,-6.272677,2594,Dr B Ashcroft,2594,"1 Grange Manor Drive, Dublin 16, D16 X254",01 4935881 232829 0872403256,01 4935881,,21-Apr-22,SOUTH DUBLIN,2.264,-6.272406066,53.28549198
53.286304999999999,-6.119502,1879,Sandycove Surgery,1879,"1 Mount Pleasant, Sandycove Road, Sandycove, Co. Dublin, A96 P596",01 2807639 66516 087 9172926,01 2845856,,22-Apr-22,DUN LAOGHAIRE/RATHDOWN,2.393,-6.119153158,53.28626162
53.279944999999998,-6.359814,1350,The Coady Surgery,1350,"1 Old Bawn Way, Dublin 24, D24 XF7A",01 4511886 113609 087 2050379,01 4523705,,11-Apr-22,SOUTH DUBLIN,2.264,-6.359543554,53.27997754
53.451138000000000,-6.155717,1288,Railway Avenue Medical Practice,1288,"1 Railway Avenue, Malahide, Co. Dublin, K36 F899",01 8450416 149059 087 2243503,01 8457681,reception@docmooney.com & railwayavemedical@healthmail.ie,08-Apr-22,FINGAL,2.212,-6.155745073,53.45121535
53.455356999999999,-6.179349,1328,Seabury Medical Centre,1328,"1 Seabury Parade, Malahide, Co. Dublin, K36 FK13",01 8454847 517711,01 8453511,drball@eircom.net / seamed@iol.ie,08-Apr-22,FINGAL,2.212,-6.179290491,53.45543937
53.395735999999999,-6.438863,1670,Meridian Clinic - Ongar,1670,"1 The Avenue, Ongar Village, Dublin 15, D15 V326",01 8614040 693118 086 3874945,01 8614674,,15-Apr-22,FINGAL,2.212,-6.438637594,53.39570789
53.423752999999998,-6.133146,1283,Portmarnock GP Clinic,1283,"1 The Dunes, Portmarnock, Co. Dublin, D13 T2T6",01 8461335 36489 086 2631893,01 8461805,,08-Apr-22,FINGAL,2.212,-6.133296967,53.42362248
53.339362000000001,-6.320771,3291,Dr Michael O'Malley,0,"1 Tyrconnell Road, Dublin 8, D08 AE98",01 4531943 436876,01 4531943,,26-Apr-22,DUBLIN CITY,1.09,-6.320720861,53.33947868
53.382783000000003,-6.408697,5441,Clonsilla Family Practice,5441,"1 Weaver's Row, Clonsilla Road, Clonsilla, Dublin 15, D15 WP93",01 8262884 453989,,,28-Apr-22,FINGAL,2.212,-6.408677519,53.38292047
53.282178000000002,-6.340133,1830,Dr Sean McCarthy,1830,"1 Woodlawn Park Avenue, Dublin 24, D24 ED23",01 4521509 905495,01 4521509,,22-Apr-22,SOUTH DUBLIN,2.264,-6.339902898,53.2820863
53.294604999999997,-6.251436,1334,Woodlawn Medical Centre,1334,"1 Woodlawn Terrace, Churchtown Road Upper, Dublin 14, D14 W3V5",01 2983950 711829,01 2962982,mcgoldrick@indigo.ie,08-Apr-22,DUN LAOGHAIRE/RATHDOWN,2.393,-6.251526859,53.29444377
53.333925000000001,-6.244438,2425,Baggot Street Medical,2425,"10 Baggot Street Upper, Dublin 4, D04 KT35",01 9060458 665566,01 6632865,med_secretary10@outlook.com,11-Apr-22,DUBLIN CITY,1.09,-6.244694711,53.3337589
53.369090999999997,-6.25441,2014,Drumcondra Village Medical Centre,2014,"10 Drumcondra Road Upper, Dublin 9, D09 H3C5",01 7979080 550152 087 6239475,01 8572599,,27-Apr-22,DUBLIN CITY,1.09,-6.2541568,53.3690375
53.327286000000001,-6.251806,2325,Nursing Home - Leeson Park House,2325,"10 Leeson Park, Dublin 6, D06 TC65",01 4976500 202891,,,27-Apr-22,DUBLIN CITY,1.09,-6.251570729,53.32733401
53.290886000000000,-6.154165,2590,Dr. Roger H Feely,0,"10 Richmond Avenue, Monkstown, Blackrock, Co. Dublin, A94 XE04",01 2803619 156675,,,11-Apr-22,DUN LAOGHAIRE/RATHDOWN,2.393,-6.154471619,53.29091038
53.357511000000002,-6.268322,3979,Other - Reproductive Choice Limited,0,"10/11 Berkeley Street, Dublin 7, D07 Y032",01 8300630 821382,,,06-Apr-22,DUBLIN CITY,1.09,-6.268458146,53.35746778
53.348514000000002,-6.247149,3352,Occupation Health Dept - Corporate Health Ireland,0,"10/11 Exchange Place, IFSC., Dublin 1, D01 N4X6",01 6701820 072951,,,26-Apr-22,DUBLIN CITY,1.09,-6.2473347,53.3485414
53.353541000000000,-6.258737,1737,Influmed Medical Care Ltd - Dublin 1,1737,"102 Parnell Street, Dublin 1, D01 V0F1",01 8749519 966311,01 8749519,,15-Apr-22,DUBLIN CITY,1.09,-6.258864743,53.35367985
53.374060999999998,-6.290021,4198,Dr Ronan O'Ferrall,0,"102 Slaney Road, Dublin Industrial Estate, Dublin 11, D11 A268",01 2353317 084978,01 2851076,,27-Apr-22,DUBLIN CITY,1.09,-6.290229305,53.37414756
53.326290000000000,-6.264785,2138,The Doctors Clinic,2138,"104 Rathmines Road Lower, Dublin 6, D06 F9P0",01 4979938  411361 086 4081615,,,27-Apr-22,DUBLIN CITY,1.09,-6.2649402,53.3263002
53.279774000000003,-6.259456,3483,Dr Peter Wai Yin Hooi,0,"105 Broadford Hill, Dublin 16, D16 YD29",01 4934337 963310,,,26-Apr-22,DUN LAOGHAIRE/RATHDOWN,2.393,-6.259319141,53.27977444
53.332324999999997,-6.274766,2286,South Circular Road Surgery,2286,"106a South Circular Road, Dublin 8, D08 K2V6",01 4548026 35918,,,27-Apr-22,DUBLIN CITY,1.09,-6.274770593,53.33222203
53.343387000000000,-6.259536,1204,Suffolk Street Surgery,1204,"107 Grafton Street, Dublin 2, D02 E425",01 6798181 352695 086 2773688,01 6798181,,08-Apr-22,DUBLIN CITY,1.09,-6.259605885,53.3433203
53.269043000000003,-6.14523,1445,Johnstown Medical Centre,1445,"107a Johnstown Road, Cabinteely, Glenageary, Co. Dublin, A96 W248",01 2855800 469195 087 1375483,01 2849257,info@johnstownmed.ie & JohnstownMedicalCentre@healthmail.ie,15-Apr-22,DUN LAOGHAIRE/RATHDOWN,2.393,-6.14545314,53.26916482
53.452567000000002,-6.237026,2694,Forest Medical Practice,2694,"108 Forrest Fields Road, Swords, Co. Dublin, K67 D802",01 8403215 747583,01 8403392,,12-Apr-22,FINGAL,2.212,-6.236897808,53.45274448
53.352938000000002,-6.248275,4174,City Clinic,4174,"108/109 Amiens Street, Dublin 1, D01 A336",01 8555310 333656 085 1670142,01 8555314,,27-Apr-22,DUBLIN CITY,1.09,-6.248511322,53.35304528
53.287117000000002,-6.382915,1558,Springfield Medical Centre,1558,"109 Alderwood Avenue, Dublin 24, D24 R159",01 4514077 530963 086 8394052,01 4520799,,15-Apr-22,SOUTH DUBLIN,2.264,-6.382636966,53.28727998
53.361324000000003,-6.285119,2695,Cabra Medical Centre,2695,"109 Cabra Road, Dublin 7, D07 XH5V",01 8300116 040592,01 8300116,,12-Apr-22,DUBLIN CITY,1.09,-6.285128038,53.36123491
53.357942000000001,-6.263634,1177,Dr Donaghy,0,"109 Dorset Street Lower, Dublin 1, D01 X953",01 8303488 878492,01 8828586,,28-Apr-22,DUBLIN CITY,1.09,-6.263734,53.357971
53.279702999999998,-6.307511,1243,Scholarstown Family Practice,1243,"10a Templeroan Lodge, Scholarstown Road, Dublin 16, D16 E2Y5",01 4936711 817255 086 161 1529,01 4943265,scholfp@eircom.net,08-Apr-22,SOUTH DUBLIN,2.264,-6.3077116,53.2797724
53.367033999999997,-6.272827,1399,Glasnevin Family Practice,1399,"11 Finglas Road, Dublin 11, D11 PA00",01 8600275 364636,01 8600275,,12-Apr-22,DUBLIN CITY,1.09,-6.272512701,53.36711014
53.344692000000002,-6.267272,2239,Parliament Street Medical Practice,2239,"11 Parliament Street, Dublin 2, D02 V277",01 6779112 117591,,,27-Apr-22,DUBLIN CITY,1.09,-6.267418655,53.34467495
53.292634999999997,-6.17965,1685,Carysfort Clinic,1685,"11 Proby Square, Blackrock, Co. Dublin, A94 AD91",01 2887328 927718 087 7827331,01 2781292,carysfortclinic@eircom.net,31-Mar-22,DUN LAOGHAIRE/RATHDOWN,2.393,-6.179642773,53.29283153
53.401881000000003,-6.396423,5455,Alfa Medics,5455,"110 Main Street, Mulhuddart, Dublin 15, D15 YH32",01 6583030 305615 086 4072838,,,20-Apr-22,FINGAL,2.212,-6.396571467,53.40176943
53.359316000000000,-6.240134,1045,North Strand Surgery,1045,"110 North Strand Road, Dublin 3, D03 KW81",01 8743019 959726,01 8560716,,07-Apr-22,DUBLIN CITY,1.09,-6.240328282,53.35938714
53.336320000000001,-6.248681,3835,Doctors Walk-In Clinic Baggot Street,0,"111 Baggot Street Lower, Dublin 2, D02 DA33",01 6762175 417714 086 4081615,,,27-Apr-22,DUBLIN CITY,1.09,-6.248520486,53.33640098
53.291893000000002,-6.216009,2573,Dr. Arthur Searson,0,"111 Trees Road Upper, Mount Merrion, Blackrock, Co. Dublin, A94 K8P6",01 2885123 347646,01 2885123,,11-Apr-22,DUN LAOGHAIRE/RATHDOWN,2.393,-6.215955251,53.29170978
53.288260999999999,-6.256167,2324,Churchtown Family Practice,2324,"111d Beaumont Avenue, Dublin 14, D14 X5R5",01 2051010 988122,01 2051001,,27-Apr-22,DUN LAOGHAIRE/RATHDOWN,2.393,-6.256443999,53.28825714
53.328988000000003,-6.323543,1167,Errigal Road Surgery,1167,"112 Errigal Road, Dublin 12, D12 T286",01 4559157 811413 087 2808765,01 4556299,,08-Apr-22,DUBLIN CITY,1.09,-6.323712068,53.32894918
53.327238999999999,-6.303757,1961,HSE  - Addiction Service - The Lodge,1961,"112 Old County Road, Dublin 12, D12 W827",076 6957407 917474,076 6957418,,05-Apr-22,DUBLIN CITY,1.09,-6.303859155,53.32739016
53.306154999999997,-6.268759,2269,Nursing Home - Orwell House,2269,"112 Orwell Road, Dublin 6, D06 TN66",01 4922142 923321,01 4903352,,27-Apr-22,DUBLIN CITY,1.09,-6.2686738,53.3063085
53.323377999999998,-6.23834,1790,General Practice Donnybrook,1790,"114 Morehampton Road, Dublin 4, D04 K3H7",01 6677036 884615 086 8368855,01 6677037,,22-Apr-22,DUBLIN CITY,1.09,-6.238434503,53.32345121
53.343749000000003,-6.288424,1882,Centric Health St James Gate Medical Centre,1882,"114-116 James's Street, Dublin 8, D08 KXN8",01 2150276 956046 087 2350635,01 4084828,stjames.gate@centrichealth.ie,22-Apr-22,DUBLIN CITY,1.09,-6.288492211,53.34391671
53.316960999999999,-6.322852,1160,Shackleton & Behan Family Doctors,1160,"115 Cromwell's Fort Road, Dublin 12, D12 YR27",01 4602263 86590 086 8505463,01 4197966,,08-Apr-22,DUBLIN CITY,1.09,-6.32290088,53.31672755
53.323369000000000,-6.23924,1739,Dr Ian O'Grady,1739,"115 Morehampton Road, Dublin 4, D04 A6Y8",01 2693347 649214,01 2693477,,15-Apr-22,DUBLIN CITY,1.09,-6.239410772,53.32350904
53.387194000000001,-6.2122,2144,Dr John Taylor,2144,"117a Ardlea Road, Dublin 5, D05 N7F3",01 8475037 194547 087 0506237,01 8483623,,27-Apr-22,DUBLIN CITY,1.09,-6.212236452,53.38697718
53.389214000000003,-6.116798,5153,Dr John McGuinness,5153,"118 Dublin Road, Sutton, Dublin 13, D13 K2K7",680958 085 2527204,,,27-Apr-22,FINGAL,2.212,-6.116761515,53.38883912
53.307378000000000,-6.300454,4282,Greenlea Clinic,0,"118 Greenlea Road, Dublin 6w, D6W WY18",01 4908979 051437,01 4920273,,27-Apr-22,DUBLIN CITY,1.09,-6.300515448,53.30736552
53.332056999999999,-6.275732,2470,Eldon Family Practice,2470,"119 South Circular Road, Dublin 8, D08 VC0H",01 4533745 791708,01 4544819,,11-Apr-22,DUBLIN CITY,1.09,-6.275800829,53.332206
53.300379000000000,-6.263447,1467,Braemor Family Practice,1467,"119b Braemor Road, Dublin 14, D14 VK46",01 2985002 429649,01 2985002,delia@braemor.net,15-Apr-22,DUN LAOGHAIRE/RATHDOWN,2.393,-6.263362727,53.30031391
53.358547000000002,-6.269713,4303,Other - Mater Private Rooms,0,"12 Berkeley Road, Dublin 7, D07 K232",01 8997010,,katie.naessens@materprivate.ie,08-Apr-20,DUBLIN CITY,1.09,-6.269641636,53.35846995
53.288749000000003,-6.347614,1579,Dr Patrick O'Connor,1579,"12 Glenview Park, Dublin 24, D24 WK33",01 4515018 077215 087 2471098,01 4515018,,15-Apr-22,SOUTH DUBLIN,2.264,-6.347277461,53.28876749
53.270305000000000,-6.249379,2565,Dr. James Moloney,0,"12 Kingston Avenue, Dublin 16, D16 V2Y9",01 2981922 187792,01 2981922,,11-Apr-22,DUN LAOGHAIRE/RATHDOWN,2.393,-6.2494252,53.2705306
53.289217000000001,-6.130025,1826,Harbour Health,1826,"1-2 Lower Glenageary Road, Dun Laoghaire, Co Dublin, A96 AE76",01 2802594 267326 086 6042320,01 2140762,info@harbourhealth.ie,22-Apr-22,DUN LAOGHAIRE/RATHDOWN,2.393,-6.129810575,53.28916178
53.315111000000002,-6.243515,2471,Dr Rachel Kidney,2471,"12 Ramleh Park, Dublin 6, D06 R9F2",01 4284821 526652 0872025163,,,11-Apr-22,DUBLIN CITY,1.09,-6.243539491,53.3149625
53.316423999999998,-6.321417,3621,The Little John Clinic,0,"122a Cromwell's Fort Road, Dublin 12, D12 KT62",01 4560300 506203,01 455 6665,,27-Apr-22,SOUTH DUBLIN,2.264,-6.321373749,53.31660958
53.385187999999999,-6.26564,1049,College Gate Clinic,1049,"123 Ballymun Road, Dublin 9, D09 W523",01 8570498  260860 087 2847587,01 8367225,collegegateclinic@eircom.net,07-Apr-22,DUBLIN CITY,1.09,-6.26562548,53.38526918
53.296644000000001,-6.253911,1505,Rowan Family Practice,1505,"123 Churchtown Road Lower, Dublin 14, D14 E840",01 2951238 919669 086 3702694,01 2964252,,15-Apr-22,DUN LAOGHAIRE/RATHDOWN,2.393,-6.253899522,53.29676657
53.341999000000001,-6.275519,5067,Dr Anetta Sempka,3558,"127-129 Francis Street, Dublin 8, D08 KV22",01 7078758 769196,,,27-Apr-22,DUBLIN CITY,1.09,-6.27530179,53.34205257
53.377350999999997,-6.22418,3573,Dr Hampston,0,"128 Collins Avenue, Dublin 9, D09 Y367",01 8314303 211886,,,27-Apr-22,DUBLIN CITY,1.09,-6.223971483,53.3772931
53.244594999999997,-6.133964,1714,Orsmond Clinics,1714,"13 Loughlinstown Road, Loughlinstown, Dublin 18, D18 VOR1",01 2827500 83827,,info@orsmondclinics.com,15-Apr-22,DUN LAOGHAIRE/RATHDOWN,2.393,-6.133879028,53.24451349
53.364266000000001,-6.232049,2697,Dr Joseph Yasbeck,0,"13 Marino Mart, Dublin 3, D03 X5V2",01 8337622 582726,,,12-Apr-22,DUBLIN CITY,1.09,-6.231921845,53.36429832
53.344830999999999,-6.273692,4307,Other - SafetyNet - GMQ Medical,0,"13/14 Merchant's Quay, Dublin 8, D08 KT61",01 4432476 390680,,,06-Apr-22,DUBLIN CITY,1.09,-6.273638508,53.34508675
53.334412999999998,-6.319508,3253,Galtymore Medical Centre,0,"131 Galtymore Road, Dublin 12, D12 HX4A",01 4504168 712017,01 4783175,D12doc@eircom.net,26-Apr-22,DUBLIN CITY,1.09,-6.31968285,53.33452006
53.312184000000002,-6.327149,1208,Drs Canwell and Spillane,1208,"133 Saint Peter's Road, Dublin 12, D12 XN9F",01 4504173 192055,01 4783175,D12doc@eircom.net,08-Apr-22,SOUTH DUBLIN,2.264,-6.327339954,53.31211474
53.318925000000000,-6.33198,1159,Walkinstown Medical Centre,1159,"133 Walkinstown Road, Dublin 12, D12 PX7A",01 4501558 338071,01 4603888,,08-Apr-22,DUBLIN CITY,1.09,-6.332248724,53.31898346
53.353847000000002,-6.258731,3400,Parnell Medical Surgery,3400,"135 Parnell Street, Dublin 1, D01 K0T2",288383,,,26-Apr-22,DUBLIN CITY,1.09,-6.258644083,53.35375252
53.347859999999997,-6.26873,2426,Capel Street Medical Centre,2426,"138 Capel Street, Dublin 1, D01 C4E9",01 549 6267 915944 083 8829881,,,11-Apr-22,DUBLIN CITY,1.09,-6.268585734,53.34787991
53.377493999999999,-6.224647,1062,Collins Ave GP,1062,"138 Collins Avenue, Dublin 9, D09 W7W3",01 8328692 981635,01 8327103,infomelmcevoy@eircom.net,07-Apr-22,DUBLIN CITY,1.09,-6.224806822,53.37753593
53.385666000000001,-6.250516,1618,Crestfield Medical Practice,1618,"14 Crestfield Drive, Dublin 9, D09 NY94",01 8370295  01 8842730 517582,01 8842731,,15-Apr-22,DUBLIN CITY,1.09,-6.250789163,53.38568959
53.362316000000000,-6.259277,4112,United Medical Centre,0,"14 Drumcondra Road Lower, Dublin 9, D09 E2H2",01 860048 909134,,,27-Apr-22,DUBLIN CITY,1.09,-6.259046498,53.36224159
53.363712999999997,-6.209599,4191,Clontarf Family Practice,4191,"14 Kincora Avenue, Clontarf, Dublin 3, D03 T2W2",01 8331650 666808 087 9077117,01 4416777,clontarfmed@gmail.com,27-Apr-22,DUBLIN CITY,1.09,-6.20963549,53.36353057
53.458634000000004,-6.220639,2478,Adrewendomed Medical Ltd,0,"14 Main Street, Swords, Co. Dublin, K67 X2C8",01 8084254 807614,,,11-Apr-22,FINGAL,2.212,-6.22032035,53.45857083
53.351053000000000,-6.3788,1265,Medical Centre,1265,"14 Palmerstown Park, Dublin 20, D20 YD43",01 6268546 351285,01 6234266,cohjon@ireland.com,08-Apr-22,SOUTH DUBLIN,2.264,-6.378714871,53.35093256
53.281401000000002,-6.364938,3255,Dr Ling,3255,"14 Watermeadow Park, Dublin 24, D24 NW0D",01 4511852 546179,01 4511852,,26-Apr-22,SOUTH DUBLIN,2.264,-6.365044947,53.28128231
53.343138000000003,-6.291259,4194,Hostel  - Depaul Sundial House,0,"140 James's Street, Dublin 8, D08 KN25",01 6339226 746661,,,27-Apr-22,DUBLIN CITY,1.09,-6.291208559,53.34305113
53.338051999999998,-6.266182,1317,Aungier Street Clinic,1317,"14-16 Redmond's Hill, Dublin 2, D02 RP46",01 4005708 362847,01 4005709,doctor@aungierclinic.ie,08-Apr-22,DUBLIN CITY,1.09,-6.265963105,53.33808047
53.327081999999997,-6.306117,3256,Dr Synott,3256,"144 Old County Road, Dublin 12, D12 XFP6",01 4554684 382074 086 8215097,01 4558238,,26-Apr-22,DUBLIN CITY,1.09,-6.305858488,53.32706327
53.368820999999997,-6.239077,1926,Marino Medical Centre,1926,"144 Philipsburgh Avenue, Dublin 3, D03 R6X6",01 8374730 059716 085 7200040,,,22-Apr-22,DUBLIN CITY,1.09,-6.239345915,53.36886067
53.355274999999999,-6.234917,1390,East Wall Medical Centre,1390,"145 Church Road, Dublin 3, D03 X894",01 8365505 429540,01 8349985,eastwalldoc@eircom.net,12-Apr-22,DUBLIN CITY,1.09,-6.23479085,53.35521972
53.316246000000000,-6.388711,2389,Webdoctor,2389,"14A Knockmeenagh Road, Dublin 22, D22 Y793",01 459 5132 758756,01 459 5132,,27-Apr-22,SOUTH DUBLIN,2.264,-6.388601813,53.31604025
53.365741000000000,-6.228133,5091,Dr Patrick Lee,5091,"14b Crescent Place, Malahide Road, Dublin 3, D03 R9X0",142395,,,27-Apr-22,DUBLIN CITY,1.09,-6.228140084,53.36590174
53.340316999999999,-6.32021,1186,Inchicore Medical Centre,1186,"15 Grattan Crescent, Dublin 8, D08 EWF2",01 4734030 770239,01 4535125,info@inchicoredoctors.ie & mary.howes@healthmail.ie,08-Apr-22,DUBLIN CITY,1.09,-6.320369074,53.34035938
53.344898999999998,-6.249538,1303,Pearse Street Primary Care Centre,1303,"15 Mark's Lane, Dublin 2, D02 TD23",01 6777781 858562,01 6708876,,06-Apr-22,DUBLIN CITY,1.09,-6.249546704,53.34486018
53.451979999999999,-6.1545,1056,Malahide Family Practice,1056,"15 Strand Street, Malahide, Co. Dublin, K36 A625",01 8454265 082929,01 8455579,reception@malahidefp.ie,07-Apr-22,FINGAL,2.212,-6.154512805,53.45207903
53.316750999999996,-6.270332,3257,The Rathgar Medical Pratice,3257,"150 Rathgar Road, Dublin 6, D06 YP29",01 4977106 269719,01 4964896,,26-Apr-22,DUBLIN CITY,1.09,-6.270700093,53.31684631
53.339688000000002,-6.224999,5358,Mental Health GP Clinic,5358,"152 Rosary Terrace, Stella Gardens, Dublin 4, D04 YP86",086 194 5512 850672,,,07-Apr-22,DUBLIN CITY,1.09,-6.224817566,53.33972631
53.330675999999997,-6.3247,4103,Dr Helen Fenton,0,"154 Cooley Road, Dublin 12, D12 YR99",01 4556976 652870,,,27-Apr-22,DUBLIN CITY,1.09,-6.324883754,53.33054604
53.344061000000004,-6.265167,1370,Dame Street Medical Centre,1370,"16 Dame Street, Dublin 2, D02 TD50",01 6790754 371320,01 6729487,,12-Apr-22,DUBLIN CITY,1.09,-6.265165049,53.34417456
53.344061000000004,-6.265167,5534,Other - Dame Street Denta,5534,"16 Dame Street, Dublin 2, D02 TD50",,,,08-Feb-22,DUBLIN CITY,1.09,-6.265165049,53.34417456
53.376483000000000,-6.21763,1486,Dr Barry Teeling,1486,"16 Maypark, Malahide Road, Dublin 5, D05 C9N4",01 8328225 061702,01 8328225,,15-Apr-22,DUBLIN CITY,1.09,-6.217482055,53.37638421
53.390180999999998,-6.278406,1563,JPM Chambers,1563,"167 Glasnevin Avenue, Dublin 11, D11 YK5N",01 8427585 695501 087 2023840,01 8161192,,15-Apr-22,DUBLIN CITY,1.09,-6.278364407,53.39041528
53.394863999999998,-6.381593,4183,Dr Mohsin Khan,4183,"169 Edgewood Lawns, Dublin 15, D15 X6FW",01 8200576 958514,01 8204416,,27-Apr-22,FINGAL,2.212,-6.381743649,53.39496945
53.376776000000000,-6.362763,1697,Dr Robert Nelson,1697,"17 Beechpark Avenue, Dublin 15, D15 HP5H",01 8213195 021300,01 8213196,,15-Apr-22,FINGAL,2.212,-6.362442134,53.37668093
53.362813000000003,-6.23788,1267,Fairview Family Practice,1267,"17 Fairview Strand, Dublin 3, D03 A5Y9",01 8331086 186115,01 8338693,geraldinegleafure@ffp.ie,08-Apr-22,DUBLIN CITY,1.09,-6.237651955,53.36282048
53.458463000000002,-6.219893,1021,The Plaza Clinic,1021,"17 Main Street, Swords, Co. Dublin, K67 H3K4",01 8902414 244532,01 8902413,,07-Apr-22,FINGAL,2.212,-6.220009797,53.45829049
53.289572000000000,-6.243567,1869,Dr Bent and Kinsella,1869,"17 Pembroke Cottages, Main Street, Dundrum, Dublin 14, D14 X2T7",01 2980226 695686 086 3218019,01 2989053,,22-Apr-22,DUN LAOGHAIRE/RATHDOWN,2.393,-6.2434203,53.28962252
53.384909000000000,-6.383164,2029,Other - Femplus Clinic,2029,"171 Roselawn Road, Dublin 15, D15 A7KN",01 8210999 704692 087 6748091,01 8210110,info@femplus.ie,05-Apr-22,FINGAL,2.212,-6.382950311,53.38479472
53.307564999999997,-6.319306,1199,Perrystown Family Practice,1199,"171 Whitehall Road, Dublin 12, D12 P030",01 4562034 888279,,,08-Apr-22,SOUTH DUBLIN,2.264,-6.319464709,53.30750833
53.325051000000002,-6.29665,3258,Dr Catherine King,3258,"172 Sundrive Road, Dublin 12, D12 V2CY",01 4534671 723075,01 4736473,,26-Apr-22,DUBLIN CITY,1.09,-6.296588736,53.32495275
53.342320999999998,-6.29486,1203,Saint James Medical Centre,0,"178 James's Street, Dublin 8, D08 H60F",01 6770757 35932,01 6770857,,08-Apr-22,DUBLIN CITY,1.09,-6.294769648,53.34219816
53.391663000000001,-6.419981,2736,Dr Eric Dilworth,2736,"17a Cherryfield Lawn, Dublin 15, D15 N729",01 8204166 055602,01 8204166,,19-Apr-22,FINGAL,2.212,-6.419654088,53.39167125
53.402315999999999,-6.152267,4246,Clongriffin Medical Centre,4246,"17a Main Street, Clongriffin, Dublin 13, D13 N2Y4",01 8285492  344331 089 4475108,01 8285493,,27-Apr-22,DUBLIN CITY,1.09,-6.152231046,53.40244719
53.322878000000003,-6.265954,1263,Rafter Medical Centre,1263,"183 Rathmines Road Lower, Dublin 6, D06 E3E5",01 4974747 252179,01 4972111,,08-Apr-22,DUBLIN CITY,1.09,-6.265906888,53.32275097
53.298191000000003,-6.30367,2445,Templeogue Village Medical,2445,"184 Templeogue Road, Dublin 6W, D6W WN53",01 5653328 195766 086 8527797,01 4906264,drsarahmhennessy@yahoo.ie,11-Apr-22,SOUTH DUBLIN,2.264,-6.303785555,53.29841397
53.361603000000002,-6.291025,1816,Sirona Medical,1816,"185 Cabra Road, Dublin 7, D07 FR52",01 8680242 211350 086 3714155,01 8683399,,22-Apr-22,DUBLIN CITY,1.09,-6.290706741,53.36152863
53.373095999999997,-6.220811,1407,Helena Butterfield,1407,"188 Malahide Road, Dublin 3, D03 KT96",01 8310762,01 8310762,,10-Feb-21,DUBLIN CITY,1.09,-6.220955415,53.37293223
53.290467999999997,-6.244694,2584,Dr. Stephen Mulvey,0,"18b Main Street, Dundrum, Dublin 14, D14 Y950",01 2980458 141664,01 2980458,,11-Apr-22,DUN LAOGHAIRE/RATHDOWN,2.393,-6.244659317,53.29042694
53.326130999999997,-6.410747,1675,Ashwood Surgery,1675,"19 Ashwood Road, Dublin 22, D22 E9K6",01 4573335 197784 086 262 0961,01 4577260,ashwoodsurgery19@eircom.net,15-Apr-22,SOUTH DUBLIN,2.264,-6.410795987,53.32598329
53.298383000000001,-6.361147,1162,Tallaght Medical Centre,1162,"19 Redwood View, Dublin 24, D24 X6NW",01 4513589 608457,01 4610817,anitamahon2@hotmail.com,08-Apr-22,SOUTH DUBLIN,2.264,-6.3611049,53.2981918
53.335760999999998,-6.270272,1275,HSE - Meath Day Care Unit,1275,"1-9 The Meath Primary Care Centre, Heytesbury Street, Dublin 8, D08 Y1TW",076 6958282 087 6596068 795713,01 6699515,,08-Apr-22,DUBLIN CITY,1.09,-6.270303289,53.33595494
53.335760999999998,-6.270272,1300,HSE - Meath Day Care Unit,1300,"1-9 The Meath Primary Care Centre, Heytesbury Street, Dublin 8, D08 Y1TW",01 7077909 795713 086 1078959,01 7070953,netta.odoherty@hse.ie,08-Apr-22,DUBLIN CITY,1.09,-6.270303289,53.33595494
53.335760999999998,-6.270272,1496,Dublin City GP,1496,"1-9 The Meath Primary Care Centre, Heytesbury Street, Dublin 8, D08 Y1TW",01 4020022 012490,01 7085732,,15-Apr-22,DUBLIN CITY,1.09,-6.270303289,53.33595494
53.335760999999998,-6.270272,2480,HSE - Child Community Health,2480,"1-9 The Meath Primary Care Centre, Heytesbury Street, Dublin 8, D08 Y1TW",087 2888875 194998,,,12-Apr-22,DUBLIN CITY,1.09,-6.270303289,53.33595494
53.370919999999998,-6.204482,2738,Dr James Dolan,2738,"191 Howth Road, Dublin 3, D03 A3V7",01 8335962 243252,,,19-Apr-22,DUBLIN CITY,1.09,-6.204541418,53.37112857
53.288620000000002,-6.344055,5541,Airton Medical,5541,"192b Glenview Park, Dublin 24, D24 K030",019636996 505084,,,28-Apr-22,SOUTH DUBLIN,2.264,-6.344307048,53.28859218
53.371305000000000,-6.204637,1969,D3 Medical Centre,1969,"196 Howth Road, Dublin 3, D03 C1P8",01 8057610 377124,01 8057610,,26-Apr-22,DUBLIN CITY,1.09,-6.204876911,53.37130838
53.371563999999999,-6.202153,2702,Hanlon Medical Practice,2702,"199 Howth Road, Dublin 3, D03 V6W9",01 8332383 098371 086 2161008,01 8332383,vchanlon@eircom.net,12-Apr-22,DUBLIN CITY,1.09,-6.202215339,53.37137402
53.266565999999997,-6.183686,1339,Foxrock Medical Centre,1339,"1a Brighton Road, Dublin 18, D18 N8C0",01 2896155 109022,01 2896199,,11-Apr-22,DUN LAOGHAIRE/RATHDOWN,2.393,-6.183855492,53.26652645
53.299354999999998,-6.322362,2168,Dr Ahmad Ajina,2168,"1a Orwell Park, Dublin 6w, D6W AD14",01 4504289 603957 087 2427888,01 4508025,,27-Apr-22,SOUTH DUBLIN,2.264,-6.322328586,53.29949204
53.377830000000003,-6.216239,5607,Thorndale Medical Centre,5607,"1a Thorndale Drive, Dublin 5, D05 DX09",012118997 540894 0899840118,,,28-Apr-22,DUBLIN CITY,1.09,-6.216029804,53.37774133
53.296146000000000,-6.212413,1271,Mount Merrion Medical Centre,1271,"1st Floor 71 Deerpark Road, Mount Merrion, Blackrock, Co. Dublin, A94 D087",01 2881297 986821 087 2597721,01 2881187,,31-Mar-22,DUN LAOGHAIRE/RATHDOWN,2.393,-6.212415191,53.2962785
53.349653000000004,-6.278475,2392,Charter Medical Group,2392,"1st Floor Block G, Smithfield Market, Smithfield, Dublin 7, D07 VKP9",01 6579001 995946,01 6579035,,11-Apr-22,DUBLIN CITY,1.09,-6.278455606,53.3497567
53.293948000000000,-6.15139,2387,Generation Health Medical Clinic,2387,"1st Floor South Building, 16a Monkstown Crescent, Monkstown, A94 Y8X0",01 246 1157 188935,01 246 1173,,27-Apr-22,DUN LAOGHAIRE/RATHDOWN,2.393,-6.151536926,53.2939648
53.349102999999999,-6.23874,5519,Other - Office of the Government Chief Information Officer (OGCIO,0,"1st Floor, 3 Spencer Dock, Dublin 1, D01 PF72",,,,22-Dec-20,DUBLIN CITY,1.09,-6.238789099,53.3489559
53.373663000000001,-6.362911,1609,The Village Medical Surgery,0,"2 Castleknock Road, Dublin 15, D15 Y04N",01 8201033 087 1251815,(01) 8201033,,19-Mar-20,FINGAL,2.212,-6.363048128,53.37362562
53.272291000000003,-6.381172,5472,AAA Healthcare,0,"2 Elder Heath Drive, Kiltipper, Dublin 24, D24 C8EW",,,,13-Dec-20,SOUTH DUBLIN,2.264,-6.381769039,53.27300613
53.399850999999998,-6.170965,1832,Elmfield Medical Centre,0,"2 Elmfield Way, Clarehall, Donaghmede, Dublin 13, D13 Y9C1",01 8479299,01 8479297,,02-Apr-21,DUBLIN CITY,1.09,-6.170913965,53.40004143
53.349499000000002,-6.244858,1309,Custom House Square Medical Centre,1309,"2 Gandon House, Custom House Square, Mayor Street Lower, Dublin 1, D01 CY50",01 8290902 525518 086 3839773,01 8290906,,08-Apr-22,DUBLIN CITY,1.09,-6.244882715,53.34937529
53.335141999999998,-6.324318,5627,The Croft Nursing Home,5627,"2 Goldenbridge Walk, Dublin 8, D08 AY24",014542374 106434 0894685225,,,29-Apr-22,DUBLIN CITY,1.09,-6.324245826,53.33491689
53.393613000000002,-6.418314,2704,Hartstown Medical Centre,2704,"2 Hazelwood Avenue, Dublin 15, D15 VP04",01 8217923 109169,01 8223530,,12-Apr-22,FINGAL,2.212,-6.418588046,53.39363418
53.381053999999999,-6.246244,3669,Dr Cox,0,"2 Iveragh Road, Dublin 9, D09 FK15",01 8378823 367194,,,27-Apr-22,DUBLIN CITY,1.09,-6.246144225,53.38121554
53.387079000000000,-6.377331,3419,Dr Clodagh Maguire,3419,"2 Main Street, Blanchardstown, Dublin 15, D15 EHN9",01 8213303  881836,01 8213303,,26-Apr-22,FINGAL,2.212,-6.377164694,53.38699987
53.382300999999998,-6.207656,2732,Artane Medical Centre,2732,"2 Mornington Park, Malahide Road, Dublin 5, D05 KF96",01 8058532 170893,01 8058533,,19-Apr-22,DUBLIN CITY,1.09,-6.207801738,53.38220301
53.385613999999997,-6.233885,4134,Dr Richard Callan - Shantalla Road,0,"2 Shantalla Road, Dublin 9, D09 V0T8",01 8373910 608853,,,31-Mar-22,DUBLIN CITY,1.09,-6.233568063,53.38568893
53.393334000000003,-6.407923,2705,Woodvale General Practice,2705,"2 Woodvale Drive, Dublin 15, D15 XF50",01 8210902 467481,01 6405827,,12-Apr-22,FINGAL,2.212,-6.408044235,53.39320843
53.359453000000002,-6.256128,1082,Mountjoy Family Practice,1082,"2/3 Baker's Yard, Portland Street North, Dublin 1, D01 V656",01 8560040 791227,01 8560056,,21-Apr-22,DUBLIN CITY,1.09,-6.256321119,53.35948712
53.347526000000002,-6.398425,2096,Glenfield Family Practice,2096,"20 Glenfield Avenue, Dublin 22, D22 E309",01 6260562 254104 087 2586759,01 6233209,,27-Apr-22,SOUTH DUBLIN,2.264,-6.398732939,53.34752423
53.355352000000003,-6.371306,1946,Haastrup's Surgery,0,"20 Kennelsfort Road Lower, Dublin 20, D20 CX86",01 6268584 412429 086 8367194,,,22-Apr-22,SOUTH DUBLIN,2.264,-6.371539092,53.35552698
53.445934999999999,-6.202112,1171,Kinsealy Medical Centre,1171,"20 The Rise, Melrose Park, Kinsealy, Co. Dublin, K67 F683",01 8405940 745572 086 3283234,01 8409983,kinsealymedcentre@eircom.net,08-Apr-22,FINGAL,2.212,-6.201994402,53.44581647
53.341721000000000,-6.326379,2109,Sarsfield Medical Centre,2109,"201 Seven Oaks, Sarsfield Road, Dublin 10, D10 KV70",01 6266334 403557,01 6266180,,27-Apr-22,DUBLIN CITY,1.09,-6.326480899,53.341623
53.316481000000003,-6.316628,1230,Kimmage Medical Centre,1230,"202 Kimmage Road West, Dublin 12, D12 A4VF",01 4559228 158822 086 2517331,01 4559211,,08-Apr-22,DUBLIN CITY,1.09,-6.316850454,53.31651775
53.390487999999998,-6.263767,2706,D9 Family Practice,2442,"204 Ballymun Road, Dublin 9, D09 X3P0",01 8425964 832180,01 8425964,info@d9familypractice.ie,12-Apr-22,DUBLIN CITY,1.09,-6.263951922,53.39051725
53.358141000000003,-6.267505,5552,Other - Safetynet Primary Care Mobile Health and Screening Unit,4263,"21 Nelson Street, Dublin 7, D07 KX5K",0873559722 304625,,,12-Apr-22,DUBLIN CITY,1.09,-6.267328354,53.35809389
53.288082000000003,-6.125571,1402,Sheehan Medical Practice,1402,"21 Summerhill Road, Dun Laoghaire, Co. Dublin, A96 A4P1",012806908 540023 086 8112945,01 2803535,reception@sheehanmedicalpractice.com,31-Mar-22,DUN LAOGHAIRE/RATHDOWN,2.393,-6.12590048,53.28782045
53.276926000000003,-6.215089,4235,Sandyford Healthcare,4235,"21 Time Place, Corrig Road, Sandyford Business Park, Dublin 18, D18 R89T",01 5676999 588896,,info@sandyfordhealthcare.ie,27-Apr-22,DUN LAOGHAIRE/RATHDOWN,2.393,-6.21536575,53.2770198
53.276926000000003,-6.215089,5496,Other - Sandyford Specialist Care,5496,"21 Time Place, Corrig Road, Sandyford Business Park, Dublin 18, D18 R89T",012993555 407500,,,28-Apr-22,DUN LAOGHAIRE/RATHDOWN,2.393,-6.21536575,53.2770198
53.276738000000002,-6.24845,2564,Ballinteer Health General & Family Pratice,2564,"21 Woodpark, Ballinteer Avenue, Dublin 16, D16 HT65",01 2964649 01 4943744 598277,01 2989350,,11-Apr-22,DUN LAOGHAIRE/RATHDOWN,2.393,-6.248628227,53.27687634
53.367069999999998,-6.313927,1314,Family Medical Centre,1314,"213 Navan Road, Dublin 7, D07 XN34",01 8681633 995595 085 1048317,01 8823727,,08-Apr-22,DUBLIN CITY,1.09,-6.31361357,53.36702155
53.288710999999999,-6.246916,1348,Dundrum Family Practice,1348,"218 Barton Road East, Dublin 14, D14 AE92",01 2984214 263700 086 8715740,01 2964448,drmccormick@eircom.net,11-Apr-22,DUN LAOGHAIRE/RATHDOWN,2.393,-6.246844928,53.28857869
53.319867000000002,-6.315381,5457,"Dental -Crumlin Denture Service,",0,"21a Saint Agnes Road, Dublin 12, D12 KX88",,,,02-Apr-21,DUBLIN CITY,1.09,-6.315332902,53.31980406
53.349989000000001,-6.252662,4093,24 Doc,4093,"21a Store Street, Dublin 1, D01 RW68",018559291 816111,015440132,,27-Apr-22,DUBLIN CITY,1.09,-6.252601362,53.35000248
53.365026999999998,-6.271511,1572,Prospect Medical Practice,1572,"22 Prospect Road, Dublin 9, D09 C940",01 8307991 551258 087 7776176,01 8300489,,15-Apr-22,DUBLIN CITY,1.09,-6.271513273,53.36511514
53.288305999999999,-6.200096,2091,Stillorgan Medical Centre,2091,"22 Stillorgan Plaza, Lower Kilmacud Road, Stillorgan, Co. Dublin, A94 TR90",01 2885444 764962 086 3224405,01 2885444,duignanj@indigo.gofree.ie,31-Mar-22,DUN LAOGHAIRE/RATHDOWN,2.393,-6.200188498,53.28844935
53.322989999999997,-6.248658,1624,Ranelagh Medical Centre,1624,"22-26 Sandford Road, Dublin 6, D06 A365",01 4986900 981222 087 2314737,01 4986901,ranelaghmedical@healthmail.ie,06-Apr-22,DUBLIN CITY,1.09,-6.2489056,53.32282521
53.390774000000000,-6.294063,1794,Clune Road Medical Centre,1794,"23 Clune Road, Finglas, Dublin 11, D11 W95N",01 834 5302 935195 087 0672052,01 864 3912,,22-Apr-22,DUBLIN CITY,1.09,-6.293985501,53.39070727
53.391562999999998,-6.301782,2047,North Road Medical Centre,2047,"23 North Road, Dublin 11, D11 N224",01 8343932 287225 085 1654046,01 8343932,,27-Apr-22,DUBLIN CITY,1.09,-6.301339725,53.39164999
53.279817999999999,-6.361252,3252,Drs Cantwell & Spillane,0,"23 Old Bawn Way, Dublin 24, D24 TKP0",01 4504168 227184,01 4783175,D12doc@eircom.net,26-Apr-22,SOUTH DUBLIN,2.264,-6.361297271,53.28004448
53.327632000000001,-6.308054,1658,The Iveagh Medical clinic,1658,"235 Crumlin Road, Dublin 12, D12 WR53",01 4544154 356532,01 4544156,,15-Apr-22,DUBLIN CITY,1.09,-6.308166832,53.32782218
53.331812999999997,-6.285887,1226,Dr O'Flynn,1226,"239 South Circular Road, Dublin 8, D08 R2C1",01 4541357 551999,01 4541353,kevin.oflynn@sicp.ie,08-Apr-22,DUBLIN CITY,1.09,-6.285959508,53.33183847
53.321109999999997,-6.409265,1674,Clondalkin Medical Centre,1674,"24 Cherrywood Grove, Dublin 22, D22 C3W9",01 4572788 752020,01 4579700,,15-Apr-22,SOUTH DUBLIN,2.264,-6.4093836,53.32108766
53.320922000000003,-6.265257,1196,Rathmines Clinic,1196,"24 Rathmines Road Upper, Dublin 6, D06 W2R4",01 4966025 413501 087 2399424,01 4966061,rathminesadmin@gmail.com,08-Apr-22,DUBLIN CITY,1.09,-6.265496557,53.32087085
53.317379000000003,-6.207719,1373,Merrion Gates Medical Centre,1373,"240 Merrion Road, Dublin 4, D04 CF74",01 2691876 794075 087 9788638,01 2601206,,12-Apr-22,DUBLIN CITY,1.09,-6.207855725,53.31722677
53.359555999999998,-6.258767,3667,Dr E J Cox,0,"25 Belvedere Road, Dublin 1, D01 F438",01 8363447 356136,01 8363447,,27-Apr-22,DUBLIN CITY,1.09,-6.258984484,53.35947694
53.365752000000001,-6.496153,3741,Mount Martin Surgery,3741,"25 Old Hill, Leixlip, Co. Kildare, W23 P8P3",01 624 4549 526010,,,27-Apr-22,KILDARE,1.567307692,-6.496153,53.365752
53.285454999999999,-6.153499,1700,Monkstown Surgery,1700,"25 Oliver Plunkett Road, Dun Laoghaire, Co. Dublin, A96 V8K1",01 2842111 265629,01 2148575,,15-Apr-22,DUN LAOGHAIRE/RATHDOWN,2.393,-6.153597344,53.28536653
53.389071000000001,-6.245612,1104,Swords Road Medical Practice,1104,"250 Swords Road, Dublin 9, D09 E735",01 8428970 842042,01 8428970,djhohms@gmail.com,07-Apr-22,DUBLIN CITY,1.09,-6.245857929,53.38904023
53.321092999999998,-6.279526,3637,Harold's Cross Surgery,3637,"254 Harold's Cross Road, Dublin 6w, D6W F789",01 4970022 775487,,,27-Apr-22,DUBLIN CITY,1.09,-6.279465366,53.32103667
53.341470000000001,-6.252178,2428,The Gallery Medical Centre,2428,"26 Clare Street, Dublin 2, D02 VX59",01 6624044 251745,01 624776,,11-Apr-22,DUBLIN CITY,1.09,-6.252253134,53.34149592
53.341470000000001,-6.252178,3324,Clare Street Medical Centre,3324,"26 Clare Street, Dublin 2, D02 VX59",01 6625050 762227,01 6625042,,26-Apr-22,DUBLIN CITY,1.09,-6.252253134,53.34149592
53.341470000000001,-6.252178,4255,Lincoln Place Medical,4255,"26 Clare Street, Dublin 2, D02 VX59",01 5675901 363301 087 2075180,01 5675901,info@lincolnplacemedical.ie,27-Apr-22,DUBLIN CITY,1.09,-6.252253134,53.34149592
53.367026000000003,-6.29303,1146,Village Medical,1146,"26 Fassaugha Avenue, Cabra, Dublin 7, D07 X9YN",01 8680289 219691 087 2391942,01 8201033,www.thevillagesurgery.ie,08-Apr-22,DUBLIN CITY,1.09,-6.293101869,53.36686936
53.288823999999998,-6.207862,1268,Kilmacud Medical Centre,1268,"26 Lower Kilmacud Road, Stillorgan, Co. Dublin, A94 KD78",01 2881550 074085 087 6503950,01 2883566,kmc.gp@healthmail.ie,31-Mar-22,DUN LAOGHAIRE/RATHDOWN,2.393,-6.207878127,53.28907968
53.364634000000002,-6.184258,2113,Clontarf Medical Centre,2113,"26 Saint Gabriel's Road, Dublin 3, D03 H016",01 8533028 872049,01 8533028,,27-Apr-22,DUBLIN CITY,1.09,-6.183954622,53.36455134
53.345678999999997,-6.264558,1839,The Temple Bar Medical Centre,1839,"26 Wellington Quay, Dublin 2, D02 R221",01 6707255 771816 087 6092535,01 6369121,,22-Apr-22,DUBLIN CITY,1.09,-6.264598596,53.34577705
53.367918000000003,-6.317722,2441,Family Clinic LTD,2441,"263 Navan Road, Dublin 7, D07 RCK4",01 5342872 191874,,,11-Apr-22,DUBLIN CITY,1.09,-6.317735101,53.3678656
53.367918000000003,-6.317722,4213,Kajarmed Med Family Clinic Limited,0,"263 Navan Road, Dublin 7, D07 RCK4",01 5342872 104683,01 8115872,,27-Apr-22,DUBLIN CITY,1.09,-6.317735101,53.3678656
53.341017999999998,-6.259622,4299,Trinity Clinic,0,"27 Anne Street South, Dublin 2, D02 XY89",01 5384008 221915,01 5384008,,27-Apr-22,DUBLIN CITY,1.09,-6.259541747,53.34100993
53.372132999999998,-6.488369,3297,Dr Michael A Fay,3297,"276 River Forest, Leixlip, Co. Kildare, W23 K6W4",01 6244779 410135,01 6246004,,26-Apr-22,KILDARE,1.567307692,-6.488369,53.372133
53.372264000000001,-6.488308,1195,Dr Mary Boyd,1195,"278 River Forest, Leixlip, Co. Kildare, W23 A599",01 6244300 813318,01 6244491,,08-Apr-22,KILDARE,1.567307692,-6.488308,53.372264
53.458069999999999,-6.236232,2710,Dr Rosaleen O'Kelly,2710,"28 Brackenstown Village, Swords, Co. Dublin, K67 F6E4",01 8403275 033426,01 8409688,,12-Apr-22,FINGAL,2.212,-6.236017251,53.45832543
53.375627000000001,-6.239397,2278,Calderwood Family Clinic,2278,"28 Sion Hill Road, Drumcondra, Dublin 9, D09 PX99",01 5079500 970752,01 5079501,,27-Apr-22,DUBLIN CITY,1.09,-6.239166122,53.37558081
53.388688000000002,-6.195993,2711,Dr W J Mcdonnell,2711,"28 Tonlegee Road, Dublin 5, D05 NV63",01 8481776 160269,01 8481776,,12-Apr-22,DUBLIN CITY,1.09,-6.1958128,53.3888125
53.390661000000001,-6.286787,1928,Glasnevin Ave Medical Centre,1928,"280 Glasnevin Avenue, Dublin 11, D11 HW5P",01 8342718 786339,01 8643621,,22-Apr-22,DUBLIN CITY,1.09,-6.286766815,53.39056457
53.342413999999998,-6.3514,3643,Dr Richard Callan - Ballyfermot Road,0,"282 Ballyfermot Road, Dublin 10, D10 DW92",01 6267630,,,14-Apr-21,DUBLIN CITY,1.09,-6.351387283,53.34231565
53.326953000000003,-6.21427,1326,Park Avenue Medical Centre,1326,"28a Park Avenue, Dublin 4, D04 P5Y8",01 2695169 459462,01 2830842,parkavenuemedicalcentre@ireland.com,08-Apr-22,DUBLIN CITY,1.09,-6.2140066,53.3268289
53.374591000000002,-6.392092,5484,Walk in Surgery Castleknock,5484,"29 Luttrell Park Drive, Dublin 15, D15 W27C",123615 0876819987,015261161,,28-Apr-22,FINGAL,2.212,-6.39232063,53.37454599
53.357219000000001,-6.410181,5165,Liffey Medical,5165,"29 Saint Edmunds Grove, Lucan, Co. Dublin, K78 W2F4",01 5525028 220000,,,27-Apr-22,SOUTH DUBLIN,2.264,-6.410058988,53.3576571
53.335107000000001,-6.219753,1843,Sandymount Road Medical Centre,1843,"29 Sandymount Road, Dublin 4, D04 E034",01 6680077 304649 087 2490865,01 6673984,megan@sandymountroadgp.ie,22-Apr-22,DUBLIN CITY,1.09,-6.219484916,53.33527299
53.375014000000000,-6.197759,2747,Dr Cyril Daly,0,"296 Howth Road, Dublin 5, D05 F8W8",01 8339693 053707,,,19-Apr-22,DUBLIN CITY,1.09,-6.1975958,53.374817
53.331617999999999,-6.371102,4089,Park West Clinic,0,"2nd Floor Block 71, Park West Business Park, Dublin 12, D12 Y4C0",01 610551 971698,01 6205726,,27-Apr-22,DUBLIN CITY,1.09,-6.3708079,53.3316766
53.287967000000002,-6.256719,2125,Dr Paul Heslin,2125,"3 Beaumont Avenue, Dublin 14, D14 K2N5",086 8883477 483825,01 2968824,,27-Apr-22,DUN LAOGHAIRE/RATHDOWN,2.393,-6.2568825,53.2878977
53.323706999999999,-6.259904,1388,Belgrave Clinic,1388,"3 Charleston Road, Dublin 6, D06 V6T3",01 4975666 851730 086 3154398,01 4975660,belgravepracticemanager@gmail.com,12-Apr-22,DUBLIN CITY,1.09,-6.259828246,53.32357268
53.288772999999999,-6.222698,1612,Dr Patrick Magovern,1612,"3 Drummartin Road, Dublin 14, D14 K0T9",01 2965993 317533,01 2966189,,15-Apr-22,DUN LAOGHAIRE/RATHDOWN,2.393,-6.222686082,53.28891813
53.336846000000001,-6.254437,1371,Dr Goodwin McDonnell,1371,"3 Ely Place Upper, Dublin 2, D02 XV65",01 6616844 257808,,,12-Apr-22,DUBLIN CITY,1.09,-6.254593934,53.3368872
53.334215000000000,-6.251361,2296,Dublin Medical Centre,0,"3 Fitzwilliam Place, Dublin 2, D02 YX78",01 4539333 668536,,,14-Apr-22,DUBLIN CITY,1.09,-6.251605538,53.33430282
53.279555999999999,-6.196687,3425,Leopardstown Medical Practice,0,"3 Leopardstown Gardens, Brewery Road, Stillorgan, Co. Dublin, A94 W8C3",01 2783158 460642,,,26-Apr-22,DUN LAOGHAIRE/RATHDOWN,2.393,-6.196424337,53.27948995
53.321992000000002,-6.393435,1535,Drs Lynch and Hamilton Surgery,1535,"3 Orchard Road, Dublin 22, D22 Y8N4",01 4574200 01 4573080 494876,,mhamlyn@eircom.net,15-Apr-22,SOUTH DUBLIN,2.264,-6.393033939,53.32204006
53.309764000000001,-6.28528,5103,MyClinic.ie,5103,"3 Terenure Road West, Dublin 6w, D6W YY79",01 5143464 325910,,info@myclinic.ie,27-Apr-22,DUBLIN CITY,1.09,-6.285442313,53.30979544
53.309764000000001,-6.28528,5639,Health Hero,0,"3 Terenure Road West, Dublin 6w, D6W YY79",015826116 231921,,,25-Apr-22,DUBLIN CITY,1.09,-6.285442313,53.30979544
53.334423999999999,-6.22083,4051,Dr William Stokes,0,"3 Tritonville Court, Dublin 4, D04 A240",086 9618666,,,06-May-20,DUBLIN CITY,1.09,-6.220675832,53.33425912
53.336260000000003,-6.439776,4300,Other - HIMS Medical,0,"3 Tullyhall Park, Lucan, Co. Dublin, K78 XE94",086 7784551,,,30-Jun-20,SOUTH DUBLIN,2.264,-6.439930865,53.33626858
53.283546999999999,-6.184271,4125,Amaranta Family Practice,4125,"30 Ardagh Grove, Blackrock, Co. Dublin, A94 W3Y0",01 2785866 539966,01 2785866,,31-Mar-22,DUN LAOGHAIRE/RATHDOWN,2.393,-6.18412674,53.28342867
53.285736000000000,-6.116,3411,Elton Dental and Medical Centre,0,"30 Sandycove Road, Dun Laoghaire, Co. Dublin, A96 V9P1",01 2801940 459424,01 2843378,,26-Apr-22,DUN LAOGHAIRE/RATHDOWN,2.393,-6.115655598,53.28569235
53.390301000000001,-6.214313,2462,Hazelwood Medical Practice,2462,"31 Hazelwood Court, Dublin 5, D05 DX88",01 8479880 867434,,,11-Apr-22,DUBLIN CITY,1.09,-6.214543576,53.39025219
53.390157000000002,-6.10499,2236,Sutton Clinic,2236,"31 Howth Road, Dublin 13, D13 H582",01 8323144 19017,,,27-Apr-22,FINGAL,2.212,-6.104942917,53.38993737
53.351019000000001,-6.368597,1193,Manor Road Surgery,1193,"31 Manor Road, Dublin 20, D20 AW73",01 6265672 165707 086 8407751,01 6260831,manorroadsurgery@eircom.net,08-Apr-22,SOUTH DUBLIN,2.264,-6.368457063,53.35100645
53.400768999999997,-6.236916,2739,Dr J N Mohamed,0,"31 Oak Avenue, Royal Oak, Santry, Dublin 9, D09 HT95",01 8421865 090023,01 8421865,,19-Apr-22,FINGAL,2.212,-6.237012294,53.40066657
53.299306000000001,-6.209015,2458,Other - The Menopause Hub Ltd,2458,"31 The Rise, Mount Merrion, Blackrock, Co. Dublin, A94 E0C1",086 8146603 117058 086 8146603,,,11-Apr-22,DUN LAOGHAIRE/RATHDOWN,2.393,-6.208796496,53.29929854
53.299306000000001,-6.209015,4238,Drs Gallagher and Byrne Family Practice,4238,"31 The Rise, Mount Merrion, Blackrock, Co. Dublin, A94 E0C1",01 2107948 998831 087 1692229,01 2107950,drsgallagherbyrnefamilypractice.gp@healthmail.ie,31-Mar-22,DUN LAOGHAIRE/RATHDOWN,2.393,-6.208796496,53.29929854
53.299306000000001,-6.209015,5206,Dr C Rooney,5206,"31 The Rise, Mount Merrion, Blackrock, Co. Dublin, A94 E0C1",517759 087 6266415,,,31-Mar-22,DUN LAOGHAIRE/RATHDOWN,2.393,-6.208796496,53.29929854
53.310228000000002,-6.208648,2575,Woodbine Medical Centre,2575,"31 Woodbine Park, Booterstown, Blackrock, Co. Dublin, A94 HX31",01 2609861 143262,01 2609875,,31-Mar-22,DUN LAOGHAIRE/RATHDOWN,2.393,-6.208708972,53.3104083
53.345761000000003,-6.264163,4267,E&S Doctors,4267,"31/32 Wellington Quay, Dublin 2, D02 KP11",01 5529458 127187,01 5529458,,27-Apr-22,DUBLIN CITY,1.09,-6.264194453,53.34583697
53.342548000000001,-6.354455,2413,Dr Mohsin Moola,2413,"314 Ballyfermot Road, Dublin 10, D10 PH57",062 62629 879598 087 7416054,,,11-Apr-22,DUBLIN CITY,1.09,-6.354464846,53.34243916
53.342548000000001,-6.354455,3332,Dr Naseema Moorad,3332,"314 Ballyfermot Road, Dublin 10, D10 PH57",01 6262629 781952,01 6208649,,26-Apr-22,DUBLIN CITY,1.09,-6.354464846,53.34243916
53.321193000000001,-6.256662,2601,Dr. Nickrow,2601,"32 Dunville Avenue, Dublin 6, D06 NR77",01 4971747 683164,01 4971748,,11-Apr-22,DUBLIN CITY,1.09,-6.256602267,53.32120543
53.318969000000003,-6.279312,1187,Harolds Cross Medical Practice,1187,"324 Harold's Cross Road, Dublin 6w, D6W TN82",01 4922665 452524 086 8171287,01 4923794,robert.hickey@sicp.ie,08-Apr-22,DUBLIN CITY,1.09,-6.279238182,53.31910675
53.296104999999997,-6.204439,1459,Gleneagle Medical Centre,1459,"32a Greygates, Stillorgan Road, Blackrock, Co. Dublin, A94 D368",01 2881425 884660,01 2836427,,31-Mar-22,DUN LAOGHAIRE/RATHDOWN,2.393,-6.20405,53.29614869
53.355027999999997,-6.264378,5529,Femina Medical Centre,5529,"33 Frederick Street North, Dublin 1, D01 Y5T9",0864110003 625188,,,28-Apr-22,DUBLIN CITY,1.09,-6.264275191,53.35493006
53.390796999999999,-6.256752,1285,Shanard Family Practice,1285,"33 Shanard Road, Dublin 9, D09 E1W1",01 8579397 658780 086 287 3374,01 8429660,,08-Apr-22,DUBLIN CITY,1.09,-6.256773553,53.39074794
53.314962000000001,-6.296168,1692,The Medical Practice,1692,"335 Kimmage Road Lower, Dublin 6W, D6W Y967",01 4902327  684550,01 4900010,doctor@themedicalpractice.net,15-Apr-22,DUBLIN CITY,1.09,-6.295919136,53.31485902
53.342669000000001,-6.356699,1940,Grange Cross Medical,1940,"336 Ballyfermot Road, Dublin 10, D10 EE79",01 6264762 876504,,,22-Apr-22,DUBLIN CITY,1.09,-6.3569472,53.3426134
53.336143000000000,-6.249425,4295,Other - Refine Clinic,0,"34 Fitzwilliam Street Upper, Dublin 2, D02 T207",087 1647942 366760,,info@refineclinic.ie,27-Apr-22,DUBLIN CITY,1.09,-6.249688986,53.3362366
53.301157000000003,-6.176794,1365,Blackrock Medical Clinic,1365,"34 Main Street, Blackrock, Co. Dublin, A94 T6H3",01 2884943 01 2781338 101507 086 8271070,01 2781338,,31-Mar-22,DUN LAOGHAIRE/RATHDOWN,2.393,-6.176827433,53.3011365
53.296061999999999,-6.238911,4003,Dr Bhutta Surgery,0,"34 Mount Carmel Road, Dublin 14, D14 TP93",01 2966284 828312 087 2345210,,,27-Apr-22,DUN LAOGHAIRE/RATHDOWN,2.393,-6.238827567,53.29601759
53.360616999999998,-6.274068,1763,Dr M F Whitty,1763,"340a North Circular Road, Dublin 7, D07 C9HE",01 8680040 457109 087 2996311,01 8381076,,15-Apr-22,DUBLIN CITY,1.09,-6.273997357,53.36061319
53.360616999999998,-6.274068,3659,Phibsborough Dental & Medical Clinic,3659,"340A North Circular Road, Phibsborough, Dublin 7, D07 C9HE",01 8300044 677071,01 8117622,,27-Apr-22,DUBLIN CITY,1.09,-6.273997357,53.36061319
53.332566000000000,-6.289277,2295,Dublin Medical Centre,0,"344 South Circular Road, Dublin 8, D08 Y96D",01 4539333 974293,,,14-Apr-22,DUBLIN CITY,1.09,-6.28935417,53.33248652
53.332726999999998,-6.264714,1228,Harcourt Health,1228,"35 Camden Street Upper, Dublin 2, D02 HK82",01 4759544 343044 087 2580581,01 4759369,,08-Apr-22,DUBLIN CITY,1.09,-6.264821804,53.33271929
53.346899999999998,-6.263446,1892,Other - Well Woman Centre,1892,"35 Liffey Street Lower, Dublin 1, D01 C3N0",01 8728095 113067 086 8576725,01 8728466,,22-Apr-22,DUBLIN CITY,1.09,-6.263309726,53.34691487
53.305115999999998,-6.236952,1344,Clonskeagh Family Practice,0,"36 Gledswood Drive, Dublin 14, D14 Y5V6",01 2600575 128030 087 2539756,01 2696502,,11-Apr-22,DUN LAOGHAIRE/RATHDOWN,2.393,-6.237010331,53.30519814
53.320526000000001,-6.292739,1229,Sundrive Medical Centre,1229,"36 Sundrive Road, Dublin 12, D12 AR22",01 4925947 550619,01 4924377,sundrivemed@eircom.net,08-Apr-22,DUBLIN CITY,1.09,-6.29246897,53.32066451
53.351287999999997,-6.251917,2497,Dr Maria Lube,2497,"36c Talbot Street, Dublin 1, D01 YD83",01 8727483 105352 089 9863488,,,11-Apr-22,DUBLIN CITY,1.09,-6.251840957,53.35113644
53.343285999999999,-6.269691,1873,Joseph Molony,1873,"37 Castle Street, Dublin 2, D02 H773",01 4767010 506258 086 2444332,01 6778139,,11-Apr-22,DUBLIN CITY,1.09,-6.269661348,53.34321439
53.298025000000003,-6.162711,5171,Dr Cathal O'Sullivan,5171,"37 Seapoint Avenue, Blackrock, Co. Dublin, A94 X3T8",550336 087 2213737,,,31-Mar-22,DUN LAOGHAIRE/RATHDOWN,2.393,-6.162583752,53.29799186
53.296357999999998,-6.199572,1709,Dr Peter Staunton,1709,"37 Woodlands Park, Stillorgan, Co. Dublin, A94 KX81",01 2888254 293806,,,31-Mar-22,DUN LAOGHAIRE/RATHDOWN,2.393,-6.19987424,53.29656533
53.362850999999999,-6.238951,1238,Fairview Medical Centre,1238,"37/39 Fairview Strand, Dublin 3, D03 F8C2",01 8339856 01 8530071 292755,01 8530891,fairviewmedicalcentre.gp@healthmail.ie,08-Apr-22,DUBLIN CITY,1.09,-6.238972807,53.36272696
53.343285999999999,-6.269691,2446,HSE - Addiction Services Castle St,2446,"37-40 Castle Street, Dublin 2, D02 H773",01 4767010 01 4767010,01 6778139,,06-May-20,DUBLIN CITY,1.09,-6.269661348,53.34321439
53.335040999999997,-6.294318,5308,CovidAss - Rialto,5308,"379_383 South Circular Road, Dublin 8, D08 E0X7",086 0354155 766133,,,07-Apr-22,DUBLIN CITY,1.09,-6.294222025,53.33517703
53.388668000000003,-6.195278,1368,Tonlegee Medical Practice,1368,"38 Tonlegee Road, Dublin 5, D05 K3V7",01 8474741 831176 087 9038254,01 8488829,,12-Apr-22,DUBLIN CITY,1.09,-6.195414516,53.38871334
53.363812000000003,-6.177564,3393,Sveikas Zmogus Family Medical Clinic,3393,"384 Clontarf Road, Dublin 3, D03 E3H0",085 7427842 677668 086 6695385,01 8533055,,26-Apr-22,DUBLIN CITY,1.09,-6.177463134,53.36388033
53.317951000000001,-6.271167,4202,Dr Geraldine Morrow,4202,"39 Grosvenor Road, Dublin 6, D06 WR65",01 4970392 703701,,,27-Apr-22,DUBLIN CITY,1.09,-6.271279268,53.31779137
53.381597999999997,-6.24081,2371,Whitehall Clinic,2371,"394a Collins Avenue, Dublin 9, D09 F1T2",01 5382871 573267,01 5382873,,27-Apr-22,DUBLIN CITY,1.09,-6.240910749,53.38144239
53.360004000000004,-6.264452,4212,Children's Clinic,0,"398/400 North Circular Road, Dublin 7, D07 ER26",,,,06-Feb-20,DUBLIN CITY,1.09,-6.264490537,53.36000766
53.401082000000002,-6.180009,1220,Meridian Clinic - Clarehall,1220,"3rd Floor Clarehall Shopping Centre, Malahide Road, Northern Cross, Dublin 17, D17 NX38",01 8770818 620299 087 7612304,01 8770819,clarehall@meridianclinic.ie,08-Apr-22,DUBLIN CITY,1.09,-6.17933577,53.40160827
53.287187000000003,-6.376216,2418,GPs at Tallaght Cross,2418,"3rd Floor, Tallaght Cross West, Dublin 24, D24 DH74",01 9058012,01 9058013,,27-Aug-18,SOUTH DUBLIN,2.264,-6.376200679,53.28714097
53.293016000000001,-6.309081,1846,The Family Medicine Centre,1846,"4 Ballyroan Road, Dublin 16, D16 A2N6",01 4946498 222240,01 4946064,,22-Apr-22,SOUTH DUBLIN,2.264,-6.308712753,53.29307239
53.356977999999998,-6.267802,1240,The Berkeley Clinic,1240,"4 Berkeley Street, Dublin 7, D07 R6DD",01 8302841 81861 087 9905506,01 8602003,eugenegoc@eircom.net,08-Apr-22,DUBLIN CITY,1.09,-6.268007515,53.35692672
53.340746000000003,-6.261516,3364,Dr El-Zayed Hegazy,0,"4 Chatham Street, Dublin 2, D02 R223",01 6139930 084770,01 6334511,,26-Apr-22,DUBLIN CITY,1.09,-6.261486212,53.34081871
53.304276000000002,-6.281345,1822,Dodder Park Medical,1822,"4 Dodder Park Drive, Dublin 14, D14 VY57",01 4055300 627496 086 8658344,01 4055300,,22-Apr-22,SOUTH DUBLIN,2.264,-6.281103999,53.3043499
53.335205000000002,-6.250379,1731,The D2 Medical Centre,1731,"4 Fitzwilliam Square East, Dublin 2, D02 FE06",01 6314500 172729,01 6624263,,15-Apr-22,DUBLIN CITY,1.09,-6.250623951,53.33529177
53.335205000000002,-6.250379,3327,Raglan Sports Medicine,0,"4 Fitzwilliam Square East, Dublin 2, D02 FE06",01 6629279,01 6622323,gp@theraglanclinic.com,30-Mar-22,DUBLIN CITY,1.09,-6.250623951,53.33529177
53.285905999999997,-6.293121,1710,Rathfarnham Medical Centre,1710,"4 Glendoher Road, Dublin 16, D16 W726",01 4934122 783604,01 4934940,,15-Apr-22,SOUTH DUBLIN,2.264,-6.293312173,53.28591384
53.327413999999997,-6.243316,5278,Dr Wendy Lynch,5278,"4 Morehampton Road, Dublin 4, D04 T9C8",01 6697552 532028,,,27-Apr-22,DUBLIN CITY,1.09,-6.243818323,53.32717352
53.327413999999997,-6.243316,5424,Dr Michael Moore,5424,"4 Morehampton Road, Dublin 4, D04 T9C8",01 6602933 985145,,,28-Apr-22,DUBLIN CITY,1.09,-6.243818323,53.32717352
53.422007000000001,-6.474414,1847,Dunboyne Family Practitioners,1847,"4 Navan Road, Dunboyne, Co. Meath, A86 KV44",01 8252105 064543 086 3525524,01 8252626,,30-Mar-22,MEATH,2.034482758,-6.474414,53.422007
53.342241000000001,-6.280747,1188,Thomas Court Primary Care,1188,"4 Saint Catherine's Lane West, Dublin 8, D08 WTW0",01 4539514  497778 087 2369532,01 4539110,,08-Apr-22,DUBLIN CITY,1.09,-6.280763405,53.34217432
53.370050999999997,-6.253849,1116,Drumcondra Medical,1116,"40 Drumcondra Road Upper, Dublin 9, D09 C4H3",01 8377315 670935,01 8572263,,07-Apr-22,DUBLIN CITY,1.09,-6.254139199,53.37011404
53.384231000000000,-6.220735,1052,Hampson Surgery,1052,"40 Whitethorn Rise, Artane, Dublin 5, D05 AK31",01 8312260 627052,01 8327246,aidanhampson@yahoo.com,07-Apr-22,DUBLIN CITY,1.09,-6.220971202,53.38425801
53.353420000000000,-6.285181,1366,Manor Street Family Practice,1366,"40/41 Manor Street, Dublin 7, D07 W586",01 8386319 190648 086 3366478,01 8386319,info@manorstfamilypractice.ie,12-Apr-22,DUBLIN CITY,1.09,-6.28533846,53.35334382
53.360004000000004,-6.264452,4237,Dr Vida Naciene,0,"400 North Circular Road, Dublin 7, D07 ER26",262406 086 1952539,,,27-Apr-22,DUBLIN CITY,1.09,-6.264490537,53.36000766
53.300941999999999,-6.177292,2018,Blackrock Family Practice,2018,"41 Main Street, Blackrock, Co. Dublin, A94 D5P2",01 2789369 638119 086 8100803,01 2143413,info@gpblackrock.com,31-Mar-22,DUN LAOGHAIRE/RATHDOWN,2.393,-6.17719183,53.30086284
53.300941999999999,-6.177292,5351,Other - Practitioner Health Matters Programme,5351,"41 Main Street, Blackrock, Co. Dublin, A94 D5P2",01 2789369 256290,,,31-Mar-22,DUN LAOGHAIRE/RATHDOWN,2.393,-6.17719183,53.30086284
53.277709000000002,-6.141104,2199,Dr Padraic Doherty,2199,"41 Sallynoggin Road, Sallynoggin, Co. Dublin, A96 R2T8",01 2855520 411736,01 2024843,,27-Apr-22,DUN LAOGHAIRE/RATHDOWN,2.393,-6.140908401,53.27756566
53.342647999999997,-6.362248,2737,Dr Eric Dilworth,0,"411 Ballyfermot Road, Dublin 10, D10 K683",01 6265998 653952,,,19-Apr-22,DUBLIN CITY,1.09,-6.361796505,53.34264387
53.378134000000003,-6.260988,1002,Griffith Avenue Practice,1002,"411 Griffith Avenue, Dublin 9, D09 YY19",01 8373611 186351,01 8373295,griffithdoc@eircom.net & gap.gp@healthmail.ie,07-Apr-22,DUBLIN CITY,1.09,-6.261081012,53.37792738
53.335681000000001,-6.240417,2568,Dr. Patricia Comer,0,"44 Haddington Road, Dublin 4, D04 Y718",01 6688504 767246,,,11-Apr-22,DUBLIN CITY,1.09,-6.240277165,53.33550983
53.382553000000001,-6.205943,1610,Dr Tarek Zourob,1610,"44 Malahide Road, Dublin 5, D05 XD74",01 8510041 184609,,,15-Apr-22,DUBLIN CITY,1.09,-6.205848397,53.38273437
53.311383999999997,-6.315041,5095,Dr David Ogunmodede,0,"44 Muckross Avenue, Dublin 12, D12 VK49",031729,,,27-Apr-22,SOUTH DUBLIN,2.264,-6.314947093,53.31126857
53.287995000000002,-6.186895,4199,Dr Gillian Darling,0,"44 Orpen Green, Blackrock, Co. Dublin, A94 A8P9",087 6683328,,,22-Mar-20,DUN LAOGHAIRE/RATHDOWN,2.393,-6.186966957,53.28809682
53.342830999999997,-6.249774,1489,Dr Anvor Amod,1489,"44 Westland Row, Dublin 2, D02 W274",01 6618634 01 6618610 452142,,,15-Apr-22,DUBLIN CITY,1.09,-6.250048025,53.34289096
53.354883000000001,-6.260893,5578,HSE - CAMHS Day Hospital,0,"44/45 North Great George's Street, Dublin 1, D01 Y8E8",948041 01 9026450,,,28-Apr-22,DUBLIN CITY,1.09,-6.261138844,53.35476379
53.379992000000001,-6.171895,1055,Crosby Medical Practice,1055,"443 Howth Road, Dublin 5, D05 Y432",01 8310243 441740,01 8317807,,07-Apr-22,DUBLIN CITY,1.09,-6.171787086,53.38022556
53.349542999999997,-6.262404,5368,Popular Medical Centre,5368,"44a Henry Street, Dublin 1, D01 AK83",891200,,,28-Apr-22,DUBLIN CITY,1.09,-6.262374474,53.34948115
53.388081000000000,-6.297708,1066,Village Medical Centre,1066,"45-48 Main Street, Dublin 11, D11 TCC9",01 8341124 01 8341199 70469,01 8342585,,07-Apr-22,DUBLIN CITY,1.09,-6.297951843,53.38802164
53.323939000000003,-6.25268,1834,Beechwood Medical,1834,"46 Ashfield Road, Dublin 6, D06 X320",01 4961150  504803,,reception@beechwoodmedical.com,22-Apr-22,DUBLIN CITY,1.09,-6.25275902,53.32394307
53.320296999999997,-6.39523,1957,Dr Richard Mullen,1957,"48 Tower Road, Dublin 22, D22 F2P9",01 6581034 089645,,,22-Apr-22,SOUTH DUBLIN,2.264,-6.394718412,53.32043017
53.320296999999997,-6.39523,3276,Dr John O'Grady,3276,"48 Tower Road, Dublin 22, D22 F2P9",01 4573143 732756,,,26-Apr-22,SOUTH DUBLIN,2.264,-6.394718412,53.32043017
53.341417000000000,-6.262859,5440,Other - South William Clinic & Spa,5440,"48 William Street South, Dublin 2, D02 T212",01 5379222 478111,,info@southwilliamspa.com,28-Apr-22,DUBLIN CITY,1.09,-6.263041933,53.34146586
53.356504000000001,-6.441277,2249,Dr Samir Ekky,2249,"49 Esker Lawns, Lucan, Co. Dublin, K78 A5R2",01 6219715 543611,,,27-Apr-22,SOUTH DUBLIN,2.264,-6.441534517,53.35645673
53.252710999999998,-6.124572,2309,Ballybrack Medical Centre,2309,"4a Church Road, Ballybrack, Glenageary, Co. Dublin, A96 CT85",01 2826904 899541,,,27-Apr-22,DUN LAOGHAIRE/RATHDOWN,2.393,-6.124288813,53.25278222
53.277802999999999,-6.103797,1702,Dalkey Medical Practice,1702,"4a Saint Patrick's Road, Dalkey, Co. Dublin, A96 T2P0",01 2856600 928272 087 2469075,01 2856302,,15-Apr-22,DUN LAOGHAIRE/RATHDOWN,2.393,-6.103653082,53.27776445
53.320919000000004,-6.262572,1620,The Cambridge Clinic,1620,"5 Cambridge Villas, Dublin 6, D06 C9X5",01 4973917 906058 087 9812607,01 4065789,,15-Apr-22,DUBLIN CITY,1.09,-6.26273241,53.32088774
53.321187000000002,-6.390038,2283,Dr Fergus Purcell,2283,"5 Castle Crescent, Dublin 22, D22 Y7Y8",01 2691584 559599,,,27-Apr-22,SOUTH DUBLIN,2.264,-6.390081128,53.32111324
53.267485999999998,-6.135933,1978,Bayview Medical,1978,"5 Killiney Shopping Centre, Rochestown Avenue, Dun Laoghaire, Co. Dublin, A96 XA78",01 2720800 747729 087 2544086,01 2720688,,26-Apr-22,DUN LAOGHAIRE/RATHDOWN,2.393,-6.135864628,53.26744632
53.348004000000003,-6.258956,1406,O'Connel Street Medical Centre,1406,"5 O'connell Street Lower, Dublin 1, D01 P9F2",01 8746983 912332,01 8786036,kuan@thedoctor.co.uk,12-Apr-22,DUBLIN CITY,1.09,-6.258791622,53.34803174
53.289135000000002,-6.283571,1306,Dr Cantwell and Gleeson Surgery,1306,"5 Saint Enda's Drive, Dublin 14, D14 T2P8",01 4941238  984834,01 4937552,,08-Apr-22,SOUTH DUBLIN,2.264,-6.283508561,53.288993
53.289135000000002,-6.283571,1466,Dr Alex Khourie,1466,"5 Saint Enda's Drive, Dublin 14, D14 T2P8",01 4931038 376158,,,15-Apr-22,SOUTH DUBLIN,2.264,-6.283508561,53.288993
53.385705999999999,-6.065267,2720,Dr Joseph P Cranley,2720,"5/6 Main Street, Howth, Co. Dublin, D13 P2C1",01 8324267 779720,01 8324267,,12-Apr-22,FINGAL,2.212,-6.065070562,53.38575843
53.292822999999999,-6.297828,1304,Dr Claire McNicholas,1304,"50 Marian Road, Dublin 14, D14 R9P6",01 4930244 965826 086 2576696,01 4930245,,08-Apr-22,SOUTH DUBLIN,2.264,-6.297572113,53.29276539
53.319391000000003,-6.255461,5606,Dr. Maurice O'Farrell,5606,"50 Moyne Road, Dublin 6, D06 V4K6",0876362519 156835 0876362519,,,28-Apr-22,DUBLIN CITY,1.09,-6.255266438,53.31941619
53.396317000000003,-6.169544,1216,Dr Abdul Ibrahim,1216,"52 Ardara Avenue, Dublin 13, D13 RK03",01 8471647 605142,01 8476939,,08-Apr-22,DUBLIN CITY,1.09,-6.169626953,53.3963987
53.339927000000003,-6.278352,1678,Dr James O'Neill,0,"52 The Coombe, Dublin 8, D08 P588",01 4543556,01 4732830,,28-Mar-21,DUBLIN CITY,1.09,-6.278330166,53.33983908
53.322228000000003,-6.330304,1657,Dr John O'Connell,0,"52 Walkinstown Road, Dublin 12, D12 AA42",01 4567878,01 4544156,,28-Mar-21,DUBLIN CITY,1.09,-6.329994491,53.32210741
53.363930000000003,-6.25694,1855,Drumcondra Clinic,1855,"53 Drumcondra Road Lower, Dublin 9, D09 N4X8",01 8376701 392974 087 2906652,01 8576518,,22-Apr-22,DUBLIN CITY,1.09,-6.257322181,53.36405345
53.322242000000003,-6.283685,2487,Dr Ian O'Grady Kimmage,0,"53 Kimmage Road Lower, Dublin 6w, D6W C566",01 4927624 654515,,,11-Apr-22,DUBLIN CITY,1.09,-6.283380699,53.3220121
53.332124000000000,-6.253248,1338,The Adelaide Clinic,1338,"56 Adelaide Road, Dublin 2, D02 H337",01 6629279 19420,,,08-Apr-22,DUBLIN CITY,1.09,-6.253200707,53.33204202
53.351999999999997,-6.260157,3647,Other - Irish Family Planning Association,3647,"5-7 Cathal Brugha Street, Dublin 1, D01 F9K7",01 8727088 954943,01 8725734,,06-Apr-22,DUBLIN CITY,1.09,-6.260040806,53.35202053
53.358114999999998,-6.266489,1634,PMS Test Practice,1634,"58 Eccles Street, Dublin 7, D07 R652",01 8825606,01 8825606,,16-May-19,DUBLIN CITY,1.09,-6.266389515,53.35823659
53.338768000000002,-6.425636,5337,Other - GP Homecare - Dr Aziz,0,"58 Foxborough Road, Lucan, Co. Dublin, K78 AC67",713151,,,28-Apr-22,SOUTH DUBLIN,2.264,-6.425657334,53.33867047
53.372599000000001,-6.209371,1671,The Avenue Family Practice,1671,"59 Collins Avenue East, Dublin 5, D05 VE03",01 8336568 942292 087 2950641,01 8186222,,15-Apr-22,DUBLIN CITY,1.09,-6.209166676,53.3724899
53.456508999999997,-6.221171,2719,Other - Family Planning Clinic,2719,"59 Main Street, Swords, Co. Dublin, K67 T802",01 8407430 295367,01 8407430,,12-Apr-22,FINGAL,2.212,-6.220979765,53.45653815
53.310445999999999,-6.270023,5471,HSE - Lucena Clinic CAMHS,0,"59 Orwell Road, Dublin 6, D06 P9W4",01 4923596,,,28-Oct-20,DUBLIN CITY,1.09,-6.270095511,53.31026348
53.279611000000003,-6.364173,1626,Dr Ronan Donohoe,1626,"59a Old Bawn Way, Dublin 24, D24 RY77",01 4513386 724447 086 6289088,01 4597491,drpeterkeogh@msn.com,15-Apr-22,SOUTH DUBLIN,2.264,-6.364443094,53.27957812
53.291857999999998,-6.22925,1302,Goatstown Medical Centre,1302,"6 Drummartin Terrace, Dublin 14, D14 DY94",01 2986338 01 2984613 053844 087 2575627,01 2961160,rregan@iol.ie,08-Apr-22,DUN LAOGHAIRE/RATHDOWN,2.393,-6.229088945,53.29180231
53.320171000000002,-6.21422,4250,Dr Lisa Fay,4250,"6 Merrion Court, Merrion Road, Dublin 4, D04 DD58",01 6853100 510118 087 1217585,01 2101573,info@cosmeticdoctor.ie,27-Apr-22,DUBLIN CITY,1.09,-6.214596155,53.31993616
53.289876000000000,-6.243896,2326,Priority Medical Clinic,2326,"6 Pembroke Cottages, Main Street, Dundrum, Dublin 14, D14 A9W8",01 2916153 589336,01 2980572,,27-Apr-22,DUN LAOGHAIRE/RATHDOWN,2.393,-6.243779428,53.28977884
53.330016999999998,-6.285251,4241,Dr Andrew Low,4241,"6 Swanward Court, Parnell Road, Dublin 12, D12 A6Y2",894539,01 6961071,,27-Apr-22,DUBLIN CITY,1.09,-6.285541377,53.33006199
53.378331000000003,-6.380247,1189,Hazem Kahlout,1189,"62 Maple Drive, Dublin 15, D15 K29F",01 8278766 008196,014 8157188,kahlout@eircom.net,08-Apr-22,FINGAL,2.212,-6.380420854,53.37817277
53.378331000000003,-6.380247,1461,Dr Hassan Al Bayyari,1461,"62 Maple Drive, Dublin 15, D15 K29F",01 8206677 368344,01 8206689,,15-Apr-22,FINGAL,2.212,-6.380420854,53.37817277
53.327482000000003,-6.224879,2464,Other - Aesthetic Surgery Ireland,2464,"62 Merrion Road, Dublin 4, D04 W3P9",087 9722548 736921,,,12-Apr-22,DUBLIN CITY,1.09,-6.225221399,53.3272887
53.327482000000003,-6.224879,5364,Other - National Eating Disorders Recovery Centre,0,"62 Merrion Road, Dublin 4, D04 W3P9",01 5385278,,,24-Aug-21,DUBLIN CITY,1.09,-6.225221399,53.3272887
53.291141000000003,-6.171393,1343,Blackrock Medical Practice,1343,"62 Newtownpark Avenue, Blackrock, Co. Dublin, A94 DH59",01 2835747 416236 087 2563234,01 2835498,,11-Apr-22,DUN LAOGHAIRE/RATHDOWN,2.393,-6.17165362,53.29130057
53.362448999999998,-6.217209,2716,Henry Medical,2716,"63 Clontarf Road, Dublin 3, D03 R8P9",01 8338207  153100,01 8339260,,12-Apr-22,DUBLIN CITY,1.09,-6.217420837,53.36250597
53.334792999999998,-6.241873,1952,Dr P Harte,1952,"63 Haddington Road, Dublin 4, D04 T0X3",01 6681897 856759,01 6681997,,22-Apr-22,DUBLIN CITY,1.09,-6.241763377,53.33483169
53.332866000000003,-6.257222,5177,HSE - Workplace Health & Wellbieng,0,"63/64 Adelaide Road, Dublin 2, D02 FR50",087 7080882,,,25-Mar-20,DUBLIN CITY,1.09,-6.2571341,53.3329719
53.339083000000002,-6.302774,1400,Kilmainham Medical Centre,1400,"632 South Circular Road, Dublin 8, D08 HF80",01 4532432 806259 087 2486749,01 4532432,,12-Apr-22,DUBLIN CITY,1.09,-6.302813967,53.33893709
53.303725999999997,-6.367716,1801,Durkin & Daly - Tallaght,1801,"64 The Park, Kingswood Heights, Dublin 24, D24 F4WD",01 4516567 290614 087 2582034,01 4610823,,22-Apr-22,SOUTH DUBLIN,2.264,-6.367859764,53.30359357
53.381664000000001,-6.276519,1001,Cremore Clinic,1001,"66 Ballygall Road East, Dublin 11, D11 RX50",01 8344611 01 8344612 998527 123,01 8640255,,30-Mar-22,DUBLIN CITY,1.09,-6.2764356,53.3817627
53.352643999999998,-6.284636,1254,Stoneybatter Family Practice,1254,"66 Manor Street, Dublin 7, D07 R152",01 6793197 722269,01 6793197,,08-Apr-22,DUBLIN CITY,1.09,-6.284406515,53.35276498
53.327271000000003,-6.224565,1392,Ballsbridge Medical Centre,1392,"66 Merrion Road, Dublin 4, D04 N1W5",01 6600236 103594,01 6600769,,12-Apr-22,DUBLIN CITY,1.09,-6.224956183,53.3271002
53.296055000000003,-6.262042,3409,Churchtown Medical Centre,0,"67 Churchtown Road Upper, Dublin 14, D14 KR83",01 2983095  806464,,,26-Apr-22,DUN LAOGHAIRE/RATHDOWN,2.393,-6.261737567,53.29603674
53.274137000000003,-6.162297,1956,Dr Clement McCrory,1956,"67 Clonkeen Road, Deansgrange, Blackrock, Co. Dublin, A94 YC52",01 2894453  092218,01 2894458,,31-Mar-22,DUN LAOGHAIRE/RATHDOWN,2.393,-6.161878613,53.27421638
53.331755999999999,-6.237052,2134,Other - Well Woman Clinic Dublin,2134,"67 Pembroke Road, Dublin 4, D04 E6F4",01 6681108 849478 086 1584319,,,05-Apr-22,DUBLIN CITY,1.09,-6.237753063,53.33183515
53.356642000000001,-6.268166,1050,The Meridian Clinic Mountjoy,1050,"67/67a Mountjoy Street, Dublin 7, D07 NN50",01 8743017 379494,01 8749822,,07-Apr-22,DUBLIN CITY,1.09,-6.267952795,53.35663198
53.362276999999999,-6.195297,1175,Vernon Medical Centre,1175,"67/67a Vernon Avenue, Dublin 3, D03 N2H7",01 8532070 783321 086 389 7005,01 8532070,,08-Apr-22,DUBLIN CITY,1.09,-6.195279647,53.36244882
53.294057000000002,-6.155168,3941,Dr Declan Whelan,0,"68 Monkstown Road, Monkstown, Blackrock, Co. Dublin, A94 T276",01 2809255 01 7031338 967882,,,31-Mar-22,DUN LAOGHAIRE/RATHDOWN,2.393,-6.155282515,53.29383329
53.332641000000002,-6.239053,2465,Morris Clinic,2465,"68 Pembroke Road, Dublin 4, D04 A3T6",01 9012210 489285,,drvbmorris@icloud.com,11-Apr-22,DUBLIN CITY,1.09,-6.239109412,53.33244591
53.334885000000000,-6.245852,1262,Occupational Health Dept - Medmark,1262,"69 Baggot Street Lower, Dublin 2, D02 HW52",01 6761493 890555,01 6614787,niamh@medmark.ie,08-Apr-22,DUBLIN CITY,1.09,-6.24603616,53.33480755
53.299562000000002,-6.323702,4266,St Judes Family Practice,4266,"69a Orwell Park Rise, Dublin 6w, D6W AF86",01 4509057 676388,01 5328569,,27-Apr-22,SOUTH DUBLIN,2.264,-6.323992499,53.2995071
53.362327000000001,-6.205298,2108,Dr Ailish Leavy,0,"7 Castle Road, Dublin 3, D03 VX88",01 8332046 994383,,,27-Apr-22,DUBLIN CITY,1.09,-6.205560605,53.36234727
53.342202999999998,-6.257748,1837,Travel Health Clinic,1837,"7 Dawson Street, Dublin 2, D02 HX22",01 6334977 405384,,,22-Apr-22,DUBLIN CITY,1.09,-6.25796988,53.34222754
53.356814999999997,-6.450634,1352,The Medical Centre,1352,"7 Main Street, Lucan, Co. Dublin, K78 K072",01 6280654 01 6280894 678108 087 2403842,01 6219227,,11-Apr-22,SOUTH DUBLIN,2.264,-6.450436567,53.35676117
53.357720000000000,-6.265186,5316,Other - Safetynet Primary Care Assessment Hub,5316,"70 Eccles Street, Dublin 7, D07 A977",429793 0871523589,,,07-Apr-22,DUBLIN CITY,1.09,-6.265077587,53.35785248
53.331308000000000,-6.223474,2567,Dr Cahill Surgery,2567,"70 Serpentine Avenue, Dublin 4, D04 E067",01 6600533 111391,01 6602855,,28-Apr-22,DUBLIN CITY,1.09,-6.223343504,53.33125837
53.348084000000000,-6.260672,2272,Abbey Street Medical Centre,2272,"71 Abbey Street Middle, Dublin 1, D01 E7K5",01 8734975 193106,,,20-Apr-22,DUBLIN CITY,1.09,-6.260712966,53.34822557
53.296146000000000,-6.212413,1681,Mount Merrion Medical Clinic,1681,"71 Deerpark Road, Mount Merrion, Blackrock, Co. Dublin, A94 D087",01 2834110 608426 086 8183518,01 2835697,admin@mmmc.ie/,31-Mar-22,DUN LAOGHAIRE/RATHDOWN,2.393,-6.212415191,53.2962785
53.393247000000002,-6.285765,2350,Willow Park Medical Centre,2350,"72 Willow Park Crescent, Dublin 11, D11 X981",01 6946001 288291 01 6946002,,willowparkmedicalcentre.gp@healthmail.ie,27-Apr-22,DUBLIN CITY,1.09,-6.285854771,53.39325957
53.370471999999999,-6.485837,3280,Dr Gerard O'Flaherty,3280,"74 Newtown Park, Leixlip, Co. Kildare, W23 A376",062 46028 857312,062 47503,,26-Apr-22,KILDARE,1.567307692,-6.485837,53.370472
53.269477999999999,-6.223699,1355,The Surgery,1355,"76 Sandyford Village, Dublin 18, D18 X2X8",01 295 6744 715667 087 240 8426,01 294 0863,john@hastingssurgery.ie,11-Apr-22,DUN LAOGHAIRE/RATHDOWN,2.393,-6.223868119,53.26938759
53.347228000000001,-6.281873,2358,Dental & Medical Clinic Benburb Street,2358,"77 Benburb Street, Dublin 7, D07 E9DE",01 5384913 702988,,,27-Apr-22,DUBLIN CITY,1.09,-6.281762405,53.34721696
53.335374999999999,-6.265462,5304,SmartHealth,5304,"77 Camden Street Lower, Dublin 2, D02 XE80",706658 087 6213049,,,28-Apr-22,DUBLIN CITY,1.09,-6.265487465,53.33547705
53.335374999999999,-6.265462,5540,Dr Online,5540,"77 Camden Street Lower, Dublin 2, D02 XE80",929439 0838507234,,,28-Apr-22,DUBLIN CITY,1.09,-6.265487465,53.33547705
53.389930999999997,-6.22983,1043,Beaumont Park Clinic,1043,"77 The Park, Beaumont Woods, Dublin 9, D09 T974",01 8378158 020648,01 8378930,beaumontparkclinic@eircom.net,07-Apr-22,DUBLIN CITY,1.09,-6.230115999,53.390266
53.338723000000002,-6.251465,1158,Fitzwilliam Medical Centre,1158,"79 Fitzwilliam Lane, Dublin 2, D02 V567",01 6785100 031989 087 6787531,01 6785300,info@fitzmedical.com,08-Apr-22,DUBLIN CITY,1.09,-6.251628716,53.33853623
53.299675999999998,-6.308431,1157,Cypress Clinic,1157,"8 Cypress Park, Templeogue, Dublin 6W, D6W YY63",01 4903095 779188 086 2229219,01 4927628,,08-Apr-22,SOUTH DUBLIN,2.264,-6.308542361,53.29954583
53.336675000000000,-6.452609,5420,Other - Text a Doc,5420,"8 Hansted Road, Lucan, Co. Dublin, K78 DE72",086 0146369 985916,,,12-Apr-22,SOUTH DUBLIN,2.264,-6.452473019,53.33667134
53.367942999999997,-6.226615,1222,Dr John Blennerhassett,1222,"80a Malahide Road, Dublin 3, D03 HK53",01 8336977 323701,01 8530071,,08-Apr-22,DUBLIN CITY,1.09,-6.226879142,53.36809573
53.290534999999998,-6.131597,1531,Other - Womens Health Clinic,1531,"81 George's Street Upper, Dun Laoghaire, Co. Dublin, A96 AT10",01 2300556 193489,01 2303535,,15-Apr-22,DUN LAOGHAIRE/RATHDOWN,2.393,-6.131736248,53.29041211
53.351089000000002,-6.454768,3265,Dr Panos Harris,3265,"84a Hillcrest Park, Hillcrest, Lucan, Co. Dublin, K78 CD58",01 6280652 041162,01 6246193,,26-Apr-22,SOUTH DUBLIN,2.264,-6.454992546,53.35117642
53.310378000000000,-6.282605,1823,Terenure Medical,1823,"84a Terenure Road East, Dublin 6, D06 W5A2",01 4907077 782096 086 8341546,01 4929780,,22-Apr-22,DUBLIN CITY,1.09,-6.28276161,53.3104034
53.366030000000002,-6.213633,5311,other - Dr Lee Motherway - St Lawrence Road,5311,"87 Saint Lawrence Road, Dublin 3, D03 Y403",150642,,,07-Apr-22,DUBLIN CITY,1.09,-6.213948967,53.36608618
53.304282000000001,-6.198859,2571,Dr. Patrick Coughlan,2571,"87a Booterstown Avenue, Booterstown, Blackrock, Co. Dublin, A94 RR71",01 2831688 159164,01 2832347,,11-Apr-22,DUN LAOGHAIRE/RATHDOWN,2.393,-6.198867549,53.30424061
53.324568999999997,-6.25268,1715,Dr. D. Freedman,1715,"88 Ranelagh, Dublin 6, D06 Y2W6",01 4978327 01 4975826 932279,01 4960915,,15-Apr-22,DUBLIN CITY,1.09,-6.252545137,53.32452386
53.349342999999998,-6.270177,5161,Liffey Medical,5161,"8a Little Britain Street, Dublin 7, D07 NY18",01 8656969 255101,,,27-Apr-22,DUBLIN CITY,1.09,-6.270117966,53.34925417
53.459201999999998,-6.220934,2395,Castle Medical Centre,2395,"9 Bridge Street, Swords, Co. Dublin, K67 KX63",01 5592525 158396 087 9586153,01 5592529,,11-Apr-22,FINGAL,2.212,-6.220939403,53.45927898
53.319465999999998,-6.235139,2321,General Practice,0,"9 Eglinton Square, Donnybrook, Dublin 4, D04 T9R0",01  2693798,2693798,,23-Mar-20,DUBLIN CITY,1.09,-6.235201244,53.3195542
53.339322000000003,-6.4334,2334,GP HomeCare (Lucan Family Doctor),2334,"9 Oldbridge Walk, Lucan, Co. Dublin, K78 HC94",01 5221517 930404 087 2886170,01 4582209,,27-Apr-22,SOUTH DUBLIN,2.264,-6.433339354,53.3392056
53.311096999999997,-6.282759,3283,Terenure General Medical Clinic,3283,"9 Rathmore Villas, Dublin 6w, D6W HF84",01 4909722 279459 086 4081615,,,26-Apr-22,DUBLIN CITY,1.09,-6.282757715,53.31119419
53.356262999999998,-6.252077,3995,Other - Safetynet - Summerhill,3995,"90-92 Summerhill, Dublin 1, D01 HN35",0876520225 681214 0876520225,,info@primarycaresafetynet.ie,27-Apr-22,DUBLIN CITY,1.09,-6.251917431,53.35632556
53.454900000000002,-6.222355,1676,Primehealth Medical Centre,1676,"91 Main Street, Swords, Co. Dublin, K67 F6P8",01 8408500 535920 087 6382083,01 8084692,,15-Apr-22,FINGAL,2.212,-6.222633445,53.45501134
53.291246000000001,-6.133088,3833,Other - Tropical Medical Bureau,0,"94 George's Street Upper, Dun Laoghaire, Co. Dublin, A96 V2V5",01 2715200 918969,,,06-Apr-22,DUN LAOGHAIRE/RATHDOWN,2.393,-6.133335439,53.29134601
53.341118000000002,-6.251144,5193,Other - GP24 Doctor on duty,5193,"95 Merrion Square West, Dublin 2, D02 KT67",01 5180808 458090,,,27-Apr-22,DUBLIN CITY,1.09,-6.251013049,53.34126041
53.324148000000001,-6.240116,2240,D4 Medical Centre,2240,"95a Morehampton Road, Dublin 4, D04 N903",01 6674984 362793,,,27-Apr-22,DUBLIN CITY,1.09,-6.239920608,53.32423393
53.288750999999998,-6.214382,2095,Dr Patrick Feeney,2095,"96 Lower Kilmacud Road, Stillorgan, Co. Dublin, A94 X5X5",01 2885851 796994,01 2836313,,31-Mar-22,DUN LAOGHAIRE/RATHDOWN,2.393,-6.214426888,53.28894366
53.295124000000001,-6.259,1335,Centric Health - Churchtown Medical,1335,"96/98 Churchtown Road Upper, Dublin 14, D14 EW68",01 2988945 182858 087 2547289,01 2960549,,08-Apr-22,DUN LAOGHAIRE/RATHDOWN,2.393,-6.259105199,53.2953005
53.369168999999999,-6.269133,1183,Botanic Road Surgery,1183,"97 Botanic Road, Dublin 9, D09 E361",01 8304861 048253,01 8304861,,08-Apr-22,DUBLIN CITY,1.09,-6.269372101,53.36922567
53.298516999999997,-6.234838,5088,Other - Aislinn,0,"98 Goatstown Road, Dublin 14, D14 PK35",087 1235144,,,29-Sep-20,DUN LAOGHAIRE/RATHDOWN,2.393,-6.234303611,53.29848504
53.319958999999997,-6.383724,1668,Hans Weber,1668,"98 Monastery Road, Dublin 22, D22 V2F6",01 4592831 846514 086 395 1099,01 4111585,bismillaweber@eircom.net,15-Apr-22,SOUTH DUBLIN,2.264,-6.383406889,53.31991621
53.312584000000001,-6.273979,5476,Rathgar Village Medical Centre,5476,"99b Rathgar Road, Dublin 6, D06 P6X6",239842 0830998646,,,28-Apr-22,DUBLIN CITY,1.09,-6.273761389,53.31252371
53.347911000000003,-6.262618,5512,Other - Ana Liffey Drug Project,5512,"Ana Liffey Drug Project, 51 Abbey Street Middle, Dublin 1, D01 N2W1",01 8786899 5512,,,28-Apr-22,DUBLIN CITY,1.09,-6.262651188,53.34801747
53.284100000000002,-6.11064,2366,Dr Davina Healy,2366,"Anchorage, 7 Castle Close, Sandycove, Co. Dublin, A96 HW56",157450,01 2845237,,27-Apr-22,DUN LAOGHAIRE/RATHDOWN,2.393,-6.110881424,53.28400183
53.332779000000002,-6.265116,1870,Dr Brady's Surgery,1870,"Apartment 2, 12 Camden Street Upper, Dublin 2, D02 A270",01 4756300 359540,01 4757833,,22-Apr-22,DUBLIN CITY,1.09,-6.26490715,53.33279677
53.296692000000000,-6.159598,3953,Dr Conway Surgery,0,"Apartment 4 Seafield House, Seafield Avenue, Blackrock, Co. Dublin, A94 R0K4",01 9010176 249964,,,31-Mar-22,DUN LAOGHAIRE/RATHDOWN,2.393,-6.159327791,53.29664921
53.288839000000003,-6.37437,5533,other - Eirdoc Ltd.,5533,"Apartment 49, Alexander House, Belgard Square North, Dublin 24, D24 AEW4",933214,,,06-Apr-22,SOUTH DUBLIN,2.264,-6.37421293,53.28886422
53.356524000000000,-6.260793,4149,Occupational Health Dept - IMPACT Trade Union,4149,"ÁRas Eamonn Ceannt, Nerney's Court, Dublin 1, D01 R2C5",01 8171501 034096,,,27-Apr-22,DUBLIN CITY,1.09,-6.261024119,53.3564139
53.363239999999998,-6.302354,1341,Centric Health - Navan Road,1341,"Aras Slainte, Navan Road, Dublin 7, D07 K229",01 8683052 487519 086 248 1388,01 8680279,,11-Apr-22,DUBLIN CITY,1.09,-6.302530468,53.36332086
53.349955000000001,-6.287838,3699,DOJ - Arbour Hill Prison Medical Centre,3699,"Arbour Hill, Dublin 7, D07 YV40",01 472 4000 912974,,,27-Apr-22,DUBLIN CITY,1.09,-6.287878158,53.34953792
53.353971999999999,-6.455994,5556,"Nursing Home - Lucan Lodge Nursing Home,",0,"Ardeevin Drive, Lucan, Co. Dublin, K78 Y192",689395,,,05-Apr-22,SOUTH DUBLIN,2.264,-6.456211655,53.35442041
53.355550999999998,-6.454201,4152,DF Medical Centre,4152,"Ardfield House, Lower Main Street, Lucan, Co. Dublin, K78 V8W6",065 15206 386232,062 83578,d.f.medicalltd@gmail.com,27-Apr-22,SOUTH DUBLIN,2.264,-6.454279124,53.35568241
53.277310000000000,-6.208216,5514,Other -Salesforce.com,0,"Atrium Building, Blackthorn Road, Sandyford Business Park, Dublin 18, D18 F5X2",,,,17-Dec-20,DUN LAOGHAIRE/RATHDOWN,2.393,-6.208896255,53.27754751
53.378349999999998,-6.358393,1136,Castleknock Medical Centre,1136,"Auburn Drive, Dublin 15, D15 WYH9",01 8217548 278186 086 2552769,01 8205586,,08-Apr-22,FINGAL,2.212,-6.358551305,53.3783496
53.338444000000003,-6.266601,1793,Student Health - TU Dublin,1793,"Aungier Street, Dublin 2, D02 HW71",01 4023051 945606,01 4023066,,22-Apr-22,DUBLIN CITY,1.09,-6.266582761,53.33836154
53.297082000000003,-6.185188,2574,Dr. Marian Mcwade,2574,"Avoca Cottage, 12 Avoca Avenue, Blackrock, Co. Dublin, A94 EV56",01 2834484 519272,01 2833527,,11-Apr-22,DUN LAOGHAIRE/RATHDOWN,2.393,-6.184998734,53.2969078
53.275728999999998,-6.366323,1164,Aylesbury Clinic,1164,"Aylesbury Shopping Centre, Tallaght, Dublin 24, D24 PTK3",01 4521907 985572 087 2590022,01 4524402,dr jordan - greenleaclinic@eircom.net,08-Apr-22,SOUTH DUBLIN,2.264,-6.366325137,53.27560487
53.342244000000001,-6.272911,5048,Hostel - De Paul Night Shelter,0,"Back Lane, Dublin 8, D08 WD25",01 4542181 858951,01 6165597,,27-Apr-22,DUBLIN CITY,1.09,-6.272798813,53.34234539
53.286065000000001,-6.236397,5160,Centric Virtual Clinic,5160,"Balally Primary Care Centre, Rockfield Medical Campus, Overend Way, Dublin 16, D16 A6K5",01 2993500 068824,,,27-Apr-22,DUN LAOGHAIRE/RATHDOWN,2.393,-6.236441404,53.28603803
53.310088000000000,-6.444259,3821,Defence Forces - Casement Aerodrome,0,"Baldonnell, Dublin 22, D22 X2Y4",01 4037533 01 4037561 862330,,,31-Mar-22,SOUTH DUBLIN,2.264,-6.443933804,53.31010523
53.285912000000003,-6.246971,2005,Hospital - Simpson's Hospital,2005,"Ballinteer Road, Dublin 16, D16 P732",01 2984322 142975,,,05-Apr-22,DUN LAOGHAIRE/RATHDOWN,2.393,-6.246900818,53.28580297
53.343218999999998,-6.371662,5343,HSE - Dublin West/South West Rehabilitation Mental Health,0,"Ballyfermot & Palmerstown Primary Care & Mental Health Ctr, Ballyfermot Road, Dublin 10, D10 C973",01 7956105,,,17-Jun-20,DUBLIN CITY,1.09,-6.37151243,53.34310424
53.343218999999998,-6.371662,1999,HSE - Addiction Services GP,1999,"Ballyfermot & Palmerstown Primary Care Centre, Ballyfermot Road, Dublin 10, D10 C973",076 6956213 729596,076 6956196,info@casp.ie,26-Apr-22,DUBLIN CITY,1.09,-6.37151243,53.34310424
53.343218999999998,-6.371662,1374,Dr C O'Cathain,1374,"Ballyfermot & Palmerstown Primary Care Ctr, Ballyfermot Road, Dublin 10, D10 C973",076 6956010 076 6956012 933771,076 6956193,,12-Apr-22,DUBLIN CITY,1.09,-6.37151243,53.34310424
53.342413999999998,-6.352917,2146,Ballyfermot Family Practice,2146,"Ballyfermot Road, Dublin 10, D10 CK40",01 6266238 930022 086 8578318,01 6263885,,27-Apr-22,DUBLIN CITY,1.09,-6.352935749,53.34232576
53.395404999999997,-6.263415,1327,Ballymun GP,1327,"Ballymun Civic Centre, Main Street, Ballymun, Dublin 9, D09 C8P5",01 960 9444 439242 086 1111111,01 8467500,ballymunfamilypractice@eircom.net,08-Apr-22,DUBLIN CITY,1.09,-6.263876333,53.39558333
53.379961000000002,-6.266751,3709,Other - St Michael's House Special National School,0,"Ballymun Road, Dublin 9, D09 R297",01 8840200 617398,,,06-Apr-22,DUBLIN CITY,1.09,-6.266696996,53.37976852
53.348697999999999,-6.423391,1518,Ballyowen Lane Medical Centric Health,1518,"Ballyowen Castle Centre, Ballyowen Lane, Lucan, Co. Dublin, K78 X6V9",01 6214224 859309 087 7496759,01 6214327,info@ballyowenmedical.ie,15-Apr-22,SOUTH DUBLIN,2.264,-6.423276663,53.34887008
53.345134999999999,-6.264178,5458,HSE - Covid Response Vulnerable People,0,"Barnacles Temple Bar House, 19 Temple Lane South, Dublin 2, D02 Y223",0872992508 0872778912,,,25-Sep-20,DUBLIN CITY,1.09,-6.26429431,53.34513341
53.337293000000003,-6.234005,3446,Bath Avenue surgery,3446,"Bath Avenue Medical Centre, 4/6 Bath Avenue, Dublin 4, D04 V8N8",01 6600317 080505 087 6781233,01 9081498,,26-Apr-22,DUBLIN CITY,1.09,-6.23398979,53.33717523
53.388480999999999,-6.140469,5077,Bayside Medical Centre,1045,"Bayside Shopping Centre, Bayside Square East, Dublin 13, D13 W2K1",01 8391801 632018,,baysidemedicalcentre@gmail.com,27-Apr-22,FINGAL,2.212,-6.140302907,53.38852828
53.275294000000002,-6.219661,5467,Other - Progressive Vision,0,"Beacon Consultants Clinic, Beacon Court, Sandyford Business Park, Dublin 18, D18 E7P4",01 2135652 805887,,,07-Apr-22,DUN LAOGHAIRE/RATHDOWN,2.393,-6.220517506,53.2750786
53.275294000000002,-6.219661,4059,Beacon Clinic,0,"Beacon Court, Sandyford Business Park, Dublin 18, D18 E7P4",01 2993570 805887,01 2993571,,27-Apr-22,DUN LAOGHAIRE/RATHDOWN,2.393,-6.220517506,53.2750786
53.389200000000002,-6.22442,5341,HSE - The Ashlin Centre,0,"Beaumont Hospital, Beaumont Road, Dublin 9, D09 A0KH",01 7977248,,,17-Jun-20,DUBLIN CITY,1.09,-6.224341392,53.38919681
53.389200000000002,-6.22442,5345,HSE - Ashlin Centre Psychiatry of Old Age,0,"Beaumont Hospital, Beaumont Road, Dublin 9, D09 A0KH",01 7977200 270043,,,05-Apr-22,DUBLIN CITY,1.09,-6.224341392,53.38919681
53.390602000000001,-6.223527,5196,HSE - Occupational Health Beaumont,0,"Beaumont Hospital, Beaumont Road, Dublin 9, D09 V2N0",434872,,,01-Apr-22,DUBLIN CITY,1.09,-6.2233131,53.3904257
53.390228000000000,-6.216126,5490,Nursing Home - Beaumont Lodge Residential Home,0,"Beaumont Lodge, Kilmore Road, Dublin 5, D05 X038",01563290 506036,,,07-Apr-22,DUBLIN CITY,1.09,-6.215166053,53.39024316
53.260952000000003,-6.221064,2115,Belarmine Medical Centre,2115,"Belarmine Plaza, Belarmine Avenue, Stepaside, Dublin 18, D18 W5W9",01 2950815 321660 087 9484021,01 2950820,,27-Apr-22,DUN LAOGHAIRE/RATHDOWN,2.393,-6.221065526,53.26087639
53.350783000000000,-6.350766,1260,Chapelizod Medical Centre,1260,"Belgrove Park, Dublin 20, D20 KH70",01 6264678 918372,01 6264194,chapmedcentre@eircom.net,08-Apr-22,DUBLIN CITY,1.09,-6.350973001,53.35084829
53.371262999999999,-6.254859,2397,Student Health Service- DCU,0,"Belvidere House, DCU Saint Patrick's Campus, Drumcondra Road Upper, Dublin 9, D09 DW93",01 8842239 139944,,,11-Apr-22,DUBLIN CITY,1.09,-6.254645752,53.37123261
53.388784999999999,-6.284157,2486,Nursing Home - Beneavin Manor,2486,"Beneavin Road, Dublin 11, D11 HA25",01 9123010,,cnmelms@firstcare.ie,25-Feb-22,DUBLIN CITY,1.09,-6.283722782,53.38870968
53.372574999999998,-6.062177,3877,Dr W Fraser,0,"Benedin, Windgate Rise, Howth, Co. Dublin, D13 YV00",01 8325129 841168,,,27-Apr-22,FINGAL,2.212,-6.062263016,53.37269343
53.391016000000000,-6.393669,1507,Kirkfield Clinic,1507,"Blanchardstown Primary Care Centre, 2nd/3rd Floor Block 3, Grove Road, Dublin 15, D15 HNT2",01 8215719 386324 087 2527481,01 8215719,,15-Apr-22,FINGAL,2.212,-6.394038279,53.39079839
53.405482999999997,-6.378686,3751,Student Health - Institute Of Technology Blanchardstown,3751,"Blanchardstown Road North, Dublin 15, D15 YV78",01 8851105  948676,,,27-Apr-22,FINGAL,2.212,-6.379010983,53.4056154
53.290460000000003,-6.363401,4122,Student Health - Institute Of Technology Tallaght,4122,"Blessington Road, Dublin 24, D24 FKT9",01 4042613 086 8773668,01 4524935,,06-May-20,SOUTH DUBLIN,2.264,-6.36388133,53.29042341
53.298538999999998,-6.178553,5367,Other - My Best Weight,5367,"Block 4 The Arch, Blackrock Business Park, Blackrock, Co. Dublin, A94 A0D0",01 2784423 563749,,,28-Apr-22,DUN LAOGHAIRE/RATHDOWN,2.393,-6.178595275,53.2984781
53.446767999999999,-6.23783,1251,Centric Health - Boroimhe Medical Centre,1251,"Boroimhe Shopping Centre, Boroimhe, Swords, Co. Dublin, K67 E9K0",01 8406423 136233,01 8402506,info@boroimhemedical.ie,08-Apr-22,FINGAL,2.212,-6.237980176,53.44689894
53.304600000000001,-6.265559,2404,HSE -  Mount Carmel Community Hospital,2404,"Braemor Park, Dublin 14, D14 A5R2",01 491800 216058,,,05-Apr-22,DUN LAOGHAIRE/RATHDOWN,2.393,-6.265699469,53.30483125
53.288376000000000,-6.404396,1161,Parkhouse Family Practice,1161,"Brookfield Health Centre, Brookfield Road, Dublin 24, D24 DY91",01 4599911 458168 087 2767557,01 4590200,parkhousefamilypractice@iolfree.ie,08-Apr-22,SOUTH DUBLIN,2.264,-6.404238051,53.28827003
53.396237999999997,-6.131191,1884,Breda Synnott,1884,"Brookstone Road, Dublin 13, D13 HD36",01 832 3399 069159,01 832 4963,,22-Apr-22,FINGAL,2.212,-6.131317271,53.39608699
53.403547000000003,-6.257918,5126,Other - Affidea ExpressCare - Northwood,0,"Building 1 Swift Square, Northwood Park, Northwood, Dublin 9, D09 A0E4",01 866 9807 063010,01 862 7334,,07-Apr-22,FINGAL,2.212,-6.258436144,53.40345995
53.269961000000002,-6.204654,5509,Central Park Medical,5509,"Building 8 Vantage West, Central Park, Dublin 18, D18 K5FV",01254699 661186 0838446226,,info@centralparkmedical.ie,28-Apr-22,DUN LAOGHAIRE/RATHDOWN,2.393,-6.204173501,53.2699426
53.277130999999997,-6.128099,1324,Dr Richard Fitzpatrick,1324,"Burmet, 196 Glenageary Road Upper, Glenageary, Co. Dublin, A96 FE09",01 2854709 589077,01 2854709,,08-Apr-22,DUN LAOGHAIRE/RATHDOWN,2.393,-6.127912515,53.27735325
53.272514999999999,-6.206501,5605,ADAPT Adult ADHD Service CHO6,5605,"Burton Hall Campus, Burton Hall Drive, Sandyford Business Park, Dublin 18, D18 AK74",01 2791750,,,08-Apr-22,DUN LAOGHAIRE/RATHDOWN,2.393,-6.206266934,53.27263115
53.270569000000002,-6.155385,5392,CovidAss - Cabinteely PCC,0,"Cabinteely Primary Care Centre, Meadow Vale, Blackrock, Co. Dublin, A94 XW82",,,,17-Apr-20,DUN LAOGHAIRE/RATHDOWN,2.393,-6.155612503,53.27046405
53.364570000000001,-6.288947,5410,CovidAss - Cabra,0,"Cabra Health Centre, 200 Quarry Road, Dublin 7, D07 X984",,,,17-Apr-20,DUBLIN CITY,1.09,-6.288654552,53.36449443
53.325929000000002,-6.208117,1319,Dr Stephen Gately,1319,"Cameo, 119 Strand Road, Dublin 4, D04 X4K6",01 8680325 525112 087 2571782,01 8680763,,08-Apr-22,DUBLIN CITY,1.09,-6.208068074,53.32583235
53.349060999999999,-6.275985,2459,Other - Safetynet Capuchin Day Centre,2459,"Capuchin Day Centre, 20-28 Bow Street, Dublin 7, D07 WY43",01 8720770 351223,,,05-Apr-22,DUBLIN CITY,1.09,-6.276079234,53.34908142
53.288035999999998,-6.375678,5326,Nursing Home - Tymon North Community Unit,5326,"Carbury House, Tallaght Cross West, Dublin 24, D24 FKT7",01 7958500 778020,,,07-Apr-22,SOUTH DUBLIN,2.264,-6.375745802,53.2882041
53.382049000000002,-6.292085,2455,Nursing Home - CareChoice Finglas,0,"Carechoice Finglas, Finglas Road, Dublin 11, D11 X4YP",01 8800900 851204,,,31-Mar-22,DUBLIN CITY,1.09,-6.291863555,53.3821743
53.459079000000003,-6.222406,5111,Nursing Home - Carechoice Nursing home,0,"Carechoice Nursing Home, Bridge Street, Swords, Co. Dublin, K67 F5D0",01 2233880 680514,01 8403972,magdalena.lochowska@carechoice.ie,31-Mar-22,FINGAL,2.212,-6.222520451,53.45927371
53.372557000000000,-6.389783,1212,Parks Medical Centre,1212,"Carpenterstown Road, Dublin 15, D15 W8KK",01 8203303 546117 086 252 1921,01 8200272,theparksmedicalcentre@eircom.net,08-Apr-22,FINGAL,2.212,-6.389549811,53.37262001
53.291955999999999,-6.151704,1447,Beechlawn Medical Centre,1447,"Carrickbrennan Road, Monkstown, Co. Dublin, A94 NX03",01 2805414 031903 086 1788158,01 2806889,,31-Mar-22,DUN LAOGHAIRE/RATHDOWN,2.393,-6.151432134,53.29200218
53.458951999999996,-6.221718,1081,Swords Family Practice,1081,"Castle Shopping Centre, Bridge Street, Swords, Co. Dublin, K67 Y7C1",01 8405410 01 8405414 437699,01 8138764,pinmed@eircom.net,07-Apr-22,FINGAL,2.212,-6.221465187,53.4589017
53.358141000000003,-6.267505,2469,Other - SafetyNet Primary Care Helix Unit,0,"Catherine McAuley Building, 21 Nelson Street, Dublin 7, D07 KX5K",087 3559722 301631,,info@primarycaresafetynet.ie,05-Apr-22,DUBLIN CITY,1.09,-6.267328354,53.35809389
53.358893999999999,-6.444242,1708,Chapel Hill Medical Centre,1708,"Chapel Hill, Lucan, Co. Dublin, K78 A9N9",085 7774117 116211,,,15-Apr-22,SOUTH DUBLIN,2.264,-6.4442523,53.35901868
53.404198999999998,-6.30314,2331,Charlestown Medical Centre,2331,"Charlestown Centre, Saint Margaret's Road, Dublin 11, D11 KXC7",01 5079190 552002,,,27-Apr-22,FINGAL,2.212,-6.3031689,53.4039206
53.294246000000001,-6.314331,1955,HSE - Primary Care Cheeverstown,1955,"Cheeverstown Centre, Templeogue Road, Dublin 6w, D6W RT92",01 4904681 163918,,,05-Apr-22,SOUTH DUBLIN,2.264,-6.31399678,53.29435125
53.343457999999998,-6.378293,5396,CovidAss - Cherry Orchard,0,"Cherry Orchard Hospital, Ballyfermot Road, Dublin 10, D10 Y821",,,,17-Apr-20,DUBLIN CITY,1.09,-6.37819625,53.34384433
53.243912000000002,-6.140083,2437,MyMedical - Cherrywood,2437,"Cherrywood Business Park, Bray Road, Loughlinstown, Co. Dublin, D18 T8Y6",01 4370097 986845,01 2728980,bookings@mymedical.ie,11-Apr-22,DUN LAOGHAIRE/RATHDOWN,2.393,-6.140045009,53.2437725
53.326036999999999,-6.318609,5187,HSE - Occupational Health Crumlin,0,"Children's Hospital Crumlin, Dublin 12, D12 N512",928067,,,01-Apr-22,DUBLIN CITY,1.09,-6.319547599,53.3260739
53.286228000000001,-6.443991,5282,CovidIsol - Citywest,5282,"Citywest Hotel Convention Centre, Garters Lane, Saggart, Co. Dublin, D24 A38Y",01 4010500 046785,,,27-Apr-22,SOUTH DUBLIN,2.264,-6.444870799,53.2857469
53.286059999999999,-6.446599,5257,CovidTest - City West Hotel,0,"Citywest Hotel, Garters Lane, Saggart, Co. Dublin, D24 KF8A",,,,24-Mar-20,SOUTH DUBLIN,2.264,-6.446149128,53.28578963
53.282511000000000,-6.422994,2803,Centric Health City West Medical,2803,"Citywest Shopping Centre, Fortunes Walk, Saggart, Co. Dublin, D24 K0YT",01 4693630 649474,01 6293041,,19-Apr-22,SOUTH DUBLIN,2.264,-6.423220432,53.28257168
53.337712000000003,-6.248654,1725,Clifton Court Clinic,1725,"Clifton Court, Fitzwilliam Street Lower, Dublin 2, D02 V279",01 6612222 343891 087 2641388,01 6623443,,15-Apr-22,DUBLIN CITY,1.09,-6.248840275,53.33753927
53.436760000000000,-6.225517,5227,CovidTest - National Show Centre,0,"Cloghran, Swords, Co. Dublin, K67 VF43",,,,24-Mar-20,FINGAL,2.212,-6.225495487,53.43651815
53.410525000000000,-6.439767,2746,Clonee Medical Centre,2746,"Cloncourt, Main Street, Clonee, Co. Meath, D15 WE54",01 8013868 105147,,,19-Apr-22,MEATH,2.034,-6.438008787,53.41173654
53.345317999999999,-6.408072,5596,CASP Clondalkin Addiction Support Programme,5596,"Clondalkin Addiction Support Programme, Muriel Boothman Centre, Fonthill Road, Dublin 22, D22 P959",016166750 310787,,,28-Apr-22,SOUTH DUBLIN,2.264,-6.408097289,53.34512816
53.315587000000001,-6.238712,5261,CovidTest - Clonskeagh Hospital,0,"Clonskeagh Hospital, Clonskeagh Road, Dublin 6, D06 V406",087 2343935,,,24-Mar-20,DUBLIN CITY,1.09,-6.239302241,53.31572202
53.341881999999998,-6.383839,2302,DOJ -  Cloverhill Remand Prison Medical Centre,2302,"Cloverhill Road, Dublin 22, D22 WC84",01 6304531  687292,,,05-Apr-22,DUBLIN CITY,1.09,-6.3843871,53.342699
53.340631000000002,-6.382056,3683,DOJ - Wheatfield Prison Medical Centre,3683,"Cloverhill Road, Dublin 22, D22 Y2V5",01 620 9400 081434,,,06-Apr-22,DUBLIN CITY,1.09,-6.3836386,53.3404715
53.381898999999997,-6.205355,1015,Dr Angela Parvu,1015,"Colemore House, 48 Saint Brigid's Road, Dublin 5, D05 Y7P0",01 8512616 082172,01 832818,,26-Apr-22,DUBLIN CITY,1.09,-6.205515257,53.38194089
53.388568999999997,-6.368143,5173,HSE - Occupational Health Connolly Hospital,0,"Connolly Hospital, Mill Road, Dublin 15, D15 X40D",01 6465220 085975,,,01-Apr-22,FINGAL,2.212,-6.3676459,53.3884466
53.383104000000003,-6.40014,3783,Other - Daughters Of Charity Service,0,"Coolmine Business Centre, Porters Avenue, Coolmine Industrial Estate, Dublin 15, D15 XR40",01 8223801,01 8223804,,12-Sep-18,FINGAL,2.212,-6.400610058,53.38314615
53.395674000000000,-6.216785,1237,Cromcastle General Practice,1237,"Coolock Primary Care Centre, Cromcastle Road, Dublin 5, D05 V026",01 8484848 123332 086 2478944,01 8164216,delapdrj@eircom.net,08-Apr-22,DUBLIN CITY,1.09,-6.217200247,53.39532725
53.395674000000000,-6.216785,1241,Coolock Family Practice,1241,"Coolock Primary Care Centre, Cromcastle Road, Dublin 5, D05 V026",01 8160366 160009 086 8179361,01 8476976,delapdrj@eircom.net,07-Apr-22,DUBLIN CITY,1.09,-6.217200247,53.39532725
53.395674000000000,-6.216785,5100,HSE - Coolock Primary Care Centre,0,"Coolock Primary Care Centre, Cromcastle Road, Dublin 5, D05 V026",01 9214440 781457,,,07-Apr-22,DUBLIN CITY,1.09,-6.217200247,53.39532725
53.399251000000000,-6.373721,1080,Brookhaven Medical Centre,1080,"Corduff Primary Care Centre, Blackcourt Road, Dublin 15, D15 T9NH",076 6956708 920276 087 6481510,076 6956711,,07-Apr-22,FINGAL,2.212,-6.373549822,53.3994592
53.459077999999998,-6.219122,3861,Occupational Health Dept - Fingal County Council,0,"County Hall, Main Street, Swords, Co. Dublin, K67 X8Y2",01 8905000  155166,,,27-Apr-22,FINGAL,2.212,-6.219289608,53.45913199
53.329315999999999,-6.32037,5443,Curlew Road Addiction Clinic,5443,"Curlew Road Health Centre, Curlew Road, Dublin 12, D12 KF85",01 7957482 087 2778912 639178,,,28-Apr-22,DUBLIN CITY,1.09,-6.320610163,53.32914643
53.401479999999999,-6.194292,2733,Darndale Health Centre,2733,"Darndale Belcamp Village Centre, Dublin 17, D17 X050",01 8477702 766928,01 8771580,,19-Apr-22,DUBLIN CITY,1.09,-6.19509626,53.40127147
53.370547999999999,-6.323474,5302,Other -  Daughters of Charity,0,"Daughters Of Charity, 23 Ashtown Grove, Navan Road, Dublin 7, D07 E4EK",01 8245415,,,20-Apr-20,DUBLIN CITY,1.09,-6.323586858,53.37041144
53.314808999999997,-6.234963,1363,Ailesbury Clinic,1363,"David Lloyd River View, Beech Hill Road, Dublin 4, D04 AF10",01 2692255 303260 086 2787467,01 2692250,ailesburyclinic@eircom.net,12-Apr-22,DUBLIN CITY,1.09,-6.235121799,53.31427708
53.369570000000003,-6.326663,4031,Other - Daughters of Charity Medical Clinic,0,"Development Educational Centre, Saint Vincents Centre, Navan Road, Dublin 7, D07 HE08",01 8245300,01 8383446,,06-May-20,DUBLIN CITY,1.09,-6.327394739,53.36966286
53.360894999999999,-6.268375,3955,HSE - Health Care Unit Dochas Centre,3955,"Dóchas Centre, Mountjoy Prison, North Circular Road, Dublin 7, D07 KTC1",01 8858975 269979,,,06-Apr-22,DUBLIN CITY,1.09,-6.267911399,53.3611724
53.334831999999999,-6.288512,5201,HSE - Occupational Health Dept Coombe,0,"Dolphin's Barn Street, Dublin 8, D08 XW7X",169033,,,01-Apr-22,DUBLIN CITY,1.09,-6.288798499,53.3349265
53.389353000000000,-6.299265,1417,Dr Desmond Day,1417,"Dr. Desmond Day, 63 Main Street, Dublin 11, D11 PDR3",01 8341299 916606,01 8341299,,12-Apr-22,DUBLIN CITY,1.09,-6.299415494,53.38923415
53.345174000000000,-6.292143,2298,HSE - Occupational Health Dept,2298,"Dr. Steeven's Hospital, Steeven's Lane, Dublin 8, D08 W2A8",01 6352789 775791,,,05-Apr-22,DUBLIN CITY,1.09,-6.292110549,53.34495862
53.345174000000000,-6.292143,5150,Covid 19 CRM,5150,"Dr. Steeven's Hospital, Steeven's Lane, Dublin 8, D08 W2A8",,,,10-Feb-21,DUBLIN CITY,1.09,-6.292110549,53.34495862
53.381003000000000,-6.268499,2064,Student Health - Exwell Medical DCU,0,"Dublin City University Clinic, Dcu Sports Grounds, Ballymun Road, Dublin 9, D09 FK50",01 7006270 01 7006271 26343,,,27-Apr-22,DUBLIN CITY,1.09,-6.268507401,53.3811739
53.342199000000001,-6.251936,5330,Occupational Health Dept. - Dublin Dental University Hospital,5330,"Dublin Dental School And Hospital, Lincoln Place, Dublin 2, D02 F859",089 4630205,,,04-Jun-20,DUBLIN CITY,1.09,-6.251797253,53.34208806
53.276204000000000,-6.158256,2407,Sheehan Medical Centre,2407,"Dun Laoghaire Industrial Estate, Pottery Road, Dun Laoghaire, Co. Dublin, A96 A6P2",01 2859259 084404,,,11-Apr-22,DUN LAOGHAIRE/RATHDOWN,2.393,-6.15786653,53.27582552
53.380696000000000,-6.334074,5436,Nursing Home -Trinity Care Rathborne,0,"Dunsinea Lane, Dublin 15, D15 CAA4",01 912 0070 529349,,,05-Apr-22,FINGAL,2.212,-6.335442718,53.38051277
53.345174000000000,-6.292143,5192,HSE - Public Health Dept,0,"East Room G29, Dr. Steeven's Hospital, Steeven's Lane, Dublin 8, D08 W2A8",01 6352145 901190,,,07-Apr-22,DUBLIN CITY,1.09,-6.292110549,53.34495862
53.336601000000002,-6.24592,5149,Occupational Health - ESB,0,"Energy Services Union, 38-43 James's Place East, Dublin 2, D02 XE08",018430,,,31-Mar-22,DUBLIN CITY,1.09,-6.245976941,53.33653847
53.334176999999997,-6.224134,4129,Dr Vincent Carroll,0,"Fairfield House, Newbridge Avenue, Dublin 4, D04 Y7H9",01 6601487 941066,,,27-Apr-22,DUBLIN CITY,1.09,-6.224563327,53.33386926
53.368129000000003,-6.359615,5073,Nursing Home - Mount Hybla Private Nursing Home,0,"Farmleigh Avenue, Farmleigh Woods, Dublin 15, D15 Y977",01 8699722 701523,,,06-Apr-22,FINGAL,2.212,-6.3596859,53.3682322
53.340975999999998,-6.451718,3314,Finnstown Medical Centre,3314,"Finnstown Shopping Centre, Newcastle Road, Lucan, Co. Dublin, K78 E8X7",01 6212288,01 6213927,,20-Nov-17,SOUTH DUBLIN,2.264,-6.451277615,53.34093472
53.341234999999998,-6.226628,3251,Ringsend Medical Centre,0,"Fitzwilliam Street, Dublin 4, D04 T9X5",01 6684846 399973,01 6684847,,31-Mar-22,DUBLIN CITY,1.09,-6.226473997,53.3413363
53.286306000000003,-6.432187,4118,Nursing Home - TLC City West,0,"Fortunestown Lane, Citywest, Co. Dublin, D24 K5KC",01 6489300 754857,,,27-Apr-22,SOUTH DUBLIN,2.264,-6.431573531,53.28642774
53.344817999999997,-6.272992,4217,Other - Safetynet - Mechants Quay,0,"Fransican Missions Office, 8 Merchant's Quay, Dublin 8, D08 W56T",01 5240189 721903,,info@primarycaresafetynet.ie,06-Apr-22,DUBLIN CITY,1.09,-6.272946626,53.34503492
53.300857000000001,-6.181875,1372,Blackrock Medical Centre,1372,"Frascati Shopping Centre, Blackrock, Co Dublin, A94 H6V9",01 2888363 01 2889649 229553 086 4064640,01 2835053,blackrockmedicalcentre@eircom.net,31-Mar-22,DUN LAOGHAIRE/RATHDOWN,2.393,-6.181458299,53.3010699
53.275264999999997,-6.158008,5365,Virtue Medical,5365,"G9 The Pottery, Bakers Point, Dun Laoghaire, Co. Dublin, A96 EN23",888316 0874068708,,,28-Apr-22,DUN LAOGHAIRE/RATHDOWN,2.393,-6.157761841,53.27535432
53.361243999999999,-6.252433,5231,"CovidTest - Croke Park (St Josephs Entrance),",0,"Gaelic Athletic Association, Croke Park, Jones's Road, Dublin 3, D03 P6K7",0868064961,,,24-Mar-20,DUBLIN CITY,1.09,-6.252990252,53.36135417
53.280208999999999,-6.187403,2307,Nursing Home - Belmont House,2307,"Galloping Green, Stillorgan Road, Blackrock, Co. Dublin, A94 KW44",01 2784393 406510,,,27-Apr-22,DUN LAOGHAIRE/RATHDOWN,2.393,-6.187685294,53.28018292
53.354579000000001,-6.301499,4276,Occupation Health Dept - Garda Occupational Health Service,4276,"Garda Headquarters, North Road, Phoenix Park, Dublin 8, D08 HN3X",01 6662326 414119,01 6662365,,27-Apr-22,DUBLIN CITY,1.09,-6.301599019,53.35469088
53.280436000000002,-6.44338,1720,Saggart Medical Centre,1720,"Garters Lane, Saggart, Co. Dublin, D24 AK65",01 4586805 350059,01 4586813,,15-Apr-22,SOUTH DUBLIN,2.264,-6.443605357,53.28066021
53.315587000000001,-6.238712,5393,CovidAss - Clonskeagh,0,"Gate Lodge, Clonskeagh Hospital, Clonskeagh Road, Dublin 6, D06 V406",,,,17-Apr-20,DUBLIN CITY,1.09,-6.239302241,53.31572202
53.293801000000002,-6.138528,5258,CovidTest - St Michael's Dun Laoghaire,0,"George's Street Lower, Dun Laoghaire, Co. Dublin, A96 P902","016639812 0864030236,",,,08-Apr-20,DUN LAOGHAIRE/RATHDOWN,2.393,-6.138914799,53.2935743
53.384810999999999,-6.257943,2233,Student Health Service - DCU,2233,"Glasnevin Campus, Collins Avenue Extension, Dublin 9, D09 W6Y4",01 7008249 136226 086 8645712,01 7005880,,27-Apr-22,DUBLIN CITY,1.09,-6.257553378,53.38465787
53.390286000000003,-6.180072,5069,Nursing Home - St Gabriel's Private Nursing Home,0,"Glenayle Road, Dublin 5, D05 PK84",01 8474339 391090,,,31-Mar-22,DUBLIN CITY,1.09,-6.1806717,53.389999
53.339306999999998,-6.236238,2492,Other - Google Wellness Centre,2492,"Google Ireland, Gasworks House, Barrow Street, Dublin 4, D04 CH59",01 5432525 031712,,,11-Apr-22,DUBLIN CITY,1.09,-6.236626602,53.33934191
53.341118000000002,-6.260354,1205,Grafton Medical Practice,1205,"Grafton Buildings, 34 Grafton Street, Dublin 2, D02 XY06",01 6712122 165677 086 2566879,01 6775339,graftonmedical@eircom.net & graftonmedical.gp@healthmail.ie,08-Apr-22,DUBLIN CITY,1.09,-6.260342534,53.34116134
53.353715000000001,-6.266122,2313,Other - Safetynet Granby Centre,2313,"Granby Hall, 14 Granby Row, Dublin 1, D01 HW01",01 8725500 642437,,info@primarycaresafetynet.ie,27-Apr-22,DUBLIN CITY,1.09,-6.266210266,53.35375446
53.326124999999998,-6.435874,4136,Occupational Health Dept - Pfizer,0,"Grange Castle Business Park, Nangor Road, Dublin 22, D22 V8F8",01 4694711 391885,,,27-Apr-22,SOUTH DUBLIN,2.264,-6.436026456,53.32667697
53.277296000000000,-6.265019,2116,Grange Road Family Practice,2116,"Grange Road Retail Park Unit 3b, Grange Road, Dublin 16, D16 VN25",01 4957758 914282 087 2841348,01 4957759,reception@grangeroadfamilypractice.com,27-Apr-22,DUN LAOGHAIRE/RATHDOWN,2.393,-6.265268404,53.27714521
53.394627000000000,-6.164206,1733,Grange Clinic,1733,"Grange Road, Dublin 13, D13 F7H9",01 8480033 827674 086 8033010,01 8483920,,15-Apr-22,DUBLIN CITY,1.09,-6.164270172,53.3946942
53.357171999999998,-6.281319,1252,Mountjoy Medical Centre,1252,"Grangegorman Primary Care Centre, Grangegorman Upper, Dublin 7, D07 H984",01 8676250 228457,01 8603417,,08-Apr-22,DUBLIN CITY,1.09,-6.281277529,53.35679738
53.357171999999998,-6.281319,5423,HSE - Dublin North City & Co. CAMHS,0,"Grangegorman Primary Care Centre, Grangegorman Upper, Dublin 7, D07 H984",01 8676315,,,13-Aug-20,DUBLIN CITY,1.09,-6.281277529,53.35679738
53.404474000000000,-6.182805,5079,Other - Fresenius Medical Care,0,"Grattan House, City Junction Business Park, Northern Cross, Dublin 17, D17 HX01",01 8661312 755274,01 8661361,,07-Apr-22,DUBLIN CITY,1.09,-6.182103283,53.40440944
53.340967999999997,-6.432337,3805,Griffeen Medical & Dental Centre,3805,"Griffeen Avenue, Lucan, Co. Dublin, K78 R6P4",01 610 5022,01 610 5342,griffeen@primacare.ie,22-Jan-20,SOUTH DUBLIN,2.264,-6.4325294,53.3408126
53.395404999999997,-6.263415,1597,Ballymun Family Practice - Ground Floor,1597,"Ground Floor, Ballymun Civic Centre, Main Street, Dublin 9, D09 C8P5",01 8467033 962085 086 8855000,01 8467516,,15-Apr-22,DUBLIN CITY,1.09,-6.263876333,53.39558333
53.391016000000000,-6.393669,2092,Cosmedics,2092,"Grove Road Primary Care Centre, Block 3, Grove Road, Dublin 15, D15 HNT2",01 8211807 310848,01 8211878,info@cosmedics.ie,27-Apr-22,FINGAL,2.212,-6.394038279,53.39079839
53.391016000000000,-6.393669,2713,Grove Clinic,2713,"Grove Road Primary Care Centre, Block 3, Grove Road, Dublin 15, D15 HNT2",01 8852547 132815,01 8210086,hello@groveclinic.ie,12-Apr-22,FINGAL,2.212,-6.394038279,53.39079839
53.392367000000000,-6.421118,5068,HSE - DDoc GP Out of Hours Service,0,"Hartstown Health Centre, Cherryfield Lawn, Dublin 15, D15 CR62",01 8662811 01 8662810 738895,,,06-Apr-22,FINGAL,2.212,-6.421121178,53.39223998
53.394784999999999,-6.319999,5060,Nursing Home - Clearbrook Nursing Home,5060,"Heathfield View, Dublin 11, D11 CX2T",01 8081188 619354,01 8642236,manager@clearbrook.ie,06-Apr-22,FINGAL,2.212,-6.320446249,53.39491795
53.343387000000000,-6.275821,5152,Other - Covid 19 HSE Live Account,5152,"Heatlh Service Executive, 10-13 Cornmarket, Dublin 8, D08 P520",,,,19-Mar-20,DUBLIN CITY,1.09,-6.275750954,53.34334476
53.315325999999999,-6.209206,2345,HSE - Occupational Health St Vincent's Private,2345,"Herbert Avenue, Merrion Road, Dublin 4, D04 N2E0",01 2638000,,,09-Jun-20,DUBLIN CITY,1.09,-6.209093983,53.31506941
53.327140000000000,-6.249857,4188,Moe Family Practice,0,"Holly Lodge, 13 Winton Road, Dublin 6, D06 X2R4",795195,,,14-Apr-22,DUBLIN CITY,1.09,-6.249665375,53.32722664
53.353929000000001,-6.284494,5520,Covid Immunisation Service,0,"HSE National Immunisation Office, Unit 8/9, Manor Street Business Park, Dublin 7, D07 X320",,,,29-Dec-20,DUBLIN CITY,1.09,-6.284553276,53.35384684
53.337234000000002,-6.28482,2484,HSE - Addiction Clinic Cork Street,2484,"HSE, Brú Chaoimhín, Cork Street, Dublin 8, D08 DH31",01 4544940 450759,,,05-Apr-22,DUBLIN CITY,1.09,-6.284931694,53.33736398
53.343457999999998,-6.378293,5319,HSE - Dublin Central Mental Health,0,"HSE, Cherry Orchard Hospital, Ballyfermot Road, Dublin 10, D10 Y821",,,,07-May-20,DUBLIN CITY,1.09,-6.37819625,53.34384433
53.338774999999998,-6.316263,5435,HSE Addiction Services Inchicore,5435,"HSE, Inchicore Primary Care & Mental Health Centre, Patriots Path, Dublin 8, D08 KF63",01 471 6345 670300,,,28-Apr-22,DUBLIN CITY,1.09,-6.316438961,53.33875997
53.342233999999998,-6.373152,5537,HSE - Mountain View,5537,"HSE, Mountain View, Ballyfermot Road, Dublin 10, D10 CF20",210551 0872954776,,,28-Apr-22,DUBLIN CITY,1.09,-6.372878126,53.34220564
53.352344000000002,-6.263164,5199,HSE - Occupational Health Rotunda,0,"HSE, Rotunda Hospital, Parnell Street, Dublin 1, D01 P5W9",331898,,,07-Apr-22,DUBLIN CITY,1.09,-6.263502022,53.35216673
53.353492000000003,-6.405361,5256,CovidTest - Clondalkin PCC,0,"HSE, Saint Lomans Road, Lucan, Co. Dublin, K78 P7W9",,,,23-Apr-20,SOUTH DUBLIN,2.264,-6.405394023,53.35379947
53.344155999999998,-6.294378,1864,HSE - Addiction Services,0,"HSE, Saint Patrick's Hospital, Steeven's Lane, Dublin 8, D08 FW50",01 6352078,,,22-Aug-19,DUBLIN CITY,1.09,-6.2947664,53.3438472
53.281391999999997,-6.153177,1661,Student Health - IADT,1661,"I.A.D.T. Media Cube, Kill Avenue, Dun Laoghaire, Co. Dublin, A96 X6X3",01 2144760 456560 087 9001880,01 2302054,drpaullacey@eircom.net,15-Apr-22,DUN LAOGHAIRE/RATHDOWN,2.393,-6.153377527,53.28128931
53.331862999999998,-6.231424,5513,International Business Machines (IBM) Ireland Ltd,0,"I.b.m. Ireland Ltd., Ibm House, Shelbourne Road, Dublin 4, D04 NP20",,,,17-Dec-20,DUBLIN CITY,1.09,-6.231758374,53.33187368
53.351681999999997,-6.29081,2122,Defence Forces - Bricins Military Hospital,2122,"Infirmary Road, North Circular Road, Dublin 7, D07 DC84",01 6271446 884387,01 8046926,,27-Apr-22,DUBLIN CITY,1.09,-6.2911507,53.351631
53.340727000000001,-6.22548,1198,Dr Anthony O'Sullivan,1198,"Irishtown And Ringsend Primary Care Centre, 1a Irishtown Road, Dublin 4, D04 HW30",01 6608629 680415,01 6683906,,08-Apr-22,DUBLIN CITY,1.09,-6.225238912,53.34086635
53.340727000000001,-6.22548,5450,Sandymount Road Medical Centre,1843,"Irishtown And Ringsend Primary Care Centre, 1a Irishtown Road, Dublin 4, D04 HW30",01 2320601 947945,,,28-Apr-22,DUBLIN CITY,1.09,-6.225238912,53.34086635
53.346006000000003,-6.284072,2482,Other - Simon Respite/Stabilisation Unit,2482,"Island House, Island Street, Dublin 8, D08 VF78",01 6498612 270272,,,12-Apr-22,DUBLIN CITY,1.09,-6.28411991,53.3458968
53.349916999999998,-6.267245,1329,Jervis Medical Centre,1329,"Jervis Street, Dublin 1, D01 XN35",01 8735959 218076 086 6098860,01 8874961,,08-Apr-22,DUBLIN CITY,1.09,-6.267105501,53.34993672
53.368085999999998,-6.241417,5592,"HSE - O'Casey Rooms, Fairview Community Unit",5592,"Joyce Rooms, Griffith Court, Dublin 3, D03 TN66",018842810 306223,,,28-Apr-22,DUBLIN CITY,1.09,-6.241480299,53.3680363
53.288713000000001,-6.323456,3293,Dr Pamela Mangal,3293,"Kaieteur Ville, Knocklyon Avenue, Dublin 16, D16 VH61",01 4945795 603018,01 4945795,,26-Apr-22,SOUTH DUBLIN,2.264,-6.323826938,53.28862052
53.276333000000001,-6.379528,1992,"Durkin, Daly, Field - Killinarden",1992,"Killinarden Health Care Centre, Killinarden Heights, Dublin 24, D24 YX96",01 4626260 01 4626265 80550 087 6106488,01 4626266,,26-Apr-22,SOUTH DUBLIN,2.264,-6.378979263,53.27632551
53.293937000000000,-6.356158,1663,Birchview Surgery,1663,"Kilnamanagh Tymon Primary Care Centre, Airton Road, Dublin 24, D24 CF75",01 4520890 510927,01 4599312,birchview33@yahoo.ie,15-Apr-22,SOUTH DUBLIN,2.264,-6.356239113,53.29373551
53.293937000000000,-6.356158,5122,HSE - Kilnamanagh Tymon Addiction Services,5122,"Kilnamanagh Tymon Primary Care Centre, Airton Road, Dublin 24, D24 CF75",01 9214957 644288,,brian.raftery@hse.ie,07-Apr-22,SOUTH DUBLIN,2.264,-6.356239113,53.29373551
53.293937000000000,-6.356158,5323,HSE - Seefin Mental Health Services,0,"Kilnamanagh Tymon Primary Care Centre, Airton Road, Dublin 24, D24 CF75",01 9214802,,,03-Jul-20,SOUTH DUBLIN,2.264,-6.356239113,53.29373551
53.450322999999997,-6.153382,1217,Malahide Medical Centre,1217,"Kilronan House, Church Road, Malahide, Co. Dublin, K36 RW18",01 8457135 456737 087 2885361,01 8457179,malahidefamilypractice@eircom.net,08-Apr-22,FINGAL,2.212,-6.1535391,53.45031169
53.267494999999997,-6.365941,4117,Nursing Home - Kiltipper Woods Care Centre,0,"Kiltipper Road, Dublin 24, D24 A248",01 4625277 702674,01 4626652,info@kiltipperwoods.ie,06-Apr-22,SOUTH DUBLIN,2.264,-6.365468201,53.267495
53.350754000000002,-6.265885,5524,HSE - Healthlink,0,"Kings Inn House, 194 Parnell Street, Dublin 1, D01 A3Y8",,,,02-Apr-21,DUBLIN CITY,1.09,-6.265794716,53.35066438
53.430841000000001,-6.169749,3691,Nursing Home - Talbot Lodge,0,"Kinsealy Lane, Malahide, Co. Dublin, K36 D295",01 8462115 652122,,,27-Apr-22,FINGAL,2.212,-6.1698928,53.4308393
53.382783000000003,-6.408697,2735,Clonsilla Medical Centre,2735,"La Petit Maison, 1 Weaver's Row, Clonsilla Road, Dublin 15, D15 WP93",01 8262884 930107,,,19-Apr-22,FINGAL,2.212,-6.408677519,53.38292047
53.451143999999999,-6.219263,5098,HSE - Community Child Health,0,"Lakeshore Drive, Airside Business Park, Swords, Co. Dublin, K67 R8X2",01 8953766,,sieneke.hakvoort@hse.ie,09-Dec-19,FINGAL,2.212,-6.219547789,53.45118086
53.445303000000003,-6.224886,4109,VHI Swiftcare Clinic Columba House,4109,"Lakeshore Drive, Airside Retail Park, Swords, Co. Dublin, K67 R2Y9",1890 866966 01 6147388 905044,01 6147370,,27-Apr-22,FINGAL,2.212,-6.2252675,53.4453273
53.377526000000003,-6.377413,3727,Dr Sandor Endredi,3727,"Laurel Lodge Business Centre, Laurel Lodge Shopping Centre, Castleknock, Dublin 15, D15 ARY7",01 6766447 608204 087 3222312,01 6766447,,27-Apr-22,FINGAL,2.212,-6.377493197,53.3774605
53.268624000000003,-6.201672,2259,HSE - Leopardstown Park Hospital,2259,"Leopardstown Road, Dublin 18, D18 XH70",01 2950815 306902 087 9484021,,,27-Apr-22,DUN LAOGHAIRE/RATHDOWN,2.393,-6.201351406,53.26833495
53.258750999999997,-6.198424,1970,Leopardstown Primary Care Centre,1970,"Leopardstown Valley Shopping Centre, Ballyogan Road, Dublin 18, D18 H6W0",01 2945188 580159 087 2476781,,,26-Apr-22,DUN LAOGHAIRE/RATHDOWN,2.393,-6.198569779,53.25859803
53.258750999999997,-6.198424,1648,Glencairn Medical Centre,1648,"Leopardstown Valley, Ballyogan Road, Dublin 18, D18 YK54",01 2958750 651439,01 2942525,conmag@indigo.ie,15-Apr-22,DUN LAOGHAIRE/RATHDOWN,2.393,-6.198569779,53.25859803
53.286704999999998,-6.371853,3961,Other - Irish Family Planning Association,3961,"Level 3, The Square, Belgard Square East, Dublin 24, D24 P293",01 4597685 869520 087 2399415,01 4624067,,06-Apr-22,SOUTH DUBLIN,2.264,-6.371876085,53.28677313
53.404559999999996,-6.426333,1318,Littlepace Medical Centre,1318,"Littlepace Shopping Mall, Clonee, Dublin 15, D15 NP0N",01 8225630 067582 087 2715352,01 8223910,,08-Apr-22,FINGAL,2.212,-6.426550099,53.404786
53.324148000000001,-6.329545,1207,Long Mile Medical Centre,1207,"Long Mile Road, Dublin 12, D12 KH34",01 4562871 968728 087 2620422,01 4563502,,08-Apr-22,DUBLIN CITY,1.09,-6.329523534,53.32402964
53.316420000000001,-6.209328,1693,Dr McCormick,0,"Lowell House, 23 Herbert Avenue, Merrion Road, Dublin 4, D04 T0A4",01 5720888,,,28-Mar-21,DUBLIN CITY,1.09,-6.209153742,53.31636551
53.353028000000002,-6.355432,5131,Nursing Home - Glenaulin Nursing Home,50104,"Lucan Road, Chapelizod, Dublin 20, D20 YT66",01 6264677 745329,01 6267196,info@glenaulin.com,28-Apr-22,DUBLIN CITY,1.09,-6.355718572,53.35304496
53.331688999999997,-6.458296,5253,CovidTest - Lucan Sarsfields,0,"Lucan Sarsfields, Newcastle Road, Lucan, Co. Dublin, K78 V0F4",,,,25-Mar-20,SOUTH DUBLIN,2.264,-6.458102,53.3318388
53.347954999999999,-6.453023,1298,The Medical Centre,1298,"Lucan Shopping Centre, Newcastle Road, Lucan, Co. Dublin, K78 YD79",01 6212528 399003,01 6241298,,08-Apr-22,SOUTH DUBLIN,2.264,-6.452322653,53.34812162
53.350417999999998,-6.270819,5362,Other - Safetynet Primary Care,5362,"Macro Community Resource Centre, 1 Green Street, Dublin 7, D07 X6NR",889764 087 1762246,,,07-Apr-22,DUBLIN CITY,1.09,-6.270550028,53.350416
53.418861999999997,-6.472866,2781,Dunboyne Surgery,2781,"Main Street, Dunboyne, Co. Meath, A86 HX63",01 8255069 058696,01 8255708,,30-Mar-22,MEATH,2.034482758,-6.472866,53.418862
53.281291000000003,-6.474524,2085,Dr James Clarke,2085,"Main Street, Rathcoole, Co. Dublin, D24 Y53K",01 4589655 022598 086 2430896,01 4588779,,27-Apr-22,SOUTH DUBLIN,2.264,-6.474492766,53.28115464
53.391485000000003,-6.199626,4260,Occupational Health Dept - Mondalez Ireland,0,"Malahide Road, Dublin 5, D05 T0H4",01 8668235 579566,,,27-Apr-22,DUBLIN CITY,1.09,-6.20023353,53.39088688
53.460666000000003,-6.245258,2182,Manor Hall Medical Centre,2182,"Manor Mall Shopping Centre, Brackenstown Road, Swords, Co. Dublin, K67 K6W7",01 8956590 631509,,,27-Apr-22,FINGAL,2.212,-6.245199064,53.46088288
53.388925000000000,-6.379999,2348,The Rise Family Practice,2348,"Marian House, Main Street, Blanchardstown, Dublin 15, D15 E8KH",01 8236194 770024,,,27-Apr-22,FINGAL,2.212,-6.380190831,53.3888605
53.368203000000001,-6.227764,5409,CovidAss - Marino,0,"Marino Health Centre, 1a Griffith Avenue, Dublin 3, D03 E191",,,,17-Apr-20,DUBLIN CITY,1.09,-6.227668476,53.36806245
53.278663999999999,-6.400236,3316,Jobstown Family Practice,3316,"Mary Mercer Centre, Fortunestown Road, Dublin 24, D24 K854",01 4585701 575483,01 4585745,,26-Apr-22,SOUTH DUBLIN,2.264,-6.40010558,53.27887935
53.359394999999999,-6.26823,2420,Hospital - Mater Hospital Infectious Diseases Clinic,2420,"Mater Misericordiae University Hospital, Eccles Street, Dublin 7, D07 R2WY",01 8032930 071152,,,05-Apr-22,DUBLIN CITY,1.09,-6.268639387,53.35890749
53.358032000000001,-6.264326,3753,Other - Mater Private Rooms,0,"Mater Private Hospital, Eccles Street, Dublin 7, D07 WKW8",01 8032930 267043,,,27-Apr-22,DUBLIN CITY,1.09,-6.263889599,53.3581871
53.405690000000000,-6.180228,5058,Nursing Home - CareChoice Malahide Road,0,"Mayne River Street, Malahide Road, Northern Cross, Dublin 17, D17 YF77",01 8770844 226019,,malahide@carechoice.ie,07-Apr-22,DUBLIN CITY,1.09,-6.180232099,53.40554534
53.294725999999997,-6.221551,4133,Dr. Michael Hooper,0,"Meadow Lodge, Mount Anville Road, Dublin 14, D14 P6C7",01 2783818,,,26-Mar-20,DUN LAOGHAIRE/RATHDOWN,2.393,-6.221301824,53.29451271
53.373243000000002,-6.361799,1570,Castleknock Village Medical,1570,"Medical Centre, Castleknock Square, Castleknock, Dublin 15, D15 P3VX",01 8211347 92522,,,15-Apr-22,FINGAL,2.212,-6.361460402,53.37318718
53.422141000000003,-6.233572,2369,Occupational Health - Medmark,2369,"Medical House, Corballis Park, Swords, Co. Dublin, K67 KX31",01 8447392 550398,01 8447392,,27-Apr-22,FINGAL,2.212,-6.233657743,53.4220327
53.334885000000000,-6.245852,5197,Occupational Health -  Medmark (temp),5197,"Medmark, 69 Baggot Street Lower, Dublin 2, D02 HW52",01 6761493 677347,,,01-Apr-22,DUBLIN CITY,1.09,-6.24603616,53.33480755
53.327406000000003,-6.268677,5114,Defence Forces - Cathal Brugha Barracks,0,"Military Road, Dublin 6, D06 RX00",01 8046000 412399,,,31-Mar-22,DUBLIN CITY,1.09,-6.268450555,53.32740861
53.355556000000000,-6.366167,3825,Other - Stewarts Care Ltd,0,"Mill Lane, Dublin 20, D20 DV79",01 6264444,01 6261707,,24-Jan-21,SOUTH DUBLIN,2.264,-6.365984599,53.3554286
53.284711999999999,-6.355067,5252,CovidTest - Millbrook Lawns,0,"Millbrook Lawns Primary Care Centre, Saint Dominic's Road, Dublin 24, D24 K3EV",,,,17-Apr-20,SOUTH DUBLIN,2.264,-6.355074966,53.28481479
53.284711999999999,-6.355067,5397,CovidAss - Millbrook Lawns,0,"Millbrook Lawns Primary Care Centre, Saint Dominic's Road, Dublin 24, D24 K3EV",,,,17-Apr-20,SOUTH DUBLIN,2.264,-6.355074966,53.28481479
53.320959999999999,-6.388181,5352,"Nursing Home - Lexington Nursing Home,",5352,"Monastery Road, Dublin 22, D22 F2N2",821238,,,07-Apr-22,SOUTH DUBLIN,2.264,-6.387674645,53.32087368
53.342748999999998,-6.257482,5446,Dawson Medical,5446,"Morrison Chambers, Room 1, 32 Nassau St, Dublin 2, D02 PC58",534305 0861945512,,,28-Apr-22,DUBLIN CITY,1.09,-6.257429866,53.34283118
53.466092000000003,-6.274585,4304,Nursing Home - Swords Nursing Home,0,"Mount Ambrose, Swords, Co. Dublin, K67 N1W0",01 8900089 318202,,swords@mowlamhealthcare.com,27-Apr-22,FINGAL,2.212,-6.274792374,53.46607828
53.340248000000003,-6.245998,5203,HSE - National Maternity Hospital,5203,"National Maternity Hospital, Holles Street, Dublin 2, D02 YH21",,,,30-Mar-20,DUBLIN CITY,1.09,-6.246188756,53.34030878
53.396337000000003,-6.357108,2379,Other - Federation Of Irish Sport,0,"National Sports Campus, Snugborough Road, Dublin 15, D15 DY62",01 8097860,,,01-Feb-22,FINGAL,2.212,-6.3570907,53.3962666
53.385539000000001,-6.37251,4274,Beechview Medical and Dental,4274,"Navan Road, Dublin 15, D15 P6WA",01 5989412 021850 087 9350299,01 5989412,,27-Apr-22,FINGAL,2.212,-6.372662691,53.38541284
53.363540999999998,-6.30261,5439,Nursing Home - Curam Care Home,0,"Navan Road, Dublin 7, D07 YDW4",740591 0860655068,,,06-Apr-22,DUBLIN CITY,1.09,-6.302382216,53.36343663
53.337491999999997,-6.401229,3331,Neilstown Health Centre,3331,"Neilstown Village Court, Neilstown Road, Dublin 22, D22 E8P2",01 4574200 895208,01 4670211,,26-Apr-22,SOUTH DUBLIN,2.264,-6.401226308,53.33737763
53.444139999999997,-6.227139,3593,Tara Winthrop Private Clinic,3593,"Nevinstown Lane, Swords, Co. Dublin, K67 HH57",01 8079631 696034 086 3355238,01 8902384,,06-Apr-22,FINGAL,2.212,-6.226973342,53.44459576
53.300097000000001,-6.499349,3319,The Medical & Laser Clinic,3319,"Newcastle Shopping Centre, Main Street, Newcastle, Co. Dublin, D22 T9N6",01 4589975 574288,01 4587161,,26-Apr-22,SOUTH DUBLIN,2.264,-6.499393521,53.29974208
53.313799000000003,-6.39423,1280,Newlands Cross Medical Centre,1280,"Newlands Cross, Dublin 22, D22 C1P3",01 4643386 01 4514670 925783,01 4514669,,08-Apr-22,SOUTH DUBLIN,2.264,-6.393993257,53.31370857
53.293196000000002,-6.170907,5162,HSE - Cluain Mhuire Community MH,0,"Newtownpark Avenue, Blackrock, Co. Dublin, A94 P6H3",087 4134888,,,02-Apr-20,DUN LAOGHAIRE/RATHDOWN,2.393,-6.170649646,53.29358727
53.357019999999999,-6.285485,2412,HSE - Phoenix Care Centre,2412,"North Circular Road, Dublin 7, D07 VPT0",076 6958700 915562,,,05-Apr-22,DUBLIN CITY,1.09,-6.285944301,53.356609
53.362551000000003,-6.269382,1145,Other - Saint Patrick's Institution,1145,"North Circular Road, Dublin 7, D07 VR94",018062905,,,28-Jul-20,DUBLIN CITY,1.09,-6.2696631,53.3624342
53.360756000000002,-6.267584,5118,DOJ - Mountjoy Prison,5118,"North Circular Road, Dublin 7, D07 YC97",01 8062800 402772,,,07-Apr-22,DUBLIN CITY,1.09,-6.267168738,53.36074103
53.355694999999997,-6.245931,1760,North Strand Health Centre,0,"North Strand Primary Health Care Centre, 16 North Strand Road, Dublin 1, D01 CC81",01 8386319,,info@manorstfamilypractice.ie,28-Mar-21,DUBLIN CITY,1.09,-6.246111,53.3556418
53.355694999999997,-6.245931,5225,CovidTest - North Strand Road Health Centre,0,"North Strand Primary Health Care Centre, 16 North Strand Road, Dublin 1, D01 CC81",,,,24-Mar-20,DUBLIN CITY,1.09,-6.246111,53.3556418
53.395800000000001,-6.213551,3574,Other - Well Woman Centre Dublin,3574,"Northside Shopping Centre, Oscar Traynor Road, Dublin 17, D17 AX23",01 8484511 513492 087 2686966,01 8484264,,06-Apr-22,DUBLIN CITY,1.09,-6.213609201,53.3960034
53.395800000000001,-6.213551,2342,Alfa Medics,2342,"Northside Shopping Centre, Oscar Traynor Road, Dublin 17, D17 R997",01 8474388 456409,01 8474383,,20-Apr-22,DUBLIN CITY,1.09,-6.213609201,53.3960034
53.404730999999998,-6.253668,5086,Hospital - Sports Surgery Clinic,0,"Northwood Avenue, Northwood, Santry, Dublin 9, D09 W52E",01 5262033 064031,,,27-Apr-22,FINGAL,2.212,-6.2540757,53.4044384
53.401904999999999,-6.258181,3815,Nursing Home - Cara Care Centre,3815,"Northwood Road, Northwood, Santry, Dublin 9, D09 HW01",01 8940600 812526,01 8940601,,27-Apr-22,FINGAL,2.212,-6.258083046,53.40176064
53.405171000000003,-6.252464,5083,Nursing Home - TLC Centre LTD,0,"Northwood, Santry, Dublin 9, D09 H4X0",01 8628080 591759,,,27-Apr-22,FINGAL,2.212,-6.252208931,53.40488477
53.275843999999999,-6.353131,3355,Centric Health - Old Bawn,3355,"Old Bawn Shopping Centre, Old Bawn Road, Dublin 24, D24 HXW3",01 4590249 823737,01 4148205,,26-Apr-22,SOUTH DUBLIN,2.264,-6.352550179,53.27547931
53.292487999999999,-6.201001,1351,Slievemore Clinic,1351,"Old Dublin Road, Stillorgan, Co. Dublin, A94 CH66",01 2000501 01 2000502 484730 085 1207149,01 2780248,reception@slievemoreclinic.com,31-Mar-22,DUN LAOGHAIRE/RATHDOWN,2.393,-6.2013183,53.2923356
53.292487999999999,-6.201001,2257,Other - Allergy Ireland,2257,"Old Dublin Road, Stillorgan, Co. Dublin, A94 CH66",01 2000500 537368,,,31-Mar-22,DUN LAOGHAIRE/RATHDOWN,2.393,-6.2013183,53.2923356
53.363844000000000,-6.493226,2359,Ryevale Medical Practice,2359,"Old Hill, Leixlip, Co. Kildare, W23 H2R0",01 6104006 110646,01 6014847,,27-Apr-22,KILDARE,1.567,-6.489103801,53.3619141
53.391485000000003,-6.199626,3719,Occupational Health Dept - Kraft Foods,0,"Old Malahide Road, Malahide Road, Dublin 5, D05 T0H4",01 8480000 720197,01 8472905,,27-Apr-22,DUBLIN CITY,1.09,-6.20023353,53.39088688
53.320601000000003,-6.413051,1408,Nangor Medical Centre,1408,"Old Nangor Road, Dublin 22, D22 V2Y8",01 4593325 590158 086 2533588,01 4641405,drramiah@eircom.net,12-Apr-22,SOUTH DUBLIN,2.264,-6.413310401,53.32054735
53.274827000000002,-6.345135,2376,Ballycullen Medical Centre,2376,"Oldcourt Shopping Centre, Parklands Road, Dublin 24, D24 DY0H",01 5441100 778037,,,27-Apr-22,SOUTH DUBLIN,2.264,-6.345112581,53.27459099
53.346851000000001,-6.27953,1798,Dr Robert Dybkowski,1798,"Orby Chambers, 7 Coke Lane, Dublin 7, D07 T0FA",01 5487642 381312 086 8940530,01 5511588,,22-Apr-22,DUBLIN CITY,1.09,-6.279493707,53.34696383
53.299072000000002,-6.321268,1755,Orwell Medical Centre,1755,"Orwell Shopping Centre, Orwell Park, Dublin 6w, D6W CE01",01 4264925 418384,,,14-Apr-22,SOUTH DUBLIN,2.264,-6.321286829,53.29945392
53.326036999999999,-6.318609,5283,Hospital - Children's Hospital Crumlin,0,"Our Lady's Children's Hospital Crumlin, Dublin 12, D12 N512",085 7201364 017334,,,07-Apr-22,DUBLIN CITY,1.09,-6.319547599,53.3260739
53.326549999999997,-6.281486,5186,HSE - Occupational Health Harold's Cross,0,"Our Lady's Hospice, Harold's Cross Road, Dublin 6w, D6W RY72",,,,26-Mar-20,DUBLIN CITY,1.09,-6.281269931,53.32667182
53.326549999999997,-6.281486,5482,Hospice - Our Lady's Hospice and Care Centre,0,"Our Lady's Hospice, Harold's Cross Road, Dublin 6w, D6W RY72",01 4986289 203805,,,07-Apr-22,DUBLIN CITY,1.09,-6.281269931,53.32667182
53.356020999999998,-6.286669,3349,Medicus Medical Centre Stoneybatter,3349,"Park Shopping Centre, 35-39 Prussia Street, Dublin 7, D07 TA4V",01 8686121 948577,01 8686122,medicus@medicus.ie,26-Apr-22,DUBLIN CITY,1.09,-6.286668914,53.35584713
53.261978999999997,-6.161797,1691,The Park Clinic Cabinteely,1691,"Park Shopping Centre, Glen Drive, Cabinteely, Dublin 18, D18 C984",01 2853666 313658,01 2840740,cosgrave@parkclinic.ie/ info@parkclinic.ie,15-Apr-22,DUN LAOGHAIRE/RATHDOWN,2.393,-6.161879701,53.2620792
53.352249999999998,-6.263883,1965,P W Medical Centre,1965,"Parnell Square Medical Suites, 51 Parnell Square West, Dublin 1, D01 N5P6",9001,01 8729482,,26-Apr-22,DUBLIN CITY,1.09,-6.263736537,53.35232681
53.291620000000002,-6.136943,2275,HSE -  Addiction Services Centre,2275,"Patrick Street Centre, 99-101 Patrick Street, Dun Laoghaire, Co. Dublin, A96 V043",01 2808472 037646,01 2841169,,27-Apr-22,DUN LAOGHAIRE/RATHDOWN,2.393,-6.137057921,53.29166344
53.318167000000003,-6.480085,2238,HSE - Peamout Hospital GP Service,2238,"Peamount Road, Newcastle, Co. Dublin, D22 Y008",01 6010300 133874,,,05-Apr-22,SOUTH DUBLIN,2.264,-6.479850235,53.31803569
53.318167000000003,-6.480085,5200,HSE - Occupational Health Dept Peamount,0,"Peamount Road, Newcastle, Co. Dublin, D22 Y008",01 6010300 285122,,,01-Apr-22,SOUTH DUBLIN,2.264,-6.479850235,53.31803569
53.344898999999998,-6.249538,1753,Dr Sean Gilroy,1753,"Pearse Street Primary Care Centre, 15 Mark's Lane, Dublin 2, D02 TD23",01 6703420 524559 087 7858148,01 6703409,,15-Apr-22,DUBLIN CITY,1.09,-6.249546704,53.34486018
53.421934999999998,-6.136193,1221,Portmarnock Family Practice,1221,"Portmarnock Arcade, Strand Road, Portmarnock, Co. Dublin, D13 E1W6",01 8461300 718750 087 2566836,01 8464054,drspfp@eircom.net,30-Mar-22,FINGAL,2.212,-6.136027512,53.42183604
53.341470000000001,-6.252178,5480,Ellwood Clinic,5480,"Prices Medical Hall, 26 Clare Street, Dublin 2, D02 VX59",688695 0831936172,,,28-Apr-22,DUBLIN CITY,1.09,-6.252253134,53.34149592
53.320270000000001,-6.308879,1621,Dr Rowan and Dr White Surgery,1621,"Primary Care Centre, Armagh Road, Crumlin, Dublin 12, D12 YY82",01 4555306 335797,01 4555316,stagnesmedicalcentre@eircom.net,15-Apr-22,DUBLIN CITY,1.09,-6.309028881,53.32043907
53.320270000000001,-6.308879,4207,Dr Anne Synnott,4207,"Primary Care Centre, Armagh Road, Crumlin, Dublin 12, D12 YY82",01 4652988 826318 083 8835890,01 4652988,,27-Apr-22,DUBLIN CITY,1.09,-6.309028881,53.32043907
53.316572999999998,-6.272611,5080,Nursing Home - Orwell Queen of Peace Nursing Home,0,"Queen Of Peace Centre, Garville Avenue, Dublin 6, D06 F6C4",01 4975381 570266,,,07-Apr-22,DUBLIN CITY,1.09,-6.272418558,53.31653195
53.396199000000003,-6.138369,1821,Baldoyle Medical Clinic,1821,"Racecourse Shopping Centre, Grange Road, Dublin 13, D13 N6W7",01 8397655 754543,01 8397656,,22-Apr-22,FINGAL,2.212,-6.138125154,53.39584165
53.382491000000002,-6.4067,1574,The Healthwell Clinic,1574,"Raheen, Weaver's Row, Clonsilla Road, Dublin 15, D15 TC6X",01 8218986 207551 087 2336119,01 6409090,,15-Apr-22,FINGAL,2.212,-6.406635308,53.38288675
53.325066000000000,-6.253827,2237,GP Afterhours - 3rd Floor,0,"Ranelagh Court, Chelmsford Road, Dublin 6, D06 Y868",01 2447940 088358,,,27-Apr-22,DUBLIN CITY,1.09,-6.2536662,53.3249545
53.455967000000001,-6.219729,5307,Dr Niall Moore,5307,"Rath Mhuire Health Centre, 9 Malahide Road, Swords, Co. Dublin, K67 V8N3",01 8401389 627168,,,28-Apr-22,FINGAL,2.212,-6.219942143,53.45580214
53.355046999999999,-6.279742,2011,Student Health - TU Dublin Health Centre,2011,"Rathdown House, Technological University Dublin, Grangegorman Lower, Dublin 7, D07 H6K8",01 4023614 520094 087 6778871,,,26-Apr-22,DUBLIN CITY,1.09,-6.279379121,53.35525573
53.319572999999998,-6.362669,2494,Dental Practice - 3Dental,0,"Red Cow House, Naas Road, Dublin 22, D22 KV24",01 4851033,,,02-Sep-19,SOUTH DUBLIN,2.264,-6.362918416,53.31981508
53.335040999999997,-6.294318,1194,Coombe Family Practice,1194,"Rialto Primary Care Centre, 383 South Circular Road, Dublin 8, D08 E0X7",01 4730893 355771 086 3275461,01 4544469,sbyrne@coombe.ie,08-Apr-22,DUBLIN CITY,1.09,-6.294222025,53.33517703
53.252021999999997,-6.12419,1603,Lifetime Family Practice,1603,"Ridge House, Shanganagh Road, Glenageary, Co. Dublin, A96 N8W7",01 2824811 217000,01 5511398,,15-Apr-22,DUN LAOGHAIRE/RATHDOWN,2.393,-6.124355619,53.25200495
53.444696999999998,-6.243884,1301,Ridgewood Medical Centre,1301,"Ridgewood Grove, Ridgewood, Swords, Co. Dublin, K67 R7F9",01 8956601 713656 087 6482800,01 8956602,reception@ridgewood.ie,08-Apr-22,FINGAL,2.212,-6.244034257,53.4445613
53.378228999999997,-6.32693,3989,Ashtown Medical Centre,3989,"River Centre, Rathborne Place, Dublin 15, D15 AX0R",01 8422001 818405 086 0465040,01 8996249,,27-Apr-22,DUBLIN CITY,1.09,-6.326936586,53.37807234
53.371119999999998,-6.487592,3247,Riverforest Medical Centre,,"Riverforest Shopping Centre, River Forest, Leixlip, Co. Kildare, W23 Y2Y0",01 6245544  971698,,,14-Apr-22,KILDARE,1.567307692,-6.487592,53.37112
53.371119999999998,-6.487592,3298,Dr Archer - Riverforest Medical Centre,3298,"Riverforest Shopping Centre, River Forest, Leixlip, Co. Kildare, W23 Y2Y0",01 6245544 269603,01 6242625,,26-Apr-22,KILDARE,1.567307692,-6.487592,53.37112
53.403078000000001,-6.398598,1320,Riverside Medical Centre,1320,"Riverside, Navan Road, Mulhuddart, Dublin 15, D15 K58W",01 6467888 743974 058 7632368,01 6467571,riversidemedicalcentre.gp@healthmail.ie,08-Apr-22,FINGAL,2.212,-6.398686027,53.40295373
53.406388000000000,-6.205204,3689,Other - St Michael's House Day Service Centre,0,"Riverside, Saint Michael's House, Belcamp Lane, Dublin 17, D17 H104",01 8840200 763415,,,27-Apr-22,DUBLIN CITY,1.09,-6.205187121,53.40642554
53.298037999999998,-6.39121,3997,Occupational Health Dept - Roadstone,0,"Roadstone Retail Centre, Cookstown Road, Dublin 24, D24 PKK2",01 4041200 197395,01 4041321,,27-Apr-22,SOUTH DUBLIN,2.264,-6.3910291,53.2977235
53.303466999999998,-6.188177,1677,Blackrock Clinic,1677,"Rock Road, Blackrock, Co. Dublin, A94 E4X7",01 2064221 081427,,,31-Mar-22,DUN LAOGHAIRE/RATHDOWN,2.393,-6.187752584,53.30339364
53.286065000000001,-6.236397,4286,Centric Health - Dundrum,0,"Rockfield Medical Campus, Dublin 16, D16 A6K5",01 2993500 01 2166960 984025,,"reception@centrichealth.ie, info@dundrummedical.ie",27-Apr-22,DUN LAOGHAIRE/RATHDOWN,2.393,-6.236441404,53.28603803
53.286065000000001,-6.236397,4150,VHI Swiftcare Clinic Rockfield,4150,"Rockfield Medical Campus, Overend Way, Dublin 16, D16 A6K5",01 7994188 745787,,,27-Apr-22,DUN LAOGHAIRE/RATHDOWN,2.393,-6.236441404,53.28603803
53.384359000000003,-6.382456,5411,CovidAss - Roselawn,0,"Roselawn Health Centre, Roselawn Road, Dublin 15, D15 PC90",,,,17-Apr-20,FINGAL,2.212,-6.382204146,53.38444664
53.382662000000003,-6.38181,1577,The Meridian Clinic,1577,"Roselawn Shopping Centre, Roselawn Road, Dublin 15, D15 XH2T",01 8208233    602097 086 2582285,01 8242111,info@meridianclinic.ie,15-Apr-22,FINGAL,2.212,-6.382209601,53.3826764
53.290495000000000,-6.298582,3644,Rosemount Family Doctors,3644,"Rosemount Shopping Centre, Marian Road, Dublin 14, D14 V8W8",01 4946369 257211,,,27-Apr-22,SOUTH DUBLIN,2.264,-6.298348378,53.2904723
53.335622000000001,-6.293796,1867,HSE - Rialto Community Drugs Team,0,"Saint Andrews Community Centre, 468 South Circular Road, Dublin 8, D08 H51F",01 4540021,,,24-Apr-20,DUBLIN CITY,1.09,-6.29363089,53.33584284
53.362752000000000,-6.262365,1013,Whitworth Medical Centre,1013,"Saint Brigid's Road Lower, Dublin 9, D09 R2K2",01 8303055 95882,01 8828454,,22-Apr-22,DUBLIN CITY,1.09,-6.262524691,53.36279178
53.385922000000001,-6.376498,2285,Luxmed Medical Centre,2285,"Saint Brigid's Shopping Centre, Main Street, Blanchardstown, Dublin 15, D15 TN66",01 8066994 837192,01 6875093,,27-Apr-22,FINGAL,2.212,-6.3766027,53.3859372
53.383356999999997,-6.274779,5096,HSE - Claremont Residental & Day Care Service,0,"Saint Canice's Road, Dublin 11, D11 RK16",01 8572362,,,25-Nov-21,DUBLIN CITY,1.09,-6.274322338,53.38341854
53.339238999999999,-6.296633,5198,HSE - Occupational Health St James,0,"Saint James's Hospital, James's Street, Dublin 8, D08 NHY1",275123,,,01-Apr-22,DUBLIN CITY,1.09,-6.297520199,53.3391396
53.353492000000003,-6.405361,1866,HSE - Addiction Clondalkin & Lucan Centre,1866,"Saint Lomans Road, Lucan, Co. Dublin, K78 P7W9",01 6433604 357683 087 2611729,01 6433690,,22-Apr-22,SOUTH DUBLIN,2.264,-6.405394023,53.35379947
53.353594000000001,-6.409708,5538,HSE - Oakview,5538,"Saint Lomans Road, Lucan, Co. Dublin, K78 VH90",01 6208665 592428,,,28-Apr-22,SOUTH DUBLIN,2.264,-6.40897562,53.35336122
53.357595000000003,-6.356662,5072,Other - Daughters of Charity Service,0,"Saint Louise's Centre, Glenmaroon, Dublin 20, D20 TH56",01 8999100,01 8211991,stlouises@docservice.ie,19-Oct-21,FINGAL,2.212,-6.356812153,53.35769623
53.310155000000002,-6.267488,5202,HSE - Occupational Health Dept St Luke's,5202,"Saint Luke's Hospital, Highfield Road, Dublin 6, D06 HH36",01 1221122,,,06-May-20,DUBLIN CITY,1.09,-6.268318075,53.31008398
53.410479000000002,-6.308515,4011,Other - Balseskin Refugee Centre,4011,"Saint Margaret's Road, Dublin 11, D11 FX93",01 8569015 972749,,,27-Apr-22,FINGAL,2.212,-6.30844512,53.41060226
53.389125999999997,-6.108951,1201,Sutton Surgery,1201,"Saint Margaret's, Greenfield Road, Dublin 13, D13 H9H6",01 8321444 139517,01 8321444,www.suttonsurgery.ie,08-Apr-22,FINGAL,2.212,-6.109107147,53.3889938
53.349826999999998,-6.336346,5229,CovidTest - Cuan Aoibheann Phoenix Park,0,"Saint Mary's Hospital, Acres Road, Phoenix Park, Dublin 20, D20 TY72",,,,24-Mar-20,DUBLIN CITY,1.09,-6.336393711,53.34948639
53.315702999999999,-6.207369,5510,Other - Caritas Convalescent Centre Ltd.,0,"Saint Mary's, Merrion Road, Dublin 4, D04 KX73",012600609 310053,,,05-Apr-22,DUBLIN CITY,1.09,-6.206908501,53.3157963
53.293801000000002,-6.138528,5391,CovidAss - St. Michael's Hosp,0,"Saint Michael's Hospital, George's Street Lower, Dun Laoghaire, Co. Dublin, A96 P902",,,,17-Apr-20,DUN LAOGHAIRE/RATHDOWN,2.393,-6.138914799,53.2935743
53.344155999999998,-6.294378,4195,HSE - Primary Care Service,0,"Saint Patrick's Hospital, Steeven's Lane, Dublin 8, D08 FW50",01 2493200 ext: 3733 891873,,,06-Apr-22,DUBLIN CITY,1.09,-6.2947664,53.3438472
53.436540000000001,-6.125163,5331,Other - Daughters of Charity,0,"Saint Rosalie's, Convent Lane, Portmarnock, Co. Dublin, D13 F224",01 8460152,,,24-Apr-20,FINGAL,2.212,-6.1245658,53.436753
53.366636000000000,-6.243915,5296,HSE - Adolecent In-Patient St Vincents,0,"Saint Vincent's Hospital, Convent Avenue, Dublin 3, D03 XK40",01 8842485 243719,,,27-Apr-22,DUBLIN CITY,1.09,-6.244024147,53.36649441
53.316589999999998,-6.213255,5184,HSE - Occupational Health Dept St Vincent's,5184,"Saint Vincents University Hospital, Elm Park, Nutley Lane, Dublin 4, D04 T6F4",314105,,,07-Apr-22,DUBLIN CITY,1.09,-6.213707101,53.3167363
53.317948000000001,-6.213642,5146,GP OO - EastDoc GP Practice,5146,"Saint Vincents University Hospital, Elm Park, Nutley Lane, Dublin 4, D04 YN26",01 2214021 055282,,,28-Apr-22,DUBLIN CITY,1.09,-6.2133704,53.3178888
53.285905000000000,-6.332595,5117,Nursing Home - Sally Park Nursing Home,0,"Sally Park Nursing Home, Sally Park Close, Dublin 24, D24 CC90",01 4526482 872087,,,07-Apr-22,SOUTH DUBLIN,2.264,-6.332809601,53.28606771
53.389997000000001,-6.294444,1362,Finglas Family Practice,1362,"Seamus Ennis Road, Dublin 11, D11 X3DW",01 8341223 493664,01 8640668,fmmoynihan@gmail.com,12-Apr-22,DUBLIN CITY,1.09,-6.294466136,53.38974232
53.464033999999998,-6.215741,4215,Nursing Home - Fingal House Nursing Home,0,"Seatown West, Swords, Co. Dublin, K67 VE44",01 8401545 995212,01 8401597,,06-Apr-22,FINGAL,2.212,-6.215959875,53.4641897
53.233669999999996,-6.122662,2408,Woodfield GP Surgery,2408,"Shanganagh Road, Shankill, Dublin 18, D18 VK57",01 5392444 018072,01 2720688,,14-Apr-22,DUN LAOGHAIRE/RATHDOWN,2.393,-6.122889721,53.23367134
53.230134999999997,-6.126209,1364,Shankill Surgery,1364,"Shankill Primary Care Centre, Lower Road, Dublin 18, D18 DW08",01 2721118 357492,01 2722290,,12-Apr-22,DUN LAOGHAIRE/RATHDOWN,2.393,-6.126208999,53.2302568
53.346445000000003,-6.246135,5259,CovidTest - LE Samuel Beckett,0,"Sir John Rogerson's Quay, Dublin 2, D02 CR67",,,,08-Apr-20,DUBLIN CITY,1.09,-6.246278929,53.34645882
53.346431000000003,-6.243129,5277,CovidTest - Naval Service Dublin,0,"Sir John Rogerson's Quay, Dublin 2, D02 NW20",,,,25-Mar-20,DUBLIN CITY,1.09,-6.243139193,53.34638453
53.275812999999999,-6.451941,3911,Nursing Home - Millbrook Manor Nursing Home,0,"Slade Road, Saggart, Co. Dublin, D24 A9RY",01 8733301 222165,01 8733301,,27-Apr-22,SOUTH DUBLIN,2.264,-6.450215999,53.2756422
53.292487999999999,-6.201001,5430,Other - Allergy Ireland,5430,"Slievemore Clinic, Old Dublin Road, Stillorgan, Co. Dublin, A94 CH66",01 2000500 537368,,allergyireland@slievemore-clinic.com,28-Apr-22,DUN LAOGHAIRE/RATHDOWN,2.393,-6.2013183,53.2923356
53.367013999999998,-6.255972,3843,Occupational Health Dept - SIPTU Medical Scheme,3843,"Spectrum Health, Drumcondra House, 130a Drumcondra Road Lower, Dublin 9, D09 W3Y7",01 8720249 145396,,,27-Apr-22,DUBLIN CITY,1.09,-6.256043908,53.36687004
53.331116999999999,-6.227426,1586,St Olivers Unit,1586,"St. Mary's School for the Visually Impaired & Blind, Merrion Road, Dublin 4, D04 FP30",01 2605514 086 3099592,01 2605515,,10-Feb-21,DUBLIN CITY,1.09,-6.2276532,53.3311515
53.338774999999998,-6.316263,1200,Inchicore Family Doctors,1200,"St. Michael's Estate, Dublin 8, D08 KW35",01 4166011 809328 087 9561466,01 4535125,info@inchicoredoctors.ie,08-Apr-22,DUBLIN CITY,1.09,-6.316438961,53.33875997
53.324157000000000,-6.394007,5394,CovidAss - Steeple House PCC,0,"Steeple House, Thornfield Square, Watery Lane, Dublin 22, D22 HW58",,,,17-Apr-20,SOUTH DUBLIN,2.264,-6.394289299,53.3242836
53.344155999999998,-6.294378,5494,HSE - St. Patricks Hospital,0,"Steeven's Lane, Dublin 8, D08 FW50",891873 0894678031,,,07-Apr-22,DUBLIN CITY,1.09,-6.2947664,53.3438472
53.345686999999998,-6.29353,1209,HSE - Addiction Centre Dr. Steeven's Hospital,1209,"Steeven's Lane, Dublin 8, D08 YK22",01 6352058 01 6352057 380056 087 2375677,01 6352076,michael.dillon1@hse.ie,08-Apr-22,DUBLIN CITY,1.09,-6.293559705,53.34586908
53.340831999999999,-6.26371,1174,Mercer's Medical Centre,1174,"Stephen Street Lower, Dublin 2, D02 P294",01 4022300 780993,01 4785822,mercersmedicalcentre.gp@healthmail.ie,08-Apr-22,DUBLIN CITY,1.09,-6.2634851,53.34091424
53.354672000000001,-6.365714,2476,Waterstown Medical,2476,"Stewarts Care Limited, Mill Lane, Dublin 20, D20 XT80",01 6581175 686844,,,11-Apr-22,SOUTH DUBLIN,2.264,-6.365394282,53.35471498
53.427731000000001,-6.2141,5557,"Nursing Home - Anovo Nursing Home,",0,"Stockhole, Cloghran, Swords, Co. Dublin, K67 T8P0",437378,,,28-Apr-22,FINGAL,2.212,-6.213250904,53.42777638
53.271847999999999,-6.305294,2016,Bloomfield Health Services,2016,"Stocking Lane, Dublin 16, D16 C6T4",01 4950021 637587 086 1611529,01 4951006,,27-Apr-22,SOUTH DUBLIN,2.264,-6.305127299,53.2720948
53.272480999999999,-6.306265,4208,HSE - Westfield House,0,"Stocking Lane, Dublin 16, D16 Y992",01 4957240 168241,01 4957242,,27-Apr-22,SOUTH DUBLIN,2.264,-6.306018796,53.27236983
53.280161999999997,-6.46795,4143,Nursing Home - Lisheen,0,"Stoney Park, Rathcoole, Co. Dublin, D24 Y042",01 2574500 872582,,,27-Apr-22,SOUTH DUBLIN,2.264,-6.46859844,53.28004594
53.309181000000002,-6.233707,1672,Student Health - UCD,1672,"Student Health Service, Belfield, Dublin 4, D04 V1W8",01 7163133 943633 087 2537513,01 7163145,,15-Apr-22,DUN LAOGHAIRE/RATHDOWN,2.393,-6.233700189,53.30907358
53.287187000000003,-6.376216,1744,"Anver Amod, Tallaght",1744,"Suite 6, Russel Centre, Tallaght Cross West, Dublin 24, D24 DH74",01 4511538 111803 087 9471155,01 4511538,,15-Apr-22,SOUTH DUBLIN,2.264,-6.376200679,53.28714097
53.275503999999998,-6.21905,2246,Medixclinic,2246,"Suite 7 The Mall, Beacon Court, Sandyford Industrial Estate, Dublin 18, D18 N2E2",016874077 676494,,,27-Apr-22,DUN LAOGHAIRE/RATHDOWN,2.393,-6.218731092,53.27579479
53.355781000000000,-6.251913,2399,Summerhill Family Practice,2399,"Summerhill Primary Care Centre, Summerhill, Dublin 1, D01 T6C2",545851,01 8069045,,11-Apr-22,DUBLIN CITY,1.09,-6.2517364,53.3556836
53.355781000000000,-6.251913,5483,HSE - CAMH Summerhill Primary Care,5483,"Summerhill Primary Care Centre, Summerhill, Dublin 1, D01 T6C2",,,,26-Apr-22,DUBLIN CITY,1.09,-6.2517364,53.3556836
53.389681000000003,-6.109505,1057,Sutton Cross Medical Centre,1057,"Sutton Centre, Sutton Cross, Dublin 13, D13 A6C8",01 8326438 649399 086 2243916,01 8326438,suttoncrosssurgery@ericom.net,07-Apr-22,FINGAL,2.212,-6.10946584,53.38953108
53.378380000000000,-6.244632,1972,Other - Highfield Healthcare,0,"Swords Road, Dublin 9, D09 H343",01 8374444 707495,,,26-Apr-22,DUBLIN CITY,1.09,-6.244985619,53.37850939
53.350355000000000,-6.255839,1844,Talbot Street Medical Centre,1844,"Talbot Mall, Talbot Street, Dublin 1, D01 P620",01 8727087 503745 086 8574392,01 8733454,,22-Apr-22,DUBLIN CITY,1.09,-6.255894481,53.35049685
53.283441000000003,-6.374563,5246,CovidTest - Tallaght Stadium,0,"Tallaght Stadium, Whitestown Way, Dublin 24, D24 FNK6",087 6235692  087 6709593,,,24-Mar-20,SOUTH DUBLIN,2.264,-6.375108876,53.28339799
53.290644999999998,-6.378259,5195,HSE - Occupational Health Tallaght,0,"Tallaght University Hospital, Belgard Square North, Dublin 24, D24 NR0A",711805,,,27-Apr-22,SOUTH DUBLIN,2.264,-6.377440201,53.2902355
53.302494000000003,-6.499546,5536,HSE - An Teach Ban,5536,"Teach Bán, Peamount Road, Newcastle, Co. Dublin, D22 A033",01 4013060 184043,,,28-Apr-22,SOUTH DUBLIN,2.264,-6.499403755,53.30272612
53.356892000000002,-6.262045,5185,HSE - Occupational Health Temple Street,0,"Temple Street Children's University Hospital, Temple Street, Dublin 1, D01 YC67",01 8784398 869827,,,01-Apr-22,DUBLIN CITY,1.09,-6.261858009,53.35676713
53.410333000000001,-6.44088,3973,My Family Clinic,3973,"The Clonee Centre, Main Street, Clonee, Co. Meath, D15 H95Y",085 2262999 761244,,gp@myfamilyclinic.ie,27-Apr-22,MEATH,2.034,-6.438008787,53.41173654
53.277825999999997,-6.104192,5527,Other - Menopause Health Unit,1004,"The Courtyard Rere Of 19, Castle Street, Dalkey, Co. Dublin, A96 VY19",015383726 415345,,,12-Apr-22,DUN LAOGHAIRE/RATHDOWN,2.393,-6.1043052,53.2777429
53.301101000000003,-6.176291,1524,Rockcourt Medical Centre,1524,"The Courtyard, 40 Main Street, Blackrock, Co. Dublin, A94 Y1R7",01 2783870 807263,01 2783872,,31-Mar-22,DUN LAOGHAIRE/RATHDOWN,2.393,-6.17618766,53.30123508
53.450805000000003,-6.153935,1176,The Village Medical Centre,1176,"The Diamond, Main Street, Malahide, Co. Dublin, K36 XW83",01 8457777 719610,01 8457777,,08-Apr-22,FINGAL,2.212,-6.153892534,53.45070023
53.345016000000001,-6.253046,4308,HSE - National Drug Treatment Centre,0,"The Drug Treatment Centre, Mccarty Centre, 30/31 Pearse Street, Dublin 2, D02 NY26",01 6488600 780979,,info@dtbc.ie,06-Apr-22,DUBLIN CITY,1.09,-6.253162036,53.34502152
53.358817000000002,-6.385965,4297,Hospital - King's Hospital School,0,"The King's Hospital, Lucan Road Old, Dublin 20, D20 V256",01 6436500 751368,,,06-Apr-22,SOUTH DUBLIN,2.264,-6.3857326,53.3585623
53.358817000000002,-6.385965,5427,Other - Kings Hospital School,5427,"The King's Hospital, Lucan Road Old, Dublin 20, D20 V256",086 3277781,,,18-Aug-20,SOUTH DUBLIN,2.264,-6.3857326,53.3585623
53.275503999999998,-6.21905,4206,Other - NeoFertility Clinic,4206,"The Mall, Beacon Court, Sandyford Industrial Estate, Dublin 18, D18 N2E2",01 2933816 168241 087 9933624,01 2934006,beacon@neofertility.ie,06-Apr-22,DUN LAOGHAIRE/RATHDOWN,2.393,-6.218731092,53.27579479
53.275503999999998,-6.21905,2253,netDRnow  Sandyford,0,"The Mall, Beacon Court, Sandyford Industrial Estate, Dublin 18, D18 PV34",01 9056101 123820 087 3741402,01 9056105,sandyford@gpnowie,27-Apr-22,DUN LAOGHAIRE/RATHDOWN,2.393,-6.218731092,53.27579479
53.336064000000000,-6.26977,1401,Harrington Medical - Camden Clinic,1401,"The Meath Primary Care Centre, Heytesbury Street, Dublin 8, D08 HX97",01 4546786 268323 087 2588307,01 4021432,,12-Apr-22,DUBLIN CITY,1.09,-6.269757495,53.33598648
53.336064000000000,-6.26977,1920,Camden Medical,1920,"The Meath Primary Care Centre, Heytesbury Street, Dublin 8, D08 HX97",01 4536636 224664 087 9266889,01 4021432,lupita.romerodoyle@sicp.ie,22-Apr-22,DUBLIN CITY,1.09,-6.269757495,53.33598648
53.336064000000000,-6.26977,2363,Himerus Health,2363,"The Meath Primary Care Centre, Heytesbury Street, Dublin 8, D08 HX97",01 902 0497 268712 087 1312894,,,27-Apr-22,DUBLIN CITY,1.09,-6.269757495,53.33598648
53.336064000000000,-6.26977,5577,Other - Gay Men's Health Service,1791,"The Meath Primary Care Centre, Heytesbury Street, Dublin 8, D08 HX97",515595,,,12-Apr-22,DUBLIN CITY,1.09,-6.269757495,53.33598648
53.350754000000002,-6.265885,1958,Other - GP Advisor National Cancer Advisory Centre,0,"The National Screening Service, Kings Inn House, 194 Parnell Street, Dublin 1, D01 A3Y8",086 3856143,,,01-Feb-22,DUBLIN CITY,1.09,-6.265794716,53.35066438
53.277734000000002,-6.216146,1333,Centric Health Sandyford Medical And Dental,1333,"The Plaza, Beacon South Quarter, Dublin 18, D18 F729",01 2955010 526799 087 2454748,01 2956528,centricgp.ie/sandyfor_medical/index.html,08-Apr-22,DUN LAOGHAIRE/RATHDOWN,2.393,-6.216265754,53.27761348
53.331617999999999,-6.371102,3368,Parkwest Medical Centre,3368,"The Plaza, Park West Avenue, Park West Business Park, Dublin 12, D12 Y4C0",01 6804399 384771,01 6204399,,26-Apr-22,DUBLIN CITY,1.09,-6.3708079,53.3316766
53.287187000000003,-6.376216,4182,Other - Safetynet Roma GP Clinic,0,"The Russell Centre, Tallaght Cross West, Dublin 24, D24 DH74",958200 0868299977,,info@primarycaresafetynet.ie,27-Apr-22,SOUTH DUBLIN,2.264,-6.376200679,53.28714097
53.344095000000003,-6.258739,1261,Student Health - Trinity College,1261,"The University Of Dublin Trinity College, College Green, Dublin 2, D02 PN40",01 6081556 544243 087 2434171,,,08-Apr-22,DUBLIN CITY,1.09,-6.25872724,53.34419446
53.252631999999998,-6.214028,1856,Stepaside Medical Centre,1856,"The Village, Enniskerry Road, Stepaside Village, Dublin 18, D18 TW61",01 2948988 155678,01 2948700,john@hastingssurgery.ie,22-Apr-22,DUN LAOGHAIRE/RATHDOWN,2.393,-6.214018959,53.25281061
53.288088999999999,-6.139895,5593,HSE - Community Medical Doctors,0,"Tivoli Road, Dun Laoghaire, Co. Dublin, A96 DK64",012365280 379760,,,28-Apr-22,DUN LAOGHAIRE/RATHDOWN,2.393,-6.139780954,53.28823203
53.286306000000003,-6.432187,2075,Swiftbrook Medical Centre,2075,"Tlc Centre, Fortunestown Lane, Dublin 24, D24 K5KC",01 6308877 11950 086 8593028,01 6308857,info@swiftbrookmedical.ie,27-Apr-22,SOUTH DUBLIN,2.264,-6.431573531,53.28642774
53.391474000000002,-6.191161,2474,Nursing Home - TLC Carton,0,"Tonlegee Road, Dublin 5, D05 N5K3",01 9631416 895871,,tlccarton@tlccentre.ie,31-Mar-22,DUBLIN CITY,1.09,-6.191644885,53.39161218
53.451811999999997,-6.152615,1796,Temenos Medical Centre,1796,"Townyard House, Townyard Lane, Malahide, Co. Dublin, K36 Y622",01 8455994 163048,01 8455992,,22-Apr-22,FINGAL,2.212,-6.152439685,53.4518038
53.451811999999997,-6.152615,2394,Townyard House Medical Centre,0,"Townyard House, Townyard Lane, Malahide, Co. Dublin, K36 Y622",01 5525428,,,24-Apr-20,FINGAL,2.212,-6.152439685,53.4518038
53.419511000000000,-6.383995,1541,Tyrrelstown Medical Centre - Primacare,1541,"Tyrellstown Plaza, Dublin 15, D15 K667",01 8856380  01 8856381  136264 087 7496759,01 8273782,tyrellstown@primacare.ie,15-Apr-22,FINGAL,2.212,-6.384193327,53.41936199
53.286759000000004,-6.242454,1553,Centric Health - Dundrum Medical,1553,"Unit 1 Level 4, Dundrum Town Centre, Sandyford Road, Dublin 16, D16 XC91",01 2166960 319827 087 7496759,01 2166978,,15-Apr-22,DUN LAOGHAIRE/RATHDOWN,2.393,-6.242760622,53.28663859
53.401344000000002,-6.258824,2142,Santry GP.ie Clinic,2142,"Unit 1 Northwood House, Northwood Business Park, Santry, Dublin 9, D09 E289",01 8420007 609027 086 8526188,01 8579652,,27-Apr-22,FINGAL,2.212,-6.259132838,53.40134922
53.276204000000000,-6.158256,5495,Tully Family Practice,5495,"Unit 1, Bakers Point, Pottery Road, Dun Laoghaire, A96 Y80F",786667 0858776808,,,28-Apr-22,DUN LAOGHAIRE/RATHDOWN,2.393,-6.15786653,53.27582552
53.276024000000000,-6.249555,2273,Ballinteer Medical,2273,"Unit 1, Ballinteer Business Centre, Ballinteer Avenue, Dublin 16, D16 X0H2",01 5079977 708904,01 5079970,,27-Apr-22,DUN LAOGHAIRE/RATHDOWN,2.393,-6.249380091,53.27591626
53.281894999999999,-6.294781,3299,Ballyboden Medical,3299,"Unit 1, Ballyboden Shopping Centre, Taylor's Lane, Dublin 16, D16 RK74",01 4942286 411804,01 4965262,,26-Apr-22,SOUTH DUBLIN,2.264,-6.294856359,53.28172323
53.419508999999998,-6.382697,2094,Oakland Clinic,2094,"Unit 1, Block D, Tyrellstown Plaza, Dublin 15, D15 V292",01 8272327 01 8275912 789606,01 8272951,,11-Apr-22,FINGAL,2.212,-6.382757853,53.41966416
53.402113999999997,-6.297559,4273,Melville Medical Clinic,4273,"Unit 10 Meakstown Neighbourhood Centre, Melville Road, Meakstown Finglas, Dublin 11, D11 TXP3",01 8422522 088303,,,27-Apr-22,FINGAL,2.212,-6.297677695,53.40213672
53.384405000000001,-6.400632,3379,HSE - Addiction Resource Blanchardstown  Centre,0,"Unit 104a Dillon House, Porters Road, Coolmine Industrial Estate, Dublin 15, D15 DX00",01 8219140 526102,,,26-Apr-22,FINGAL,2.212,-6.400721543,53.38420864
53.296716000000004,-6.297408,1356,Solas Medical Centre,1356,"Unit 12Rathfarnham Shopping Centre, Butterfield Avenue, Dublin 14, D14 VP03",01 4943119 104355 087 2491809,01 4069770,meslevin@gofree.indigo.ie,11-Apr-22,SOUTH DUBLIN,2.264,-6.297062174,53.29664053
53.292568000000003,-6.267265,2566,The Gables Medical Centre,2566,"Unit 13 Nutgrove Retail Park, Nutgrove Avenue, Rathfarnham, Dublin 14, D14 NT35",01 2988488 560243,01 2980287,,11-Apr-22,DUN LAOGHAIRE/RATHDOWN,2.393,-6.267167486,53.29288332
53.372923999999998,-6.360864,5545,The Work Doctor,2375,"Unit 14 Ashleigh Centre, Castleknock Road, Castleknock, Dublin 15, D15 EW2R",01 8218551 488226,,theworkdoctor@gmail.com,28-Apr-22,FINGAL,2.212,-6.360604468,53.3729029
53.285902000000000,-6.375708,5580,Dr Maria Galdon-Blesa,5580,"Unit 14, Belgard Square West, Dublin 24, D24 K5W9",604909,,,28-Apr-22,SOUTH DUBLIN,2.264,-6.375530941,53.28580452
53.347757999999999,-6.278864,2449,Plaza Health,2449,"Unit 16, Block C, Smithfield Market, Dublin 7, D07 V583",01 4440709 797557 085 1573345,01 4440709,hello@PlazaHealth.ie,11-Apr-22,DUBLIN CITY,1.09,-6.278881524,53.34764336
53.283000000000001,-6.317818,3307,GP Practice,3307,"Unit 19/20, Knocklyon Shopping Centre, Idrone Avenue, Dublin 16, D16 EA36",01 4934321 753485,01 4951955,,26-Apr-22,SOUTH DUBLIN,2.264,-6.317732647,53.28315481
53.401757000000003,-6.302279,2485,HSE - Finglas Mental Health,0,"Unit 1c, Century Business Park, Dublin 11, D11 RR82",01 8443263 460758,,,31-Mar-22,FINGAL,2.212,-6.302064568,53.40171523
53.454453000000001,-6.222611,2415,Salus Medical Clinic,2415,"Unit 2 Albany House, Main Street, Swords, Co. Dublin, K67 X2H5",01 8405352 175782,01 8079044,,11-Apr-22,FINGAL,2.212,-6.222832838,53.45429772
53.321325999999999,-6.315748,1530,Crumlin Family Practice,1530,"Unit 2, Windmill Lodge, Windmill Road, Dublin 12, D12 XT54",01 4556858 931739 087 2530438,01 4557299,,15-Apr-22,DUBLIN CITY,1.09,-6.315526634,53.32127609
53.388514000000001,-6.167089,1025,Clannad Medical Centre,1025,"Unit 25/26 Kilbarrack Shopping Centre, Swan's Nest Road, Dublin 5, D05 H6Y6",01 8480855 688855 087 6797970,01 8483603,clannadmedicalcentre@gmail.com,07-Apr-22,DUBLIN CITY,1.09,-6.167231598,53.38818966
53.278373999999999,-6.163387,1503,Deansgrange Medical Centre,1503,"Unit 3 2 Clonkeen Road, Deansgrange, Blackrock, Co. Dublin, A94 A4E4",01 2892116 702414 087 9839604,01 2898143,,31-Mar-22,DUN LAOGHAIRE/RATHDOWN,2.393,-6.163548298,53.27849222
53.349412000000001,-6.279455,3827,"Family Health Care, Thundercut Alley",3827,"Unit 3 Block E, Smithfield Market, Smithfield, Dublin 7, D07 VH01",01 8788471 422534,,,27-Apr-22,DUBLIN CITY,1.09,-6.279640417,53.34942555
53.338258000000003,-6.400693,1734,Neilstown Surgery,1734,"Unit 3 Neilstown Shopping Centre, Neilstown Road, Dublin 22, D22 T0A8",01 4573975 691251 087 1304212,01 4574265,croninneilstown@eircom.net,15-Apr-22,SOUTH DUBLIN,2.264,-6.400715269,53.33843714
53.347383000000001,-6.285065,5054,Family Health Care (Polska Przychodnia Rodzinna),0,"Unit 3, Block E, Thundercut Alley, Dublin 7, D07 YH01",01 8788471 862460 085 1024218,,,27-Apr-22,DUBLIN CITY,1.09,-6.285073937,53.34733044
53.386710999999998,-6.376592,1279,D15 GP Clinic,1279,"Unit 3, Main Street, Blanchardstown, Dublin 15, D15 YP03",01 8217365 185644 087 2235532,01 8202546,anasovi@live.ie,08-Apr-22,FINGAL,2.212,-6.37668848,53.38675656
53.342748999999998,-6.257482,5085,Tir na nOg Clinic,0,"Unit 31, Morrison Chambers, 32 Nassau Street, Dublin 2, D02 WE12",01 8324283 496092 086 8755979,,info@tirnanogclinic.com,27-Apr-22,DUBLIN CITY,1.09,-6.257429866,53.34283118
53.393000000000001,-6.390181,2741,The Blanchardstown Centre Surgery,2741,"Unit 331, The Blanchardstown Centre, Dublin 15, D15 A362",01 8227779 606545,01 8227797,,19-Apr-22,FINGAL,2.212,-6.390021452,53.39309334
53.361131999999998,-6.298731,2344,The Milligan Family Practice,2344,"Unit 3a, Maple Shopping Centre, Navan Road, Dublin 7, D07 H3NH",01 9060888 532561,,,27-Apr-22,DUBLIN CITY,1.09,-6.298349599,53.36104275
53.357312000000000,-6.37537,3653,Palmerstown Medical Centre,3653,"Unit 4, Aldi Centre, Lucan Road Old, Dublin 20, D20 EK76",01 6038022 209968,,,27-Apr-22,SOUTH DUBLIN,2.264,-6.375593379,53.35735657
53.404791000000003,-6.179043,4258,Northern Cross Medical Centre,4258,"Unit 4, Burnell Court, Malahide Road, Dublin 17, D17 KF95",01 4445977 380452 089 9530538,01 5521029,northerncrossmedicalcentre@gmail.com,27-Apr-22,DUBLIN CITY,1.09,-6.178392451,53.40468472
53.295613000000003,-6.341456,1687,Dr Daly,1687,"Unit 4, Castletymon Shopping Centre, Tymon Road, Dublin 24, D24 TP8N",01 4599248 648651 087 2582034,01 459939,,15-Apr-22,SOUTH DUBLIN,2.264,-6.341038309,53.29547235
53.322654999999997,-6.393016,3330,Centric Health - Village Medical Centre,3330,"Unit 4, Village Centre, Watery Lane, Dublin 22, D22 P3Y8",01 4592596 205250,01 4589538,,26-Apr-22,SOUTH DUBLIN,2.264,-6.393297133,53.32261345
53.411335000000001,-6.373491,5452,HSE - Public Health,0,"Unit 4/5 The Nexus Building, Blanchardstown Corporate Park 1, Dublin 15, D15 CF9K",01 8975101,,,07-Aug-20,FINGAL,2.212,-6.373656208,53.41114028
53.394734000000000,-6.162426,2734,Donaghmede Medical Clinic,2734,"Unit 40a, Donaghmede Shopping Centre, Grange Road, Dublin 13, D13 V9X6",01 8482922 507217,,,19-Apr-22,DUBLIN CITY,1.09,-6.163122618,53.39513604
53.260952000000003,-6.221064,2435,D18 Medical,2435,"Unit 40B Belarmine Plaza, Belarmine Avenue, Belarmine, Dublin 18, D18 W5W9",01 6523355 728148,,,11-Apr-22,DUN LAOGHAIRE/RATHDOWN,2.393,-6.221065526,53.26087639
53.401730999999998,-6.40776,2707,Huntstown Medical Centre,2707,"Unit 5 Pinewood House, Huntstown Way, Dublin 15, D15 TP93",01 8206598 161136,01 8220646,marygemmajim@yahoo.com,12-Apr-22,FINGAL,2.212,-6.407874358,53.40156285
53.363703000000001,-6.219543,4151,Other - Bodymed-physio Centre,0,"Unit 5 The Seapoint Building, 44/45 Clontarf Road, Dublin 3, D03 P903",,,,29-May-18,DUBLIN CITY,1.09,-6.219764334,53.36373239
53.345171999999998,-6.238464,1815,Hanover Medical Centre,1815,"Unit 5, Lazer Lane, Dublin 2, D02 RF77",01 6750040 431000 085 7594965,01 664123,,22-Apr-22,DUBLIN CITY,1.09,-6.23844237,53.34528293
53.279843000000000,-6.445379,5502,Slade Castle Family Practice,5502,"Unit 6, Slade Castle Court, Saggart, Co. Dublin, D24 NTE2",014587363 470023 0868051925,,,28-Apr-22,SOUTH DUBLIN,2.264,-6.445164939,53.27985452
53.322654999999997,-6.393016,4126,Dr K Olinger,0,"Unit 6, Village Centre, Watery Lane, Dublin 22, D22 V2H9",01 4589381 992259,01 4589538,,27-Apr-22,SOUTH DUBLIN,2.264,-6.393297133,53.32261345
53.422541000000002,-6.135228,2436,Kingsford Medical Centre,2436,"Unit 6Kingsford Cross, Strand Road, Portmarnock, Co. Dublin, D13 NW18",01 5676300 568126,01 5676301,,11-Apr-22,FINGAL,2.212,-6.13504686,53.42243536
53.268667000000001,-6.242697,5526,Blackglen Medical Centre,1716,"Unit 7 Blackglen Village Centre, Blackglen Road, Simon's Ridge, Dublin 18, D18 KN23",012161575 577562,014952185,,28-Apr-22,DUN LAOGHAIRE/RATHDOWN,2.393,-6.242907912,53.2687346
53.385829000000001,-6.174462,1058,Centric Health Raheny Medical,1058,"Unit 7, Hilltop, Raheny Road, Dublin 5, D05 F625",01 9031300 177519,01 8310593,,07-Apr-22,DUBLIN CITY,1.09,-6.174810196,53.38585499
53.321176999999999,-6.394735,1749,Tower Medical Centre,1749,"Unit 8, Tower Shopping Centre, Tower Road, Dublin 22, D22 N778",01 4594211 418544 087 6475695,01 4643689,,15-Apr-22,SOUTH DUBLIN,2.264,-6.395169234,53.32114271
53.391976999999997,-6.248229,2728,Omni Park Medical Centre,2728,"Unit 87, Omni Park Shopping Centre, Swords Road, Dublin 9, D09 K021",01 8425901 607467,01 8620303,,12-Apr-22,DUBLIN CITY,1.09,-6.248814615,53.39238643
53.374805000000002,-6.363211,2374,Generation Health Clinic,2374,"Unit 9a Castlecourt Shopping Centre, Castleknock Road, Dublin 15, D15 HPW0",01 8235367 330068,,,27-Apr-22,FINGAL,2.212,-6.363521472,53.37477757
53.339255999999999,-6.236422,1656,Barrow Medical,1656,"Unit E2, The Gasworks, Barrow Street, Dublin 4, D04 C1K7",01 6347007 208947 086 8535515,01 6347006,,15-Apr-22,DUBLIN CITY,1.09,-6.236643165,53.33927587
53.369303000000002,-6.19411,5408,CovidAss - Vernon Ave,0,"Vernon Avenue Health Centre, 161-171 Vernon Avenue, Dublin 3, D03 WT26",,,,17-Apr-20,DUBLIN CITY,1.09,-6.194496203,53.36932411
53.327055999999999,-6.344058,5170,VHI Hospital at Home,0,"Vhi Corporate Solutions, Waverley Business Park, Old Naas Road, Dublin 12, D12 H340",01 4039474 197616,01 4039475,,07-Apr-22,DUBLIN CITY,1.09,-6.343897818,53.32736432
53.348708000000002,-6.25604,5597,VHI Health and Wellbeing,0,"Vhi House, Abbey Street Lower, Dublin 1, D01 DX77",056 4444444 256191,,,07-Apr-22,DUBLIN CITY,1.09,-6.255965045,53.34853427
53.346272999999997,-6.284103,5449,Other - Step Up Step Down Intermediate Care Unit,0,"Voluntary Drug Treatment Network, Watling Street, Dublin 8, D08 Y56E",01 6498604,,,07-Jul-20,DUBLIN CITY,1.09,-6.28423826,53.34629573
53.393934999999999,-6.124665,2148,Dr Brian Walsh,2148,"Warren House, 16 Warrenhouse Road, Dublin 13, D13 TR53",01 8395512 01 8391081 230375,,,27-Apr-22,FINGAL,2.212,-6.124802606,53.39420104
53.385331000000001,-6.311617,5412,CovidAss - Wellmount,0,"Wellmount Health Centre, Wellmount Park, Dublin 11, D11 RH76",,,,17-Apr-20,DUBLIN CITY,1.09,-6.31115243,53.38532625
53.392125000000000,-6.384998,1465,Medical Suite,1465,"Westpoint Medical, Blanchardstown Centre, Dublin 15, D15 X624",01 8113177 579313,01 8342560,,15-Apr-22,FINGAL,2.212,-6.385239136,53.39198763
53.308039999999998,-6.237343,2020,Moe Family Practice,2020,"Woodlawn, Clonskeagh Road, Dublin 14, D14 X5R3",01 2691155 560076,01 6674642,,14-Apr-22,DUN LAOGHAIRE/RATHDOWN,2.393,-6.237392213,53.30816063
53.275798999999999,-6.330458,1549,Primacare Knocklyon,0,"Woodstown Shopping Centre, Ballycullen Road, Knocklyon, Dublin 16, D16 A6P4",01 4630962 1890 703 703 521909,01 4630538,,15-Apr-22,SOUTH DUBLIN,2.264,-6.330484873,53.27588995
53.353606999999997,-6.460023,1369,Dodsboro Clinic,1369,"Woodview Court, Tandys Lane, Lucan, Co. Dublin, K78 Y4C9",01 6241181 509723 087 2585451,01 6249089,admindodsboroclinic.com,12-Apr-22,SOUTH DUBLIN,2.264,-6.459825982,53.35349344